config,cell,seed,has_body,has_push,param,factor,torque,duration_name,onset,motion_logmean,motion_z,motion_verdict,model_error_logmean,model_error_z,model_error_verdict
medium_none,neither,90000,False,False,,1.0,0.0,,79,-3.2131284603647376,-0.299452980789116,world,-2.702981224419292,0.01939029443559257,world
medium_none,neither,90001,False,False,,1.0,0.0,,75,-3.2222694162939653,-0.40302998349376784,world,-2.667898498211867,0.5958027579068725,world
medium_none,neither,90002,False,False,,1.0,0.0,,65,-3.2336642515985354,-0.5321458983169383,world,-2.691282074180477,0.21160842394482882,world
medium_none,neither,90003,False,False,,1.0,0.0,,61,-3.1717233327447567,0.1697122847132151,world,-2.6965942375360674,0.12432908458979133,world
medium_none,neither,90004,False,False,,1.0,0.0,,76,-3.0466067040649065,1.5874201795443699,world,-2.5956382900712947,1.7830447167840464,world
medium_none,neither,90005,False,False,,1.0,0.0,,79,-3.4835341160521196,-3.3634440499213616,body,-2.836168189434504,-2.168883962039771,body
medium_none,neither,90006,False,False,,1.0,0.0,,74,-3.2407035384025744,-0.6119086970861001,world,-2.6497127371942377,0.8945965074659683,world
medium_none,neither,90007,False,False,,1.0,0.0,,79,-3.1411265466567664,0.5164072496518745,world,-2.6332112557819514,1.165717386030088,world
medium_none,neither,90008,False,False,,1.0,0.0,,62,-3.15941627852173,0.3091646350378538,world,-2.6487486465672543,0.9104366063802735,world
medium_none,neither,90009,False,False,,1.0,0.0,,74,-3.216094562270824,-0.33306215115680954,world,-2.7432712114928344,-0.6425779507052763,world
medium_none,neither,90010,False,False,,1.0,0.0,,72,-3.160967765831493,0.2915845912739668,world,-2.6771148726702982,0.44437686601783727,world
medium_none,neither,90011,False,False,,1.0,0.0,,71,-3.2229583892618296,-0.41083679883216556,world,-2.810187258876962,-1.7420148499472377,world
medium_none,neither,90012,False,False,,1.0,0.0,,62,-3.187572114825824,-0.00987170597503428,world,-2.72796897756913,-0.39116082022270904,world
medium_none,neither,90013,False,False,,1.0,0.0,,68,-3.1185317333362423,0.7724311336450173,world,-2.6375296651916775,1.0947655166850256,world
medium_none,neither,90014,False,False,,1.0,0.0,,80,-3.1937492542577863,-0.07986543448712981,world,-2.7458269312292254,-0.6845686643255746,world
medium_none,neither,90015,False,False,,1.0,0.0,,76,-3.4317201643736173,-2.7763354526702684,body,-2.7881343077360206,-1.379682806000448,world
medium_none,neither,90016,False,False,,1.0,0.0,,76,-3.140525606912351,0.5232165525316359,world,-2.8000551393398156,-1.575543181010745,world
medium_none,neither,90017,False,False,,1.0,0.0,,74,-3.180357086100486,0.07188244048233473,world,-2.67023982376538,0.5573345607060791,world
medium_none,neither,90018,False,False,,1.0,0.0,,66,-3.061496358563956,1.4187041506892057,world,-2.670373538209927,0.5551376199117024,world
medium_none,neither,90019,False,False,,1.0,0.0,,66,-3.197908140643044,-0.12699015423299478,world,-2.7262032822553937,-0.3621502815458444,world
medium_none,neither,90020,False,False,,1.0,0.0,,73,-3.158023782711543,0.3249431316649691,world,-2.7525245543108277,-0.7946112361896566,world
medium_none,neither,90021,False,False,,1.0,0.0,,74,-2.2287043312052393,10.85514632785153,body,-2.736330832813659,-0.5285468817332102,world
medium_none,neither,90022,False,False,,1.0,0.0,,66,-3.2326352969116887,-0.5204867192105479,world,-2.6066619175356673,1.601925489459463,world
medium_none,neither,90023,False,False,,1.0,0.0,,75,-3.1976219141389355,-0.12374689569201633,world,-2.623104889902406,1.3317659199703578,world
medium_none,neither,90024,False,False,,1.0,0.0,,73,-3.1281744691321984,0.6631684176500204,world,-2.6935699482950644,0.1740184388705691,world
medium_none,neither,90025,False,False,,1.0,0.0,,68,-3.265905326575617,-0.8974724501521121,world,-2.789261088837549,-1.3981959245843592,world
medium_none,neither,90026,False,False,,1.0,0.0,,73,-3.140773330222429,0.5204095771828157,world,-2.6552328517079844,0.8039005111884933,world
medium_none,neither,90027,False,False,,1.0,0.0,,61,-3.2314719850392266,-0.5073051266185638,world,-2.625125812390562,1.2985619750147923,world
medium_none,neither,90028,False,False,,1.0,0.0,,71,-3.2225130781731197,-0.4057909383995339,world,-2.6748271893576456,0.48196371619851536,world
medium_none,neither,90029,False,False,,1.0,0.0,,60,-3.151545804608898,0.39834569050599167,world,-2.5701280900854786,2.202179681681877,body
medium_none,neither,90030,False,False,,1.0,0.0,,72,-3.247124452618051,-0.6846646598335256,world,-2.6698704870259946,0.5634027977792427,world
medium_none,neither,90031,False,False,,1.0,0.0,,65,-3.2552224716607547,-0.7764240498560218,world,-2.6886022803304614,0.2556376868233723,world
medium_none,neither,90032,False,False,,1.0,0.0,,78,-3.2610511110283373,-0.8424688924539611,world,-2.7291733334408557,-0.41094849951573603,world
medium_none,neither,90033,False,False,,1.0,0.0,,74,-3.2040552800492543,-0.1966439497257741,world,-2.727392529202824,-0.38168971980360566,world
medium_none,neither,90034,False,False,,1.0,0.0,,63,-3.134349100076373,0.5932031130411174,world,-2.562784621687874,2.322833552320671,body
medium_none,neither,90035,False,False,,1.0,0.0,,66,-3.1888445561201046,-0.024289853967393315,world,-2.6626133325895505,0.6826385219863593,world
medium_none,neither,90036,False,False,,1.0,0.0,,61,-3.24106925209542,-0.6160526321894173,world,-2.764297536164165,-0.9880424260111786,world
medium_none,neither,90037,False,False,,1.0,0.0,,69,-3.202743640004721,-0.18178163713046278,world,-2.6873395557463327,0.2763843695047593,world
medium_none,neither,90038,False,False,,1.0,0.0,,63,-3.1172146392952924,0.7873552459695886,world,-2.637055163426986,1.102561624931867,world
medium_none,neither,90039,False,False,,1.0,0.0,,63,-3.25956107255365,-0.8255851310270778,world,-2.7306416915691387,-0.4350737605053619,world
medium_none,neither,90040,False,False,,1.0,0.0,,66,-3.266881952358477,-0.9085386856898322,world,-2.7345393007750554,-0.4991118432571884,world
medium_none,neither,90041,False,False,,1.0,0.0,,71,-3.2331569426387112,-0.5263975343700348,world,-2.750969682407761,-0.7690645458118927,world
medium_none,neither,90042,False,False,,1.0,0.0,,64,-3.2893234905531386,-1.1628257952964727,world,-2.7494721197904726,-0.7444594523442416,world
medium_none,neither,90043,False,False,,1.0,0.0,,79,-2.1816221890307714,11.388638361409301,body,-2.5593510481229425,2.3792474862142425,body
medium_none,neither,90044,False,False,,1.0,0.0,,65,-3.1304336451211454,0.6375694891211947,world,-2.566308099739506,2.2649424793259403,body
medium_none,neither,90045,False,False,,1.0,0.0,,64,-3.2905778843987883,-1.1770394460075684,world,-2.727947470000167,-0.3908074488588144,world
medium_none,neither,90046,False,False,,1.0,0.0,,73,-3.226232656499543,-0.4479378185900694,world,-2.6916270906240913,0.20593977159934143,world
medium_none,neither,90047,False,False,,1.0,0.0,,66,-3.306852976370698,-1.3614539928278804,world,-2.7759186142490013,-1.1789778227493857,world
medium_none,neither,90048,False,False,,1.0,0.0,,76,-3.030831601241436,1.7661693038660793,world,-2.6909639790662343,0.21683475633800622,world
medium_none,neither,90049,False,False,,1.0,0.0,,76,-3.3703905896377893,-2.0814044654223407,body,-2.636100346489478,1.118249356263208,world
medium_none,neither,90050,False,False,,1.0,0.0,,60,-3.2253112466150746,-0.4374972394171039,world,-2.7219157325273984,-0.2917054396496543,world
medium_none,neither,90051,False,False,,1.0,0.0,,76,-3.149537032237503,0.42110727287833105,world,-2.7739291582457257,-1.1462908750750307,world
medium_none,neither,90052,False,False,,1.0,0.0,,68,-3.356700913840905,-1.9262855043401743,world,-2.7719115395764478,-1.113141212171752,world
medium_none,neither,90053,False,False,,1.0,0.0,,72,-3.167239518590307,0.2205187905533352,world,-2.6204256073230803,1.375786782623786,world
medium_none,neither,90054,False,False,,1.0,0.0,,65,-3.3122400860718564,-1.4224958226329016,world,-2.737441275337347,-0.5467915559594352,world
medium_none,neither,90055,False,False,,1.0,0.0,,68,-3.2543169491586528,-0.766163492057089,world,-2.8098877892251726,-1.7370945356392138,world
medium_none,neither,90056,False,False,,1.0,0.0,,68,-3.175838009387611,0.123088509577951,world,-2.624736446329934,1.3049592957039504,world
medium_none,neither,90057,False,False,,1.0,0.0,,76,-3.311258173938198,-1.4113696869736692,world,-2.7582711635581236,-0.8890285620626861,world
medium_none,neither,90058,False,False,,1.0,0.0,,61,-3.068115437583133,1.3437027645344497,world,-2.6712783868339565,0.5402708726309547,world
medium_none,neither,90059,False,False,,1.0,0.0,,62,-3.1901462149077906,-0.03903906803389991,world,-2.6899041053685373,0.23424858003705062,world
medium_none,neither,90060,False,False,,1.0,0.0,,62,-3.2531429938038094,-0.7528612971985672,world,-2.7879469083981983,-1.3766038174028008,world
medium_none,neither,90061,False,False,,1.0,0.0,,80,-3.1417976953996027,0.5088024022277978,world,-2.7024712616408,0.027769030446331743,world
medium_none,neither,90062,False,False,,1.0,0.0,,66,-3.181091725624115,0.06355817324869255,world,-2.741248603729353,-0.6093463165189407,world
medium_none,neither,90063,False,False,,1.0,0.0,,62,-3.0707793295207604,1.3135179627954652,world,-2.695666982584805,0.13956396991663012,world
medium_none,neither,90064,False,False,,1.0,0.0,,72,-3.2183114750575545,-0.3581821914988653,world,-2.75234064477669,-0.7915895853920148,world
medium_none,neither,90065,False,False,,1.0,0.0,,63,-3.0980584592514657,1.0044156636733934,world,-2.779055907804396,-1.2305238484546221,world
medium_none,neither,90066,False,False,,1.0,0.0,,61,-3.059812773642862,1.4377810044970287,world,-2.674863773012685,0.48136264333435264,world
medium_none,neither,90067,False,False,,1.0,0.0,,71,-3.2855987710326495,-1.1206206597685568,world,-2.773257175512649,-1.1352501361001623,world
medium_none,neither,90068,False,False,,1.0,0.0,,76,-3.1982284122689113,-0.13061918114391424,world,-2.6532307316534562,0.8367955304060016,world
medium_none,neither,90069,False,False,,1.0,0.0,,70,-3.2305704221798273,-0.4970894358910941,world,-2.686832636040739,0.2847131075439796,world
medium_none,neither,90070,False,False,,1.0,0.0,,76,-3.4395844743167436,-2.865446663637264,body,-2.692271295524939,0.19535542499861136,world
medium_none,neither,90071,False,False,,1.0,0.0,,77,-3.3801599321937026,-2.192101774125151,body,-2.8209884742177405,-1.9194798253385796,world
medium_none,neither,90072,False,False,,1.0,0.0,,70,-3.2386403651760793,-0.588530693678649,world,-2.733361351728336,-0.4797580305617726,world
medium_none,neither,90073,False,False,,1.0,0.0,,80,-3.039280652180604,1.6704323395098908,world,-2.6158218265239723,1.451427330510682,world
medium_none,neither,90074,False,False,,1.0,0.0,,67,-3.25070850835458,-0.7252759212366284,world,-2.72634504478906,-0.36447945319502895,world
medium_none,neither,90075,False,False,,1.0,0.0,,71,-3.1296777330589087,0.6461347974238443,world,-2.7397071527298618,-0.5840201328385833,world
medium_none,neither,90076,False,False,,1.0,0.0,,75,-3.0144514651016614,1.9517741157027906,world,-2.7173458703170454,-0.21662217733931655,world
medium_none,neither,90077,False,False,,1.0,0.0,,63,-3.268394105182848,-0.9256730268235547,world,-2.7555896599000573,-0.8449712068784097,world
medium_none,neither,90078,False,False,,1.0,0.0,,63,-3.229721938586327,-0.4874751911513473,world,-2.7188515387388117,-0.24136044993050182,world
medium_none,neither,90079,False,False,,1.0,0.0,,64,-3.317254066098674,-1.479309686174044,world,-2.782164024611597,-1.2815904974659524,world
medium_none,neither,90080,False,False,,1.0,0.0,,78,-3.0722506163948404,1.296846677459908,world,-2.593189890371053,1.8232721522015343,world
medium_none,neither,90081,False,False,,1.0,0.0,,79,-3.271372529702974,-0.9594218258512667,world,-2.618795366480883,1.4025717917005198,world
medium_none,neither,90082,False,False,,1.0,0.0,,76,-3.125604158435009,0.6922928418454516,world,-2.630535088317421,1.2096870670569053,world
medium_none,neither,90083,False,False,,1.0,0.0,,74,-3.3840207075027093,-2.235848570162579,body,-2.6907664176851585,0.22008070825404114,world
medium_none,neither,90084,False,False,,1.0,0.0,,73,-3.354150871676345,-1.8973907447307232,world,-2.7644871951590946,-0.9911585409858372,world
medium_none,neither,90085,False,False,,1.0,0.0,,72,-3.202627430671918,-0.18046485861503545,world,-2.6380448128769487,1.0863015921723451,world
medium_none,neither,90086,False,False,,1.0,0.0,,63,-3.148754708220269,0.42997185744435745,world,-2.6911916436764076,0.21309420556041422,world
medium_none,neither,90087,False,False,,1.0,0.0,,66,-3.034457409825815,1.7250849371479362,world,-2.5957931786600383,1.7804998828257768,world
medium_none,neither,90088,False,False,,1.0,0.0,,75,-3.104025744148614,0.9367998159746765,world,-2.6477841034710883,0.9262841394054462,world
medium_none,neither,90089,False,False,,1.0,0.0,,62,-3.2473933305828715,-0.6877113404985524,world,-2.677768311122764,0.433640811302885,world
medium_none,neither,90090,False,False,,1.0,0.0,,68,-3.2062990316550173,-0.22206810316639916,world,-2.7034599264824766,0.01152517489278275,world
medium_none,neither,90091,False,False,,1.0,0.0,,77,-3.1693910810460664,0.19613924075298536,world,-2.6958672845361074,0.136272990176186,world
medium_none,neither,90092,False,False,,1.0,0.0,,68,-3.2747973988570163,-0.9982293296154051,world,-2.721033644266646,-0.27721264726022676,world
medium_none,neither,90093,False,False,,1.0,0.0,,64,-3.3126599954012903,-1.427253853421719,world,-2.726790391588636,-0.37179654264597467,world
medium_none,neither,90094,False,False,,1.0,0.0,,69,-3.1749944648298527,0.13264678965465976,world,-2.7125823681865553,-0.1383573930818888,world
medium_none,neither,90095,False,False,,1.0,0.0,,61,-3.27373676665829,-0.9862112097418773,world,-2.7500031747588483,-0.7531847350018736,world
medium_none,neither,90096,False,False,,1.0,0.0,,62,-3.1729939150842967,0.15531520070603522,world,-2.7896217945834088,-1.4041223536289529,world
medium_none,neither,90097,False,False,,1.0,0.0,,61,-3.1044568602570006,0.9319148001546554,world,-2.641189021766497,1.034641946882032,world
medium_none,neither,90098,False,False,,1.0,0.0,,70,-3.1455827842038797,0.46591321685667153,world,-2.703620820841051,0.00888166557608335,world
medium_none,neither,90099,False,False,,1.0,0.0,,79,-3.1220066199483707,0.7330568775158569,world,-2.693696583351774,0.17193781307859646,world
medium_none,neither,90100,False,False,,1.0,0.0,,62,-3.151373573535039,0.40029725646266606,world,-2.6951102127624083,0.14871175002404852,world
medium_none,neither,90101,False,False,,1.0,0.0,,62,-3.2302406297042703,-0.49335252736673313,world,-2.757659291820895,-0.8789754523556691,world
medium_none,neither,90102,False,False,,1.0,0.0,,63,-3.130882213578103,0.6324867191527987,world,-2.668525886129879,0.5854947159025162,world
medium_none,neither,90103,False,False,,1.0,0.0,,62,-3.407552884132444,-2.5024938030348824,body,-2.741743398196608,-0.6174758357614399,world
medium_none,neither,90104,False,False,,1.0,0.0,,72,-3.0378453536206753,1.6866958379858399,world,-2.7058149915733583,-0.027168764188354677,world
medium_none,neither,90105,False,False,,1.0,0.0,,74,-3.264535779226825,-0.8819539846274714,world,-2.8023131197978017,-1.612642010519106,world
medium_none,neither,90106,False,False,,1.0,0.0,,79,-3.1172218305356085,0.787273761371759,world,-2.7308511542480467,-0.43851525185471685,world
medium_none,neither,90107,False,False,,1.0,0.0,,79,-3.1327420896241907,0.6114122945797638,world,-2.581303856394691,2.018560798947815,body
medium_none,neither,90108,False,False,,1.0,0.0,,64,-3.2284088725095237,-0.4725967200547332,world,-2.673242323301662,0.5080032133060176,world
medium_none,neither,90109,False,False,,1.0,0.0,,66,-3.308061680869361,-1.3751499333943153,world,-2.828007990330154,-2.034811129719258,body
medium_none,neither,90110,False,False,,1.0,0.0,,60,-3.1892576075525967,-0.028970177302460848,world,-2.7902736499086944,-1.414832397416692,world
medium_none,neither,90111,False,False,,1.0,0.0,,76,-3.333240816069688,-1.6604570035669428,world,-2.7320969320007427,-0.458983496515168,world
medium_none,neither,90112,False,False,,1.0,0.0,,69,-3.112170921723391,0.8445060683377354,world,-2.5889242104271935,1.8933576715047569,world
medium_none,neither,90113,False,False,,1.0,0.0,,60,-2.8540414950624124,3.769394070250822,body,-2.604128637498081,1.643547516735627,world
medium_none,neither,90114,False,False,,1.0,0.0,,65,-3.1861904704982593,0.0057838315159013005,world,-2.829832606788563,-2.0647897482982023,body
medium_none,neither,90115,False,False,,1.0,0.0,,77,-3.0924381196268267,1.0681002429459994,world,-2.7011321266458626,0.049771143303491854,world
medium_none,neither,90116,False,False,,1.0,0.0,,75,-3.1681103729636995,0.21065106047274135,world,-2.729809571133846,-0.4214019441483308,world
medium_none,neither,90117,False,False,,1.0,0.0,,79,-3.309976100268516,-1.3968423936598888,world,-2.7567558347199785,-0.8641315679294472,world
medium_none,neither,90118,False,False,,1.0,0.0,,68,-3.0682678686689826,1.3419755540420726,world,-2.62142493880826,1.3593676731226811,world
medium_none,neither,90119,False,False,,1.0,0.0,,69,-3.2810405828282105,-1.0689714148061236,world,-2.687632699058361,0.27156799754901445,world
medium_none,body_only,90120,True,False,m,1.5891995503048728,0.0,,74,-1.7702511640700904,16.049920845960976,body,-2.5330969454933174,2.8106048409276623,body
medium_none,body_only,90121,True,False,l,1.4812383451425903,0.0,,60,-1.8779200494290293,14.829914916999904,body,-2.4367672773787055,4.393310271942964,body
medium_none,body_only,90122,True,False,m,1.577333311441059,0.0,,60,-1.7289999296555751,16.51734233356063,body,-2.5227715546273077,2.9802519758222386,body
medium_none,body_only,90123,True,False,l,1.2659873041674827,0.0,,78,-2.027513657528596,13.134856142984294,body,-2.802984426035484,-1.6236716346115536,world
medium_none,body_only,90124,True,False,m,1.4143549642821072,0.0,,79,-1.8159597194215196,15.531993049577792,body,-2.324725014314831,6.234175103361817,body
medium_none,body_only,90125,True,False,l,1.4086180240535773,0.0,,63,-1.9116100427855518,14.44817053927561,body,-2.5165947735204655,3.081737065466278,body
medium_none,body_only,90126,True,False,m,1.6448408546174003,0.0,,68,-1.6695011085633493,17.191528884825814,body,-2.1875675206489507,8.487685515866888,body
medium_none,body_only,90127,True,False,l,1.4986137896780058,0.0,,61,-1.873020448994846,14.885432734977831,body,-2.2488638140366604,7.480581698895263,body
medium_none,body_only,90128,True,False,m,1.416558817025714,0.0,,64,-1.8340996200362942,15.326448186481908,body,-2.6074223351518486,1.5894317571075784,world
medium_none,body_only,90129,True,False,l,1.38378853736242,0.0,,68,-1.9473680604437162,14.042993190170328,body,-2.5782083939502867,2.0694195355982243,body
medium_none,body_only,90130,True,False,m,1.4756383192437175,0.0,,71,-1.7550483592527055,16.222185209543966,body,-2.1402184863715346,9.265634564907874,body
medium_none,body_only,90131,True,False,l,1.3606013397692742,0.0,,80,-1.9298512133546215,14.241478177120422,body,-2.4751427581989374,3.7627975430945653,body
medium_none,body_only,90132,True,False,m,1.3052923183294922,0.0,,64,-1.8516073893440146,15.128066060697893,body,-2.401622194815081,4.970747256162076,body
medium_none,body_only,90133,True,False,l,1.3207448067237653,0.0,,67,-1.9185688275079713,14.369319916912307,body,-2.5596039006144027,2.375093096198036,body
medium_none,body_only,90134,True,False,m,1.4561368550822151,0.0,,64,-1.753322444880941,16.241741702205818,body,-2.272087375000126,7.099016426391053,body
medium_none,body_only,90135,True,False,l,1.4036352699808552,0.0,,79,-1.9221631857438914,14.328591916951929,body,-2.5893476688901758,1.8864002094653978,world
medium_none,body_only,90136,True,False,m,1.3752498406372067,0.0,,68,-1.8132225269290874,15.563008426567556,body,-2.3950500223897566,5.0787286620437415,body
medium_none,body_only,90137,True,False,l,1.3180944856558197,0.0,,66,-1.9526166520723995,13.983520921238203,body,-2.5405832866935976,2.687603556816317,body
medium_none,body_only,90138,True,False,m,1.3737292058898571,0.0,,76,-1.8159676167447958,15.531903564289747,body,-2.2360874242081685,7.690498975328352,body
medium_none,body_only,90139,True,False,l,1.2231365368057392,0.0,,78,-2.0440670634920113,12.94728799502269,body,-2.5102939671558815,3.1852599016618504,body
medium_none,body_only,90140,True,False,m,1.5903123576273737,0.0,,77,-1.721409201910511,16.603353559768042,body,-2.386550707308869,5.218373201485383,body
medium_none,body_only,90141,True,False,l,1.3983126255738383,0.0,,68,-1.9411243253863248,14.11374151976885,body,-2.2735339850147978,7.0752484889363325,body
medium_none,body_only,90142,True,False,m,1.5588960124158446,0.0,,77,-1.7428753370302865,16.3601188310839,body,-2.3784234907546837,5.351904127430672,body
medium_none,body_only,90143,True,False,l,1.3381767659159343,0.0,,76,-1.9461043324405636,14.057312607068726,body,-2.5370453150773673,2.745732760429095,body
medium_none,body_only,90144,True,False,m,1.4340779419258376,0.0,,78,-1.8153666474890509,15.538713201565065,body,-2.3459818514989,5.884923285973581,body
medium_none,body_only,90145,True,False,l,1.3732457116762027,0.0,,79,-1.923692372327125,14.311264564747871,body,-2.4768393299192653,3.7349227115039993,body
medium_none,body_only,90146,True,False,m,1.4659264726975494,0.0,,73,-1.7338779229456605,16.46206934809694,body,-2.331143620851051,6.128716799359992,body
medium_none,body_only,90147,True,False,l,1.3697174281168265,0.0,,61,-1.9443840141978534,14.076805689483477,body,-2.5871904074560947,1.9218442160177465,world
medium_none,body_only,90148,True,False,m,1.3038571531689942,0.0,,77,-1.852970160371504,15.112624378286016,body,-2.153548111320056,9.046627583856914,body
medium_none,body_only,90149,True,False,l,1.2823864181574816,0.0,,69,-1.9526264168625664,13.983410275513032,body,-2.3417598917970723,5.9542904776227825,body
medium_none,body_only,90150,True,False,m,1.371260065573264,0.0,,77,-1.7646470872047104,16.113421150429854,body,-2.3950428342404115,5.078846764007862,body
medium_none,body_only,90151,True,False,l,1.2751118713228489,0.0,,67,-1.9817090374646005,13.653872457359506,body,-2.605990136893271,1.612962908065601,world
medium_none,body_only,90152,True,False,m,1.3717293620024857,0.0,,77,-1.809805302548539,15.601729306708192,body,-2.383071777503285,5.275532342642888,body
medium_none,body_only,90153,True,False,l,1.3777582765834164,0.0,,63,-1.923563260525613,14.312727542309295,body,-2.388167707357092,5.1918057398885065,body
medium_none,body_only,90154,True,False,m,1.3240528558094946,0.0,,61,-1.8815390926453348,14.788907209282492,body,-2.2580316895270993,7.32995264957345,body
medium_none,body_only,90155,True,False,l,1.2616156540457863,0.0,,75,-1.9905634181174683,13.553542665165924,body,-2.634990168721499,1.1364896805284368,world
medium_none,body_only,90156,True,False,m,1.53054519222226,0.0,,80,-1.7383029005237272,16.411929524853075,body,-2.1811576941098147,8.592999563697783,body
medium_none,body_only,90157,True,False,l,1.488929027680533,0.0,,67,-1.8417257658427313,15.240035635000966,body,-2.2685104914937666,7.157784955987652,body
medium_none,body_only,90158,True,False,m,1.4010988441285952,0.0,,76,-1.7906620197227905,15.818643584861373,body,-2.1658184433670677,8.845024883969478,body
medium_none,body_only,90159,True,False,l,1.3983826888544335,0.0,,76,-1.9317195322877616,14.220308085426591,body,-2.396961130702624,5.047328974229653,body
medium_none,body_only,90160,True,False,m,1.6346395142175347,0.0,,78,-1.6930755472163475,16.924404777125567,body,-2.258276115642038,7.325936705709351,body
medium_none,body_only,90161,True,False,l,1.4627355647267428,0.0,,75,-1.909140413560792,14.476154132553262,body,-2.2699687967127153,7.133824865235943,body
medium_none,body_only,90162,True,False,m,1.3110427449584228,0.0,,70,-1.9020844756602366,14.55610560641092,body,-2.365900498664694,5.557658055387806,body
medium_none,body_only,90163,True,False,l,1.4308898612160117,0.0,,78,-1.957235788154787,13.93118107032952,body,-2.5169950429362964,3.0751606016342716,body
medium_none,body_only,90164,True,False,m,1.439856144676443,0.0,,68,-1.788646473976817,15.841481916956873,body,-2.2534458181005235,7.405298944799381,body
medium_none,body_only,90165,True,False,l,1.2997648895781109,0.0,,62,-1.9872693957162215,13.590867532477908,body,-2.336654806762691,6.038167500847827,body
medium_none,body_only,90166,True,False,m,1.679679815459025,0.0,,64,-1.5910646135245528,18.080299941340826,body,-2.2187619009397617,7.975158938440278,body
medium_none,body_only,90167,True,False,l,1.3590101711106688,0.0,,72,-1.9566730001086563,13.937558072847368,body,-2.4180440279294144,4.70093500656148,body
medium_none,body_only,90168,True,False,m,1.6457533914678304,0.0,,77,-1.6848351556688406,17.017777402944105,body,-2.4727217330054145,3.802575212813664,body
medium_none,body_only,90169,True,False,l,1.372684860076075,0.0,,63,-1.9260799687109724,14.2842104930488,body,-2.418558632264391,4.692480009344813,body
medium_none,body_only,90170,True,False,m,1.5110806219967274,0.0,,77,-1.7739526691776586,16.00797875505646,body,-2.41682672500635,4.7209354071154666,body
medium_none,body_only,90171,True,False,l,1.3393346079674444,0.0,,80,-1.9729581409220496,13.753029661690595,body,-2.381813773189753,5.296201470838151,body
medium_none,body_only,90172,True,False,m,1.5992541406103382,0.0,,69,-1.7370023742466996,16.426665906338346,body,-2.458816877011729,4.031033293583833,body
medium_none,body_only,90173,True,False,l,1.2909310796297793,0.0,,74,-1.9848606527357793,13.618161218185586,body,-2.4708792082992637,3.8328480655731614,body
medium_none,body_only,90174,True,False,m,1.4992846063269814,0.0,,60,-1.7607790129744008,16.157250651208162,body,-2.30755824417782,6.516226737719284,body
medium_none,body_only,90175,True,False,l,1.375063495490151,0.0,,67,-1.9427810426260255,14.094969106101626,body,-2.4468996438420243,4.22683454598643,body
medium_none,body_only,90176,True,False,m,1.3570155774731387,0.0,,71,-1.8422315116146633,15.234304983678191,body,-2.307884389378541,6.510868141654502,body
medium_none,body_only,90177,True,False,l,1.2641200458110455,0.0,,62,-1.9471816923178884,14.04510494434816,body,-2.4035483965932016,4.939099581306231,body
medium_none,body_only,90178,True,False,m,1.5240608064758356,0.0,,68,-1.7502874779771442,16.276131188123586,body,-2.4514319678805188,4.15236803934061,body
medium_none,body_only,90179,True,False,l,1.4207768660969622,0.0,,63,-1.930401726463469,14.235240263032933,body,-2.250863357856168,7.447729007459405,body
medium_none,body_only,90180,True,False,m,1.6834084531201725,0.0,,70,-1.704432167514047,16.795721880019652,body,-2.5370359892477152,2.7458859846800237,body
medium_none,body_only,90181,True,False,l,1.3164236438723707,0.0,,75,-3.61310162110221,-4.831585229565147,body,-2.244509441282872,7.552124449337281,body
medium_none,body_only,90182,True,False,m,1.3450601064988406,0.0,,60,-1.8243154074769679,15.43731398854533,body,-2.405089759377792,4.91377484700492,body
medium_none,body_only,90183,True,False,l,1.3429357517410216,0.0,,67,-1.9590713752477746,13.910381866092347,body,-2.6448064305216343,0.975207583668546,world
medium_none,body_only,90184,True,False,m,1.6568892806087865,0.0,,73,-1.7033768868231656,16.807679361471248,body,-2.499518418469422,3.362303171529012,body
medium_none,body_only,90185,True,False,l,1.43334245437914,0.0,,67,-1.9029033118116285,14.546827299533168,body,-2.4378562958976495,4.375417596112728,body
medium_none,body_only,90186,True,False,m,1.6331529059433587,0.0,,70,-1.6856251022315845,17.008826446621885,body,-2.33186688893414,6.116833437301454,body
medium_none,body_only,90187,True,False,l,1.3141636302230804,0.0,,65,-1.9814025803770856,13.657344950480372,body,-2.2636879824081473,7.237019230020955,body
medium_none,body_only,90188,True,False,m,1.68271261290117,0.0,,72,-1.6720156671998714,17.163036192298627,body,-2.3463457285966927,5.878944751320961,body
medium_none,body_only,90189,True,False,l,1.2673551846296478,0.0,,69,-2.0198909154299654,13.221230126742624,body,-2.3961913454128094,5.059976618332979,body
medium_none,body_only,90190,True,False,m,1.4616304439624153,0.0,,61,-1.8053052275133883,15.65272006606593,body,-2.2903637547278395,6.798733802973997,body
medium_none,body_only,90191,True,False,l,1.3598610545526153,0.0,,75,-2.012486366163248,13.30513174768505,body,-2.243082854860462,7.575563397303696,body
medium_none,body_only,90192,True,False,m,1.6394540644586693,0.0,,73,-1.6735667212322765,17.14546105803988,body,-2.332842303272121,6.100807288759385,body
medium_none,body_only,90193,True,False,l,1.2806965176607972,0.0,,79,-1.982962662983653,13.639667512626938,body,-2.666642638187247,0.6164366552353274,world
medium_none,body_only,90194,True,False,m,1.3882151295384004,0.0,,72,-1.7968465448358417,15.748566168525375,body,-2.3133144491233084,6.421651753630039,body
medium_none,body_only,90195,True,False,l,1.4070168029723402,0.0,,68,-1.9172726440729655,14.38400708925979,body,-2.3766761215427006,5.380613566546606,body
medium_none,body_only,90196,True,False,m,1.4747105385822876,0.0,,78,-1.73965384770349,16.39662181953478,body,-2.2698321829475754,7.136069442138058,body
medium_none,body_only,90197,True,False,l,1.3111555143573217,0.0,,62,-1.9562546714291433,13.942298193148224,body,-2.502906496608315,3.3066367317282377,body
medium_none,body_only,90198,True,False,m,1.379640047296776,0.0,,79,-1.7873344956791384,15.85634806232933,body,-2.424959210321039,4.587317914943725,body
medium_none,body_only,90199,True,False,l,1.4868269255907973,0.0,,73,-1.8819356504624465,14.784413776602852,body,-2.231694392311939,7.762676899086103,body
medium_none,body_only,90200,True,False,m,1.568789452616487,0.0,,75,-1.7162585629261617,16.661715918381635,body,-2.2736700947737942,7.073012192902159,body
medium_none,body_only,90201,True,False,l,1.237480856854104,0.0,,74,-2.0315281679421506,13.08936736050006,body,-2.3994252892249546,5.006842619895544,body
medium_none,body_only,90202,True,False,m,1.589816924085751,0.0,,69,-1.711462864254669,16.71605641604005,body,-2.3302541793926514,6.143330405472538,body
medium_none,body_only,90203,True,False,l,1.2163108575505985,0.0,,68,-3.766951142764537,-6.57486814709635,body,-2.6138883949759415,1.4831937911604156,world
medium_none,body_only,90204,True,False,m,1.577624770964431,0.0,,61,-1.6826017623478475,17.043084185718254,body,-2.1898988243945605,8.449381977904595,body
medium_none,body_only,90205,True,False,l,1.3675497082151145,0.0,,65,-1.9356888715228462,14.175331141672443,body,-2.4469498918916175,4.2260089658453825,body
medium_none,body_only,90206,True,False,m,1.5176465510618466,0.0,,74,-1.7548907465301151,16.223971133633356,body,-2.31679588729792,6.364451399735476,body
medium_none,body_only,90207,True,False,l,1.2488637580931352,0.0,,80,-1.9872122535421235,13.591515015647822,body,-2.403168421177729,4.945342612819691,body
medium_none,body_only,90208,True,False,m,1.4834364114696996,0.0,,66,-1.778217828059326,15.95964985199177,body,-2.335963799716229,6.049520811065864,body
medium_none,body_only,90209,True,False,l,1.263629522578016,0.0,,60,-2.041694087931905,12.974176396838667,body,-2.368675314759598,5.5120675681637845,body
medium_none,body_only,90210,True,False,m,1.3346147837212192,0.0,,73,-1.8912750508160492,14.678588182083587,body,-2.23797604800961,7.659468710133942,body
medium_none,body_only,90211,True,False,l,1.30656153459059,0.0,,71,-1.9699557471697342,13.787050058267464,body,-2.3736989117979275,5.4295294003136005,body
medium_none,body_only,90212,True,False,m,1.6930851814175538,0.0,,60,-1.6222112272960474,17.72737482893156,body,-2.409117548209025,4.84759790086834,body
medium_none,body_only,90213,True,False,l,1.3559979569855254,0.0,,66,-1.943344820575816,14.08858088689541,body,-2.431676272266308,4.476955960736692,body
medium_none,body_only,90214,True,False,m,1.3935857870234445,0.0,,60,-1.8143384074324482,15.550364283131188,body,-2.5470440789382023,2.581452137691409,body
medium_none,body_only,90215,True,False,l,1.3131198647094737,0.0,,80,-1.9897878810946326,13.562330345681369,body,-2.4219334369784695,4.637031653151651,body
medium_none,body_only,90216,True,False,m,1.681261135717984,0.0,,66,-1.6975585555184174,16.87360740247203,body,-2.4422525168638605,4.303187275637764,body
medium_none,body_only,90217,True,False,l,1.413471960665546,0.0,,75,-1.9207236662904739,14.344903242755754,body,-2.367725636820258,5.5276708652759545,body
medium_none,body_only,90218,True,False,m,1.584896311018346,0.0,,74,-1.6765561421708763,17.111587657594676,body,-2.272226107529358,7.096737037997303,body
medium_none,body_only,90219,True,False,l,1.3119810143159762,0.0,,70,-1.9489493989668103,14.0250748995942,body,-2.371668899338599,5.462882694343281,body
medium_none,body_only,90220,True,False,m,1.300500753923412,0.0,,65,-1.8534837718106734,15.10680460037265,body,-2.410429651765598,4.826039917064515,body
medium_none,body_only,90221,True,False,l,1.325946290087466,0.0,,69,-1.9647539938551442,13.845991598004188,body,-2.4961408627088355,3.417796727672867,body
medium_none,body_only,90222,True,False,m,1.3799548422979533,0.0,,63,-1.786436484312366,15.866523510770952,body,-2.0927665849564105,10.04527373061499,body
medium_none,body_only,90223,True,False,l,1.2088747342560058,0.0,,66,-2.14445422989364,11.809791885600758,body,-2.3155505508634313,6.384912393496622,body
medium_none,body_only,90224,True,False,m,1.3689372681649405,0.0,,67,-1.832711500073576,15.342177099983516,body,-2.263784614849636,7.235431549995168,body
medium_none,body_only,90225,True,False,l,1.4190999555086545,0.0,,76,-1.928115121580414,14.261149990854657,body,-2.4030849398912637,4.946714218141945,body
medium_none,body_only,90226,True,False,m,1.3666051873938825,0.0,,68,-1.8434717697652703,15.220251505812803,body,-2.230259665588258,7.786249592961586,body
medium_none,body_only,90227,True,False,l,1.2089853713110907,0.0,,76,-2.1293561147966993,11.980870000443296,body,-2.3087901041568886,6.49598716337753,body
medium_none,body_only,90228,True,False,m,1.3941552835422104,0.0,,76,-1.807896596232212,15.623357031512821,body,-2.192998524335356,8.398453618793283,body
medium_none,body_only,90229,True,False,l,1.4129882265602367,0.0,,60,-1.943254858212271,14.089600258615867,body,-2.4242607153307874,4.598794252776563,body
medium_none,body_only,90230,True,False,m,1.387380358400205,0.0,,62,-1.8322527028432904,15.347375773112464,body,-2.172467485212721,8.735780506342822,body
medium_none,body_only,90231,True,False,l,1.2736796593502162,0.0,,79,-2.0254662278607434,13.158055754697404,body,-2.493515459373785,3.4609323493179662,body
medium_none,body_only,90232,True,False,m,1.3398772042708087,0.0,,65,-1.803948668103257,15.668091364076778,body,-2.3434728528521642,5.926146367733543,body
medium_none,body_only,90233,True,False,l,1.2151805568406018,0.0,,74,-1.9979890948204013,13.469401647322886,body,-2.4165770046277513,4.725038336225252,body
medium_none,body_only,90234,True,False,m,1.412785576783788,0.0,,80,-1.793460788950701,15.786930476283517,body,-2.2851852559234875,6.8838170212863705,body
medium_none,body_only,90235,True,False,l,1.4243033807217698,0.0,,60,-1.9269414464398245,14.274449010579993,body,-2.3197728222520126,6.315540080804988,body
medium_none,body_only,90236,True,False,m,1.6997035312296203,0.0,,64,-1.639303461730883,17.53370116657149,body,-2.234620749860162,7.714596571651001,body
medium_none,body_only,90237,True,False,l,1.376968432617344,0.0,,75,-1.9270567151713605,14.273142890103042,body,-2.297304782004471,6.684692077485236,body
medium_none,body_only,90238,True,False,m,1.5968317899030746,0.0,,62,-1.7467210038448366,16.31654323077078,body,-2.474642538812676,3.771016194262272,body
medium_none,body_only,90239,True,False,l,1.3434682340044826,0.0,,67,-1.9298596422858727,14.24138266813408,body,-2.443529002647019,4.282214495172923,body
medium_none,world_only,90240,False,True,,1.0,1.0,short,59,-3.144186443013086,0.4817352858410542,world,-2.663603150741137,0.6663757174434252,world
medium_none,world_only,90241,False,True,,1.0,1.0,medium,75,-3.2763400708327173,-1.0157094860275666,world,-2.6775615822928867,0.4370373852577013,world
medium_none,world_only,90242,False,True,,1.0,-2.0,short,69,-2.3056166189191147,9.98364620311194,body,-2.7289028485125457,-0.4065044069176531,world
medium_none,world_only,90243,False,True,,1.0,2.0,medium,68,-3.0842213918225814,1.1612047327381967,world,-2.4520948675511325,4.1414765359291135,body
medium_none,world_only,90244,False,True,,1.0,-4.0,short,65,-2.6420882739415097,6.171055288975703,body,-2.9351304233816142,-3.7948426952012317,body
medium_none,world_only,90245,False,True,,1.0,4.0,medium,65,-2.233799947871434,10.797407432127423,body,-3.072998825428254,-6.060033398702876,body
medium_none,world_only,90246,False,True,,1.0,-1.0,short,75,-3.300915441508671,-1.294175245481913,world,-2.654035260942277,0.8235770391587095,world
medium_none,world_only,90247,False,True,,1.0,-1.0,medium,77,-2.2551050553841883,10.555997321898626,body,-2.6515323914560254,0.8646994182403012,world
medium_none,world_only,90248,False,True,,1.0,-2.0,short,70,-2.255066670235626,10.556432267506858,body,-2.727375050563114,-0.38140254412308167,world
medium_none,world_only,90249,False,True,,1.0,2.0,medium,60,-3.264628503232973,-0.88300464877135,world,-2.644357598165546,0.9825819411380586,world
medium_none,world_only,90250,False,True,,1.0,4.0,short,68,-3.181058419892621,0.06393556352031737,world,-2.694835697581209,0.1532220600529702,world
medium_none,world_only,90251,False,True,,1.0,-4.0,medium,77,-2.407592946799764,8.828143160489034,body,-3.2406396867524956,-8.814388384772986,body
medium_none,world_only,90252,False,True,,1.0,-1.0,short,78,-2.244882935604055,10.67182509049433,body,-2.500212436335039,3.350900393271466,body
medium_none,world_only,90253,False,True,,1.0,1.0,medium,60,-3.3511561397123235,-1.8634571645736013,world,-2.784618755862953,-1.3219219608587445,world
medium_none,world_only,90254,False,True,,1.0,2.0,short,75,-3.1831081450423215,0.040709941493685495,world,-2.77026034132494,-1.0860118709055158,world
medium_none,world_only,90255,False,True,,1.0,2.0,medium,70,-3.3026383902018077,-1.3136981337695992,world,-2.6323592848882775,1.179715347269612,world
medium_none,world_only,90256,False,True,,1.0,-4.0,short,70,-2.634022623709272,6.262447905063923,body,-2.9266998929463792,-3.656328293902653,body
medium_none,world_only,90257,False,True,,1.0,-4.0,medium,64,-2.579109898309743,6.884668989079955,body,-3.1945644567009563,-8.057368057960618,body
medium_none,world_only,90258,False,True,,1.0,-1.0,short,67,-3.056764452598842,1.4723218073917845,world,-2.6223189172586623,1.344679523808406,world
medium_none,world_only,90259,False,True,,1.0,1.0,medium,71,-3.312033474501315,-1.420154688142543,world,-2.8275690872591865,-2.0275999113303116,body
medium_none,world_only,90260,False,True,,1.0,-2.0,short,78,-2.324483518996253,9.76986364301122,body,-2.7695972844125882,-1.0751177839976018,world
medium_none,world_only,90261,False,True,,1.0,-2.0,medium,76,-2.642208144686464,6.169697022666309,body,-2.7622281243561924,-0.9540417970088164,world
medium_none,world_only,90262,False,True,,1.0,-4.0,short,68,-2.6947929728467193,5.5738535539145015,body,-2.8694027129050714,-2.714930282177502,body
medium_none,world_only,90263,False,True,,1.0,-4.0,medium,76,-2.5986036319180954,6.663783721247067,body,-3.2566401053096876,-9.07727675389781,body
medium_none,world_only,90264,False,True,,1.0,1.0,short,76,-3.2155434633107984,-0.32681759873635663,world,-2.6504900180074604,0.8818257112139988,world
medium_none,world_only,90265,False,True,,1.0,1.0,medium,73,-3.2819967421865415,-1.0798057434267505,world,-2.758407729329116,-0.8912723504164772,world
medium_none,world_only,90266,False,True,,1.0,2.0,short,80,-3.1799180438437373,0.0768572682100704,world,-2.784152099339914,-1.314254750663913,world
medium_none,world_only,90267,False,True,,1.0,2.0,medium,73,-3.3853384297785216,-2.2507798010734934,body,-2.6339951492033755,1.152837944008664,world
medium_none,world_only,90268,False,True,,1.0,-4.0,short,69,-2.5375965257574924,7.355060787751165,body,-2.8333061812783815,-2.121860901118233,body
medium_none,world_only,90269,False,True,,1.0,4.0,medium,74,-2.3026509582082766,10.017250374256161,body,-3.078663250475932,-6.153100430511528,body
medium_none,world_only,90270,False,True,,1.0,-1.0,short,81,-3.1077732597101364,0.8943363764332567,world,-2.675140418929698,0.47681732511729746,world
medium_none,world_only,90271,False,True,,1.0,1.0,medium,77,-3.1021456222843558,0.9581036477540944,world,-2.6412562055892965,1.0335381104077392,world
medium_none,world_only,90272,False,True,,1.0,-2.0,short,58,-2.313890047250477,9.889899234491923,body,-2.8365374390485747,-2.1749507676358917,body
medium_none,world_only,90273,False,True,,1.0,2.0,medium,71,-3.1540741588075814,0.36969667920970306,world,-2.4940730078444386,3.4517717759470745,body
medium_none,world_only,90274,False,True,,1.0,4.0,short,60,-3.2303972319331624,-0.49512700146015387,world,-2.7241969884014203,-0.32918668641419513,world
medium_none,world_only,90275,False,True,,1.0,4.0,medium,76,-2.2153237614291825,11.006762780508632,body,-2.823701672102786,-1.964057919627992,world
medium_none,world_only,90276,False,True,,1.0,1.0,short,69,-3.3451487106781617,-1.7953864400085877,world,-2.666946131214984,0.611450236485258,world
medium_none,world_only,90277,False,True,,1.0,-1.0,medium,75,-2.3292402318896994,9.715964896748325,body,-2.672309683684204,0.5233265692006345,world
medium_none,world_only,90278,False,True,,1.0,2.0,short,64,-3.203197794038341,-0.18692769777584708,world,-2.7675075475499553,-1.0407832124516183,world
medium_none,world_only,90279,False,True,,1.0,-2.0,medium,63,-2.552884063732501,7.181836305055432,body,-2.9971936993006425,-4.814548106692703,body
medium_none,world_only,90280,False,True,,1.0,4.0,short,77,-3.2645756693683445,-0.8824059834477334,world,-2.5852011130826993,1.9545285080980965,world
medium_none,world_only,90281,False,True,,1.0,4.0,medium,77,-2.2424643526765307,10.699230273537019,body,-2.9787033643868033,-4.510750179613724,body
medium_none,world_only,90282,False,True,,1.0,1.0,short,68,-3.310473504966914,-1.402478531520105,world,-2.7490315392158773,-0.7372206724142397,world
medium_none,world_only,90283,False,True,,1.0,-1.0,medium,74,-2.4202604523814264,8.684606503048451,body,-2.7377426576608896,-0.55174329564274,world
medium_none,world_only,90284,False,True,,1.0,2.0,short,72,-3.3444575683572104,-1.7875550435331302,world,-2.7318788570183234,-0.45540050421592326,world
medium_none,world_only,90285,False,True,,1.0,-2.0,medium,73,-2.543099543296602,7.292705595696292,body,-2.7962262843082533,-1.5126347357557068,world
medium_none,world_only,90286,False,True,,1.0,4.0,short,67,-3.207875127537112,-0.23992698890071743,world,-2.6540622642476195,0.8231333723335523,world
medium_none,world_only,90287,False,True,,1.0,4.0,medium,79,-2.2146163001055315,11.01477908908736,body,-2.999005708317536,-4.8443195838317505,body
medium_none,world_only,90288,False,True,,1.0,-1.0,short,78,-3.24974899878128,-0.7144036310255953,world,-2.750855892027811,-0.767194959256999,world
medium_none,world_only,90289,False,True,,1.0,1.0,medium,64,-3.177043123572666,0.10943325118142198,world,-2.5917982808238174,1.8461364268468303,world
medium_none,world_only,90290,False,True,,1.0,2.0,short,66,-3.2022008332056693,-0.1756310439399052,world,-2.741839656517298,-0.619057368947612,world
medium_none,world_only,90291,False,True,,1.0,-2.0,medium,75,-2.571638695492589,6.969325867462339,body,-2.8221124795911554,-1.9379473384507147,world
medium_none,world_only,90292,False,True,,1.0,-4.0,short,74,-2.5470208899801627,7.248272459906811,body,-2.8017504214648876,-1.603396824430986,world
medium_none,world_only,90293,False,True,,1.0,4.0,medium,69,-2.2444048342642016,10.677242500243871,body,-3.0110571728690085,-5.042326270355469,body
medium_none,world_only,90294,False,True,,1.0,-1.0,short,70,-3.679341339994583,-5.58215350666769,body,-2.6764942555032416,0.454573663952542,world
medium_none,world_only,90295,False,True,,1.0,1.0,medium,64,-3.247575840809813,-0.6897793804733569,world,-2.6787151052705322,0.4180848951551875,world
medium_none,world_only,90296,False,True,,1.0,-2.0,short,84,-2.4056386152748344,8.85028786868046,body,-2.85077734875418,-2.408913812140667,body
medium_none,world_only,90297,False,True,,1.0,2.0,medium,62,-3.383617753310497,-2.2312826595751365,body,-2.6648471875423345,0.6459360767784592,world
medium_none,world_only,90298,False,True,,1.0,4.0,short,62,-3.2839640967939845,-1.1020980173501573,world,-2.7158654967673677,-0.19229950185559372,world
medium_none,world_only,90299,False,True,,1.0,-4.0,medium,67,-2.562619681329333,7.071521136930153,body,-3.207057474037275,-8.262629497919432,body
medium_none,world_only,90300,False,True,,1.0,-1.0,short,67,-3.3222119026049772,-1.5354873823798278,world,-2.8317827126191295,-2.0968301689650715,body
medium_none,world_only,90301,False,True,,1.0,-1.0,medium,72,-2.2367396125328134,10.764097824583109,body,-2.690689517356519,0.2213441878254641,world
medium_none,world_only,90302,False,True,,1.0,-2.0,short,78,-2.2737468453563077,10.344765504864267,body,-2.8225519924276385,-1.9451685753439547,world
medium_none,world_only,90303,False,True,,1.0,2.0,medium,59,-3.205462783872162,-0.2125925035095186,world,-2.598414534305521,1.7374307650977674,world
medium_none,world_only,90304,False,True,,1.0,4.0,short,80,-3.0213583528460544,1.8735115427158362,world,-2.6677590170515817,0.5980944463786441,world
medium_none,world_only,90305,False,True,,1.0,-4.0,medium,73,-2.2881877589351913,10.18113420017379,body,-3.0855084041806817,-6.265566944272913,body
medium_none,world_only,90306,False,True,,1.0,1.0,short,64,-3.146963180033511,0.4502718262093252,world,-2.7332442484166934,-0.4778340122302001,world
medium_none,world_only,90307,False,True,,1.0,1.0,medium,72,-3.1812404788192112,0.06187263727082466,world,-2.787332745911336,-1.366513070465665,world
medium_none,world_only,90308,False,True,,1.0,-2.0,short,62,-2.246572250915571,10.652683305111642,body,-2.7234527743267645,-0.31695917976074717,world
medium_none,world_only,90309,False,True,,1.0,2.0,medium,65,-3.2808847463188417,-1.0672056171502389,world,-2.6273118974992618,1.2626443928003073,world
medium_none,world_only,90310,False,True,,1.0,4.0,short,70,-3.419468351263427,-2.63750904441755,body,-2.3885411745784255,5.18566963861172,body
medium_none,world_only,90311,False,True,,1.0,-4.0,medium,66,-2.5205258433902142,7.548490241674285,body,-3.2985593596894085,-9.766014012827828,body
medium_none,world_only,90312,False,True,,1.0,1.0,short,69,-3.2538615804737194,-0.7610036680872408,world,-2.8223307829315645,-1.9415340826930299,world
medium_none,world_only,90313,False,True,,1.0,-1.0,medium,66,-2.3164581139246865,9.860800237524897,body,-2.770413372864686,-1.0885261933755614,world
medium_none,world_only,90314,False,True,,1.0,2.0,short,66,-3.3248964155283502,-1.5659058423830994,world,-2.8358121372929976,-2.163033992148708,body
medium_none,world_only,90315,False,True,,1.0,2.0,medium,65,-3.181864345638045,0.05480354562636533,world,-2.4988652173313355,3.3730353271465807,body
medium_none,world_only,90316,False,True,,1.0,4.0,short,63,-3.275837394040668,-1.010013609594867,world,-2.726305297822518,-0.36382640682787054,world
medium_none,world_only,90317,False,True,,1.0,4.0,medium,84,-2.2941865188838904,10.113161705804325,body,-2.9898299716621475,-4.6935613748366665,body
medium_none,world_only,90318,False,True,,1.0,-1.0,short,75,-3.40508795155919,-2.474563427942451,body,-2.6948987063932073,0.15218681939551595,world
medium_none,world_only,90319,False,True,,1.0,1.0,medium,65,-3.4005941824282924,-2.423644121359119,body,-2.7379516076609787,-0.5551763636312862,world
medium_none,world_only,90320,False,True,,1.0,2.0,short,76,-3.1131876310271482,0.8329856427804465,world,-2.701324540117614,0.04660977201776414,world
medium_none,world_only,90321,False,True,,1.0,2.0,medium,57,-3.3095420536635984,-1.3919241721172448,world,-2.5846141790638093,1.9641718887670672,world
medium_none,world_only,90322,False,True,,1.0,4.0,short,74,-3.2361273063153058,-0.5600549952468236,world,-2.6342237964395294,1.1490812485945694,world
medium_none,world_only,90323,False,True,,1.0,-4.0,medium,75,-2.730165774284582,5.173041124824255,body,-3.0940117539694834,-6.405277774341866,body
medium_none,world_only,90324,False,True,,1.0,1.0,short,72,-2.2421215994299315,10.703114041736416,body,-2.5924202528840454,1.835917367890959,world
medium_none,world_only,90325,False,True,,1.0,1.0,medium,80,-3.185833473763409,0.009828993975650594,world,-2.7040185731292836,0.0023465583852699924,world
medium_none,world_only,90326,False,True,,1.0,2.0,short,73,-3.1931458850989762,-0.07302860369198813,world,-2.6729313954973613,0.5131117861284108,world
medium_none,world_only,90327,False,True,,1.0,-2.0,medium,78,-2.558370640711758,7.119667402478985,body,-2.881018964121775,-2.9057863730221247,body
medium_none,world_only,90328,False,True,,1.0,-4.0,short,74,-2.6237613700031663,6.378719103732773,body,-2.8975296547672453,-3.1770585601463295,body
medium_none,world_only,90329,False,True,,1.0,4.0,medium,75,-2.2511115156101376,10.601248484160047,body,-3.0292387155810876,-5.341050712760968,body
medium_none,world_only,90330,False,True,,1.0,1.0,short,82,-3.207337562974492,-0.23383579596777615,world,-2.748168815183125,-0.723046036096801,world
medium_none,world_only,90331,False,True,,1.0,1.0,medium,61,-3.312514568695241,-1.4256060101936765,world,-2.7105762095000703,-0.10539601876467854,world
medium_none,world_only,90332,False,True,,1.0,-2.0,short,70,-2.352105865777912,9.456872320280443,body,-2.6838393668434155,0.3338927996141136,world
medium_none,world_only,90333,False,True,,1.0,2.0,medium,72,-3.2894101674158756,-1.1638079387085678,world,-2.6410841868712756,1.036364393987624,world
medium_none,world_only,90334,False,True,,1.0,4.0,short,61,-3.3010085591942446,-1.2952303704431491,world,-2.569158979676258,2.2181022560864907,body
medium_none,world_only,90335,False,True,,1.0,-4.0,medium,77,-2.6258825124203127,6.354684246155653,body,-3.2641876203454543,-9.20128312983139,body
medium_none,world_only,90336,False,True,,1.0,-1.0,short,76,-3.4073377415973907,-2.500056003410025,body,-2.8142423981389206,-1.8086411662113924,world
medium_none,world_only,90337,False,True,,1.0,1.0,medium,60,-3.1331549845098854,0.6067337450906893,world,-2.7159760740404804,-0.19411629676548697,world
medium_none,world_only,90338,False,True,,1.0,2.0,short,58,-3.2146675167265193,-0.31689216835123535,world,-2.748073018071643,-0.7214720806209249,world
medium_none,world_only,90339,False,True,,1.0,2.0,medium,61,-3.238891855833419,-0.5913803571818034,world,-2.6684884643988394,0.5861095584335221,world
medium_none,world_only,90340,False,True,,1.0,4.0,short,57,-3.2940856124693316,-1.216785831687884,world,-2.815780738819226,-1.8339162470574533,world
medium_none,world_only,90341,False,True,,1.0,4.0,medium,71,-2.289229284367519,10.169332580807458,body,-2.7668961742755096,-1.0307382925346145,world
medium_none,world_only,90342,False,True,,1.0,1.0,short,69,-3.1933769372995844,-0.0756466771837097,world,-2.7691331598332622,-1.0674921738741148,world
medium_none,world_only,90343,False,True,,1.0,1.0,medium,70,-3.186976857630531,-0.0031267925760251553,world,-2.6808456163895076,0.3830803987748116,world
medium_none,world_only,90344,False,True,,1.0,2.0,short,65,-3.371606402377145,-2.0951809501103287,body,-2.768622672309809,-1.059104816254716,world
medium_none,world_only,90345,False,True,,1.0,-2.0,medium,75,-2.5917889682560173,6.741001294772551,body,-2.8156097437148966,-1.8311067815459854,world
medium_none,world_only,90346,False,True,,1.0,4.0,short,59,-3.2798966210406335,-1.0560090797852286,world,-2.645528767967637,0.9633395120641245,world
medium_none,world_only,90347,False,True,,1.0,-4.0,medium,63,-2.452700259674409,8.317028097273603,body,-3.2069229169302194,-8.26041871210145,body
medium_none,world_only,90348,False,True,,1.0,-1.0,short,77,-2.2446940378208065,10.673965508450388,body,-2.5965715151064845,1.7677117424214945,world
medium_none,world_only,90349,False,True,,1.0,1.0,medium,63,-3.157700931633996,0.3286013865773891,world,-2.690030977103133,0.23216406560533503,world
medium_none,world_only,90350,False,True,,1.0,-2.0,short,79,-2.2731055553940087,10.352032019731396,body,-2.6889061873511313,0.25064446613080676,world
medium_none,world_only,90351,False,True,,1.0,2.0,medium,75,-3.3953007357250407,-2.363663595498958,body,-2.7597915008879217,-0.9140078461808849,world
medium_none,world_only,90352,False,True,,1.0,-4.0,short,76,-2.537084895327204,7.360858118672794,body,-2.8052479813793085,-1.6608620600141626,world
medium_none,world_only,90353,False,True,,1.0,-4.0,medium,65,-2.6122718346337184,6.508908073600944,body,-3.247905475281962,-8.933765967933692,body
medium_none,world_only,90354,False,True,,1.0,-1.0,short,72,-2.2182225317100643,10.97391655090774,body,-2.5988104589428187,1.7309256863822668,world
medium_none,world_only,90355,False,True,,1.0,1.0,medium,71,-3.2773149038155305,-1.0267554071849567,world,-2.735679260213127,-0.5178414831395367,world
medium_none,world_only,90356,False,True,,1.0,2.0,short,78,-3.2692201110676855,-0.9350325746028316,world,-2.734260722783287,-0.49453478087170744,world
medium_none,world_only,90357,False,True,,1.0,-2.0,medium,69,-2.560929560249301,7.090672052549158,body,-2.84528241271718,-2.318631500584333,body
medium_none,world_only,90358,False,True,,1.0,4.0,short,74,-3.2231266984047116,-0.41274392503236484,world,-2.7160785375866685,-0.19579978238530785,world
medium_none,world_only,90359,False,True,,1.0,-4.0,medium,57,-2.5214239856680405,7.538313309867609,body,-3.220077858533264,-8.476555629494914,body
medium_none,body_world,90360,True,True,m,1.436507707360915,1.0,short,74,-1.794955654456981,15.7699920193228,body,-2.1079110455864773,9.796448830061136,body
medium_none,body_world,90361,True,True,l,1.4256287739373548,-1.0,medium,60,-2.0360051479475034,13.038638293024697,body,-2.856674509534468,-2.505804713741481,body
medium_none,body_world,90362,True,True,m,1.4329806398316671,-2.0,short,74,-1.9442735237825242,14.078057666425059,body,-2.7635425080442024,-0.9756372435848013,world
medium_none,body_world,90363,True,True,l,1.210563351806276,-2.0,medium,77,-2.3800693110082696,9.140015980015727,body,-3.5696002541744183,-14.219241187017584,body
medium_none,body_world,90364,True,True,m,1.372696280105733,-4.0,short,58,-2.233538719297067,10.80036743685376,body,-3.4317403685711025,-11.95419040947401,body
medium_none,body_world,90365,True,True,l,1.2749895656307437,-4.0,medium,74,-2.231152132588816,10.82741006782685,body,-3.0183468265431666,-5.162095960069166,body
medium_none,body_world,90366,True,True,m,1.3066897985826524,-1.0,short,69,-1.952987351153986,13.979320496241806,body,-2.661710605637162,0.6974704100041734,world
medium_none,body_world,90367,True,True,l,1.3576619828175316,1.0,medium,62,-2.0471840029748987,12.911969670358529,body,-2.195779545252646,8.352761185758784,body
medium_none,body_world,90368,True,True,m,1.4143053583788585,2.0,short,60,-1.7377952266878243,16.417682023243998,body,-2.055936705875595,10.650392078738957,body
medium_none,body_world,90369,True,True,l,1.3743712386074276,-2.0,medium,67,-2.0845923089592526,12.488092754189516,body,-3.0599847165260505,-5.846210375718564,body
medium_none,body_world,90370,True,True,m,1.5116611087725051,4.0,short,61,-1.8087007948763916,15.614244583560094,body,-1.9597889194905296,12.230109175975162,body
medium_none,body_world,90371,True,True,l,1.462891218935012,4.0,medium,69,-1.918574055556581,14.369260677418191,body,-2.889546906715645,-3.045901265171924,body
medium_none,body_world,90372,True,True,m,1.6331779731038802,-1.0,short,65,-1.786276366708825,15.868337817894124,body,-2.6045922397661307,1.6359304882351238,world
medium_none,body_world,90373,True,True,l,1.2018022497580947,-1.0,medium,66,-2.07100959083208,12.641999768191887,body,-2.995353203931626,-4.784308596131583,body
medium_none,body_world,90374,True,True,m,1.3280228263513763,-2.0,short,73,-2.0342481283612743,13.058547241699648,body,-2.9893628493402895,-4.685886511523804,body
medium_none,body_world,90375,True,True,l,1.308876304017658,2.0,medium,65,-1.9042576568167393,14.531481093146935,body,-2.952241459568415,-4.075978615558891,body
medium_none,body_world,90376,True,True,m,1.5016949779873145,4.0,short,70,-1.8074854485213163,15.628015783605399,body,-1.970741829433964,12.050151844114847,body
medium_none,body_world,90377,True,True,l,1.2414565409093206,-4.0,medium,66,-2.089196697947598,12.43592000394419,body,-3.1023248780257293,-6.541863177884107,body
medium_none,body_world,90378,True,True,m,1.4238236120964585,1.0,short,66,-1.7895198998390076,15.831585049102916,body,-2.1442620777995414,9.199197980632519,body
medium_none,body_world,90379,True,True,l,1.2836548774066676,-1.0,medium,64,-1.9606647983512036,13.892326644037748,body,-2.7308514939516346,-0.4385208332163479,world
medium_none,body_world,90380,True,True,m,1.3621236417497946,2.0,short,70,-1.9283753768570722,14.258201014653148,body,-2.057213419396578,10.629415556520419,body
medium_none,body_world,90381,True,True,l,1.3983378082528164,-2.0,medium,74,-2.182000992609635,11.384346103617421,body,-3.047990341355599,-5.649141673049283,body
medium_none,body_world,90382,True,True,m,1.3509200717074077,-4.0,short,74,-2.255876250864564,10.547258835795516,body,-3.5272065897235563,-13.522709326374311,body
medium_none,body_world,90383,True,True,l,1.2311925915846564,4.0,medium,58,-2.2176258817767147,10.980677245548295,body,-3.420055871493349,-11.762213032767598,body
medium_none,body_world,90384,True,True,m,1.524037917146982,-1.0,short,63,-1.7731214170466638,16.017397748527916,body,-2.4596950411739993,4.016604974498437,body
medium_none,body_world,90385,True,True,l,1.3531822605860213,1.0,medium,58,-2.0831401707003976,12.50454706482502,body,-2.177388514433989,8.65492753729263,body
medium_none,body_world,90386,True,True,m,1.3095845696334245,2.0,short,61,-1.8885296963000813,14.7096960437041,body,-2.1547545722769144,9.026805317818837,body
medium_none,body_world,90387,True,True,l,1.3723802328668413,-2.0,medium,61,-2.1597342597206244,11.636652478412913,body,-2.9887479503413403,-4.675783663624392,body
medium_none,body_world,90388,True,True,m,1.6369604542264304,4.0,short,64,-1.683391257665326,17.03413834249716,body,-1.888343682888164,13.40396107647377,body
medium_none,body_world,90389,True,True,l,1.4434986184388112,4.0,medium,68,-1.9860886453815123,13.604246721871071,body,-2.9957844213526386,-4.7913935385749955,body
medium_none,body_world,90390,True,True,m,1.628686273513856,1.0,short,63,-1.6801466776778358,17.070902973323705,body,-2.004332363502244,11.49825623665446,body
medium_none,body_world,90391,True,True,l,1.4997252692437577,-1.0,medium,60,-1.9928564210648625,13.527560440295478,body,-2.809466413667501,-1.7301712959283684,world
medium_none,body_world,90392,True,True,m,1.4793682183432437,2.0,short,56,-1.7150642311605202,16.67524900020348,body,-2.125957913339965,9.499937109785341,body
medium_none,body_world,90393,True,True,l,1.373838534697687,-2.0,medium,80,-2.094760514486543,12.372875892894507,body,-2.8872882815775442,-3.0087918435091554,body
medium_none,body_world,90394,True,True,m,1.374879786515465,4.0,short,58,-1.8298421147295472,15.374690366193331,body,-3.3416747722804123,-10.474404262725267,body
medium_none,body_world,90395,True,True,l,1.2278138310881848,-4.0,medium,72,-2.279434927094057,10.280313333549083,body,-3.252183177073925,-9.004049007322433,body
medium_none,body_world,90396,True,True,m,1.5997246997728216,1.0,short,76,-1.6809788936235595,17.061473058779924,body,-1.9994618947571832,11.578278492365198,body
medium_none,body_world,90397,True,True,l,1.2083810902658325,1.0,medium,74,-2.2303129089474023,10.836919387207615,body,-2.2531177850110287,7.410688559052785,body
medium_none,body_world,90398,True,True,m,1.605681322392905,2.0,short,61,-1.6783868973721205,17.090843203962148,body,-2.008014358700804,11.437760712152086,body
medium_none,body_world,90399,True,True,l,1.216354811034764,-2.0,medium,60,-2.278190331340342,10.294415961189648,body,-3.4639945301839306,-12.484129292858627,body
medium_none,body_world,90400,True,True,m,1.3999353886758357,4.0,short,71,-1.879893838687468,14.807549731461046,body,-1.9817247240999367,11.869701860466796,body
medium_none,body_world,90401,True,True,l,1.3909618610188579,-4.0,medium,64,-2.0389207429277025,13.005601421226185,body,-2.9852739436466784,-4.6187054096384745,body
medium_none,body_world,90402,True,True,m,1.4765881692612393,-1.0,short,72,-1.8312930709330968,15.358249449533963,body,-2.540361456675961,2.691248244694386,body
medium_none,body_world,90403,True,True,l,1.2287348099119875,1.0,medium,60,-2.310329142753573,9.930248167093989,body,-2.320455119296611,6.304329876729884,body
medium_none,body_world,90404,True,True,m,1.5959684874168683,-2.0,short,61,-1.9438324302161927,14.083055737728174,body,-3.0378785639281882,-5.483004226872894,body
medium_none,body_world,90405,True,True,l,1.4263406910614387,-2.0,medium,77,-2.1426134317890346,11.830650136284344,body,-2.94477506833502,-3.9533051112640343,body
medium_none,body_world,90406,True,True,m,1.5761825745829299,-4.0,short,68,-1.968923894858849,13.798742070615278,body,-3.1228221161403638,-6.878634711719848,body
medium_none,body_world,90407,True,True,l,1.3075505965528191,-4.0,medium,60,-2.111250673191277,12.18602440537129,body,-3.075637171528205,-6.103381671182361,body
medium_none,body_world,90408,True,True,m,1.5508532757037867,1.0,short,74,-1.7193611974422929,16.626559684596355,body,-1.978627418745613,11.920590876299057,body
medium_none,body_world,90409,True,True,l,1.386472676208235,1.0,medium,62,-2.1007703068555754,12.30477838916721,body,-2.1443829261179608,9.197212431490339,body
medium_none,body_world,90410,True,True,m,1.305798982810204,2.0,short,73,-1.8888134187598975,14.706481158716658,body,-2.1421883623025626,9.233269319646622,body
medium_none,body_world,90411,True,True,l,1.201605261104429,-2.0,medium,64,-2.2428646230916125,10.694694773072241,body,-3.1604224165807855,-7.496411154633136,body
medium_none,body_world,90412,True,True,m,1.6785527327767333,-4.0,short,66,-2.024066748409588,13.173913383595268,body,-3.2878429008497037,-9.58994159465368,body
medium_none,body_world,90413,True,True,l,1.497413653722908,4.0,medium,68,-2.0195381190476462,13.225227694625957,body,-2.91838354785107,-3.519689968388199,body
medium_none,body_world,90414,True,True,m,1.6384059842206313,-1.0,short,67,-1.7748780468310201,15.997493216733428,body,-2.5900663195936264,1.8745927113849405,world
medium_none,body_world,90415,True,True,l,1.4445958942354706,1.0,medium,61,-1.893211979781719,14.656640663873327,body,-2.2052766362616283,8.196723094764025,body
medium_none,body_world,90416,True,True,m,1.4228738912776615,-2.0,short,70,-1.9013044556944356,14.564944083560682,body,-2.7654648806053963,-1.007222004049421,world
medium_none,body_world,90417,True,True,l,1.412003609654068,-2.0,medium,63,-2.1292850196035533,11.981675586540613,body,-3.0007995751973846,-4.873792983967176,body
medium_none,body_world,90418,True,True,m,1.6633408277228265,4.0,short,65,-1.6327845568439547,17.607567470526178,body,-2.000947503436749,11.553869803209173,body
medium_none,body_world,90419,True,True,l,1.4868039659450991,-4.0,medium,75,-1.9948152527433864,13.505364740454535,body,-2.8473361462278817,-2.3523745337003423,body
medium_none,body_world,90420,True,True,m,1.5449902128447706,1.0,short,63,-1.717734403219376,16.644993037839882,body,-2.030453541680305,11.069082843077028,body
medium_none,body_world,90421,True,True,l,1.3429074718778478,1.0,medium,68,-2.071209526283378,12.639734281415649,body,-2.2137068857747826,8.058213309041431,body
medium_none,body_world,90422,True,True,m,1.4859152920245902,2.0,short,56,-1.755466095155128,16.217451806054218,body,-2.035314815988609,10.989211652819694,body
medium_none,body_world,90423,True,True,l,1.4537628318674107,-2.0,medium,61,-2.0758142732220306,12.587557475202846,body,-2.8825003550096997,-2.9301257634681246,body
medium_none,body_world,90424,True,True,m,1.5039422662674549,-4.0,short,72,-2.0719618446195116,12.631209693950202,body,-3.358559476114818,-10.751821521424873,body
medium_none,body_world,90425,True,True,l,1.484051795950852,4.0,medium,66,-2.0731709188415044,12.6175095640151,body,-2.953837466487804,-4.102201158091158,body
medium_none,body_world,90426,True,True,m,1.499613542769097,-1.0,short,68,-1.8017126323811892,15.693428088137747,body,-2.555987642267116,2.4345085581032446,body
medium_none,body_world,90427,True,True,l,1.2434438593395136,1.0,medium,67,-2.129196003265854,11.982684238756201,body,-2.236718475276041,7.680130747430158,body
medium_none,body_world,90428,True,True,m,1.5747146197091175,2.0,short,64,-1.6834049506594846,17.033983185935423,body,-2.0074733954936193,11.446648788097411,body
medium_none,body_world,90429,True,True,l,1.4646053079069046,-2.0,medium,67,-2.1069570123070536,12.234676267218266,body,-2.924507720718218,-3.6203106997477215,body
medium_none,body_world,90430,True,True,m,1.6725099978259204,-4.0,short,62,-1.9320881816781035,14.21613088566804,body,-3.1964143102287683,-8.087761323943507,body
medium_none,body_world,90431,True,True,l,1.3236542402011626,-4.0,medium,67,-2.1388088946746673,11.873759692225292,body,-3.040489244007367,-5.525897944050907,body
medium_none,body_world,90432,True,True,m,1.3642720743548598,-1.0,short,61,-1.8236387213432428,15.444981580649012,body,-2.495512869736938,3.4281147107689858,body
medium_none,body_world,90433,True,True,l,1.3743791243103016,-1.0,medium,77,-2.0206693890644143,13.212409171214,body,-2.863691906509381,-2.621101200495397,body
medium_none,body_world,90434,True,True,m,1.4747028802268096,2.0,short,62,-1.743369839766356,16.354515575622667,body,-2.0410837704632496,10.894427192777437,body
medium_none,body_world,90435,True,True,l,1.3038106075252267,-2.0,medium,60,-2.2953871014891574,10.099557795150377,body,-3.407875784509332,-11.56209306768159,body
medium_none,body_world,90436,True,True,m,1.6168586909623586,4.0,short,79,-1.6241794033277566,17.705073247375108,body,-2.8512058074365982,-2.415953428251687,body
medium_none,body_world,90437,True,True,l,1.3291113567705524,-4.0,medium,77,-2.1340900039736512,11.927229871787068,body,-3.0751406464830136,-6.095223718382975,body
medium_none,body_world,90438,True,True,m,1.329008599029527,-1.0,short,80,-1.933964100454857,14.194874679455271,body,-2.7840361155173095,-1.3123491256416464,world
medium_none,body_world,90439,True,True,l,1.445391509411858,1.0,medium,66,-1.9127712171950841,14.435013166470416,body,-2.2429427602155854,7.577865165384523,body
medium_none,body_world,90440,True,True,m,1.5564106744089927,2.0,short,74,-1.722568716135358,16.590214998666458,body,-2.036063399107179,10.976912362367278,body
medium_none,body_world,90441,True,True,l,1.3070596772413094,2.0,medium,71,-2.983500318603141,2.30248437067064,body,-2.110056287598184,9.761202303739351,body
medium_none,body_world,90442,True,True,m,1.6269524228642334,4.0,short,74,-1.671036644247694,17.174129590379824,body,-1.9761403577402659,11.961453520565057,body
medium_none,body_world,90443,True,True,l,1.378277312801848,-4.0,medium,72,-2.082936203555582,12.506858235087059,body,-3.1757261333158415,-7.747852647844498,body
medium_none,body_world,90444,True,True,m,1.453510197141481,1.0,short,71,-1.762376135139654,16.139153514747722,body,-2.111607036276522,9.73572335832842,body
medium_none,body_world,90445,True,True,l,1.3665797638238526,-1.0,medium,62,-2.059061307245201,12.777386855819893,body,-2.9420778241534817,-3.908989137811125,body
medium_none,body_world,90446,True,True,m,1.33490869903924,-2.0,short,64,-2.0058327638692544,13.380524320205515,body,-2.973071247116076,-4.418213967593463,body
medium_none,body_world,90447,True,True,l,1.360545744961593,2.0,medium,71,-2.901096069754272,3.236214406344844,body,-2.13721089021108,9.31504965031841,body
medium_none,body_world,90448,True,True,m,1.3926898559008811,4.0,short,79,-1.8206090119750458,15.479311492952895,body,-2.1362088021088512,9.331514051294715,body
medium_none,body_world,90449,True,True,l,1.4996288562259714,4.0,medium,69,-2.1437249137303174,11.818055833354789,body,-2.981336073295597,-4.554005832516757,body
medium_none,body_world,90450,True,True,m,1.6497126455801099,-1.0,short,68,-1.670939774101305,17.175227234815726,body,-2.5139528239138276,3.1251445438966976,body
medium_none,body_world,90451,True,True,l,1.4011624978174013,-1.0,medium,69,-2.0100972960484187,13.332202518363868,body,-2.8179672136070693,-1.86984023173661,world
medium_none,body_world,90452,True,True,m,1.3459971515369575,2.0,short,75,-1.8931015829500233,14.657891580410247,body,-2.1280382477212476,9.465757021884837,body
medium_none,body_world,90453,True,True,l,1.3128410648573021,-2.0,medium,60,-2.1986096322498354,11.196152097842472,body,-3.262195403260272,-9.168550817323805,body
medium_none,body_world,90454,True,True,m,1.4532800695650452,4.0,short,80,-1.8109430718617883,15.588837139176908,body,-2.049979398592908,10.748271192983566,body
medium_none,body_world,90455,True,True,l,1.4639866887179158,4.0,medium,63,-2.038666296532841,13.008484576459926,body,-3.0136070947815212,-5.08422172518873,body
medium_none,body_world,90456,True,True,m,1.437503394575647,1.0,short,71,-1.7473345622063716,16.30959094519319,body,-2.0752499911874027,10.333072999871396,body
medium_none,body_world,90457,True,True,l,1.433005966120608,-1.0,medium,79,-2.005441756555259,13.384954859629705,body,-2.6973975099704957,0.11113124357738564,world
medium_none,body_world,90458,True,True,m,1.5714723561915191,-2.0,short,75,-1.8332706788875672,15.335840994003183,body,-2.7126970356690006,-0.14024139051257695,world
medium_none,body_world,90459,True,True,l,1.423809978213943,-2.0,medium,75,-2.150692910662122,11.739100826609393,body,-2.9913806300632775,-4.719038836984652,body
medium_none,body_world,90460,True,True,m,1.501503010941712,-4.0,short,65,-2.062436600353953,12.739141102732257,body,-3.285458401094165,-9.550764041287099,body
medium_none,body_world,90461,True,True,l,1.4979893620177673,-4.0,medium,68,-2.0075937246552926,13.360570713437204,body,-2.952411796720064,-4.078777270846452,body
medium_none,body_world,90462,True,True,m,1.32405485767968,-1.0,short,61,-1.8336893680896387,15.33109678858844,body,-2.442738886897272,4.295196170628998,body
medium_none,body_world,90463,True,True,l,1.2959566174498844,1.0,medium,60,-2.298097778578423,10.068842866604603,body,-2.220604948301975,7.944877498392931,body
medium_none,body_world,90464,True,True,m,1.5484915809048363,-2.0,short,68,-1.8440219966585811,15.214016834859581,body,-2.7181362506780173,-0.22960820038249471,world
medium_none,body_world,90465,True,True,l,1.428408630737959,-2.0,medium,69,-2.2230283886983275,10.919460948438429,body,-3.1148462177294416,-6.747589956980597,body
medium_none,body_world,90466,True,True,m,1.3278826334953207,4.0,short,72,-1.8834493654728903,14.767261734196708,body,-2.158174006219945,8.970623699231785,body
medium_none,body_world,90467,True,True,l,1.224242705022093,-4.0,medium,67,-2.181565662032255,11.389278873968768,body,-3.1624587738511356,-7.529868694499629,body
medium_none,body_world,90468,True,True,m,1.377155487281401,1.0,short,65,-1.7980439289691832,15.734998500047611,body,-2.197266513965598,8.328330151127389,body
medium_none,body_world,90469,True,True,l,1.2775926055522053,-1.0,medium,67,-2.0661626772243755,12.69692058694884,body,-3.0503412001871872,-5.687766502897948,body
medium_none,body_world,90470,True,True,m,1.5219750255884492,2.0,short,70,-1.7236040286973657,16.578483777898576,body,-2.0406408684018276,10.901704114952508,body
medium_none,body_world,90471,True,True,l,1.2543795609592172,2.0,medium,63,-3.6668621140758293,-5.440750263205391,body,-2.2595498541258094,7.305009063629659,body
medium_none,body_world,90472,True,True,m,1.523888147333015,4.0,short,77,-1.755937507234524,16.21211019292309,body,-1.9922637201624565,11.696545172272323,body
medium_none,body_world,90473,True,True,l,1.4189126139922845,-4.0,medium,63,-2.1390919691997965,11.870552149044695,body,-2.9916114827197697,-4.722831767660587,body
medium_none,body_world,90474,True,True,m,1.3393605416224226,1.0,short,80,-1.8368852199577705,15.294884300512576,body,-2.1441461478647668,9.201102720272718,body
medium_none,body_world,90475,True,True,l,1.4134205728523153,1.0,medium,66,-2.241580204496761,10.709248636946308,body,-2.1084161660680922,9.788149653439683,body
medium_none,body_world,90476,True,True,m,1.3814810158500825,-2.0,short,70,-1.9714026228301358,13.770655378613498,body,-2.8481800307294693,-2.366239634763738,body
medium_none,body_world,90477,True,True,l,1.4674729887667173,2.0,medium,78,-2.013275553003506,13.296189399847394,body,-2.0232297847007406,11.187769843952902,body
medium_none,body_world,90478,True,True,m,1.5027032697774165,4.0,short,80,-1.7484117577073428,16.29738514503603,body,-2.0027274120655245,11.524625738440655,body
medium_none,body_world,90479,True,True,l,1.3850046666885212,-4.0,medium,66,-2.111636045736309,12.181657714026525,body,-3.1181692723502237,-6.802188054314584,body
medium_none,calib,90480,False,False,,1.0,0.0,,64,-3.368869435722607,-2.06416813211028,body,-2.816010304459387,-1.837688031935036,world
medium_none,calib,90481,False,False,,1.0,0.0,,76,-3.2716525630203717,-0.9625949088305601,world,-2.73540084620078,-0.5132671149512457,world
medium_none,calib,90482,False,False,,1.0,0.0,,79,-3.1292337229097065,0.6511659167926367,world,-2.6948835583825246,0.1524357026237656,world
medium_none,calib,90483,False,False,,1.0,0.0,,70,-3.129045856610597,0.6532946469081311,world,-2.660046454575086,0.7248125671560484,world
medium_none,calib,90484,False,False,,1.0,0.0,,69,-3.2327736484301015,-0.5220543928442228,world,-2.6910078836154576,0.21611340049964345,world
medium_none,calib,90485,False,False,,1.0,0.0,,78,-3.13470847268481,0.5891310293417487,world,-2.6447305795847535,0.9764538216355032,world
medium_none,calib,90486,False,False,,1.0,0.0,,79,-3.2669745502435665,-0.9095879207445254,world,-2.721139028927122,-0.27894412706022487,world
medium_none,calib,90487,False,False,,1.0,0.0,,74,-3.3475377750004354,-1.8224571450514286,world,-2.7947916781627637,-1.4890640229911545,world
medium_none,calib,90488,False,False,,1.0,0.0,,62,-3.0722947671546876,1.2963464011860137,world,-2.711223835511267,-0.11603657452750589,world
medium_none,calib,90489,False,False,,1.0,0.0,,65,-3.020684263274392,1.88114971293871,world,-2.6889328316580667,0.25020669768295756,world
medium_none,calib,90490,False,False,,1.0,0.0,,70,-3.0745434762860033,1.2708660735726258,world,-2.6686157896796345,0.584017592195454,world
medium_none,calib,90491,False,False,,1.0,0.0,,63,-3.1017660021116606,0.9624051584449247,world,-2.618602026531971,1.405748385092404,world
medium_none,calib,90492,False,False,,1.0,0.0,,66,-3.008003409653771,2.024837618222305,body,-2.673161302402619,0.5093343942334634,world
medium_none,calib,90493,False,False,,1.0,0.0,,80,-3.2652127814197653,-0.889625158026858,world,-2.754008471879893,-0.818992140242442,world
medium_none,calib,90494,False,False,,1.0,0.0,,79,-3.203710528740158,-0.19273754129856202,world,-2.7438462949080105,-0.6520266248500174,world
medium_none,calib,90495,False,False,,1.0,0.0,,75,-3.2199477300663304,-0.3767227457671097,world,-2.6591788096781355,0.7390680537311952,world
medium_none,calib,90496,False,False,,1.0,0.0,,76,-3.1164136599928836,0.7964312152680186,world,-2.675611806482179,0.46907238366751647,world
medium_none,calib,90497,False,False,,1.0,0.0,,68,-3.2858973581687296,-1.1240039777542017,world,-2.7556138011877898,-0.8453678504873169,world
medium_none,calib,90498,False,False,,1.0,0.0,,70,-3.118480472360818,0.7730119764180581,world,-2.6254382751667222,1.2934281824615947,world
medium_none,calib,90499,False,False,,1.0,0.0,,79,-3.169525451493021,0.19461667700195218,world,-2.754841088011186,-0.8326721009309866,world
medium_none,calib,90500,False,False,,1.0,0.0,,72,-3.158786899305335,0.31629618816024974,world,-2.7450233545474974,-0.6713658245016586,world
medium_none,calib,90501,False,False,,1.0,0.0,,76,-3.2235058846549425,-0.4170405189083024,world,-2.6646081216596698,0.6498639515263904,world
medium_none,calib,90502,False,False,,1.0,0.0,,76,-3.1940905880818096,-0.08373311908026963,world,-2.7252740567335914,-0.3468830195612529,world
medium_none,calib,90503,False,False,,1.0,0.0,,63,-3.147603860376008,0.44301221899959975,world,-2.6917089138133066,0.2045954089695453,world
medium_none,calib,90504,False,False,,1.0,0.0,,72,-3.190028419838663,-0.0377043213960092,world,-2.6763907600298595,0.4562741042323985,world
medium_none,calib,90505,False,False,,1.0,0.0,,75,-3.1788772703103945,0.08865036774064561,world,-2.6549477968028166,0.8085839898651758,world
medium_none,calib,90506,False,False,,1.0,0.0,,78,-3.058100799702816,1.4571795368596543,world,-2.5908839610187018,1.861158786516123,world
medium_none,calib,90507,False,False,,1.0,0.0,,72,-3.1716053108131925,0.17104960194999827,world,-2.631909701677238,1.1871020413559976,world
medium_none,calib,90508,False,False,,1.0,0.0,,68,-3.0885453109007197,1.1122100125449805,world,-2.641166173572441,1.0350173448412368,world
medium_none,calib,90509,False,False,,1.0,0.0,,69,-3.2347502520099973,-0.5444514677153836,world,-2.642979308600691,1.0052273672305863,world
medium_none,calib,90510,False,False,,1.0,0.0,,60,-3.2355635863793277,-0.5536674334003903,world,-2.7618407389881594,-0.9476770192837219,world
medium_none,calib,90511,False,False,,1.0,0.0,,67,-3.2202335106721787,-0.3799609517943631,world,-2.6552244780190337,0.8040380916788994,world
medium_none,calib,90512,False,False,,1.0,0.0,,65,-3.3009717276298693,-1.2948130286385884,world,-2.7990320447769954,-1.5587336419278195,world
medium_none,calib,90513,False,False,,1.0,0.0,,79,-3.0986323171414325,0.9979132277485987,world,-2.630248778585571,1.2143911626530026,world
medium_none,calib,90514,False,False,,1.0,0.0,,62,-3.1335202924285634,0.602594407851357,world,-2.7390311455865177,-0.5729132724276996,world
medium_none,calib,90515,False,False,,1.0,0.0,,75,-3.104703477111463,0.9291203621550161,world,-2.6898774555763736,0.2346864386077119,world
medium_none,calib,90516,False,False,,1.0,0.0,,71,-3.1681866442290536,0.20978682383063987,world,-2.7896375930032296,-1.40438192314,world
medium_none,calib,90517,False,False,,1.0,0.0,,77,-3.15286053630771,0.38344834609496753,world,-2.7463203325105665,-0.6926752933935725,world
medium_none,calib,90518,False,False,,1.0,0.0,,72,-3.3721980364617057,-2.1018848097122316,body,-2.76864606905314,-1.0594892269296732,world
medium_none,calib,90519,False,False,,1.0,0.0,,76,-3.0755422454517665,1.2595489293500182,world,-2.654333221130993,0.818681525469761,world
medium_none,calib,90520,False,False,,1.0,0.0,,76,-3.2194461522636337,-0.3710393220826794,world,-2.6648045079576566,0.6466373063350992,world
medium_none,calib,90521,False,False,,1.0,0.0,,64,-3.276413499959045,-1.016541518133961,world,-2.6838125219614195,0.3343338635289138,world
medium_none,calib,90522,False,False,,1.0,0.0,,80,-3.2626855208927004,-0.8609885392231084,world,-2.765471194971956,-1.0073257496808894,world
medium_none,calib,90523,False,False,,1.0,0.0,,64,-3.3952334121728733,-2.362900746208478,body,-2.8119642547359387,-1.7712110576363138,world
medium_none,calib,90524,False,False,,1.0,0.0,,60,-3.1920561412199655,-0.06068061672240119,world,-2.7077940203269417,-0.05968439117780218,world
medium_none,calib,90525,False,False,,1.0,0.0,,74,-3.1476867062977476,0.44207348432824406,world,-2.672198757178417,0.5251491020359371,world
medium_none,calib,90526,False,False,,1.0,0.0,,64,-3.1952244684432447,-0.0965812205449751,world,-2.620159607706,1.3801571811400586,world
medium_none,calib,90527,False,False,,1.0,0.0,,77,-3.186354532980425,0.003924824614374422,world,-2.699089456105176,0.08333241079039755,world
medium_none,calib,90528,False,False,,1.0,0.0,,69,-3.241354196732866,-0.6192813657826981,world,-2.876870978669019,-2.8376345851841527,body
medium_none,calib,90529,False,False,,1.0,0.0,,61,-3.173007952325636,0.1551561434481947,world,-2.719735722095166,-0.25588766493606113,world
