cell,seed,has_body,has_push,param,factor,torque,duration_name,duration,body_onset,push_onset,offset_steps,offset_s,onset,verdict,correct,path,verdict_time_s,settled,settled_score,settle_time_s,late_block_median,late_frac_above_alarm
neither,90000,False,False,,1.0,0.0,,0,79,79,0,0.0,79,world,True,settled,3.0,True,0.010147066786885262,3.0,0.010045867413282394,0.0
neither,90001,False,False,,1.0,0.0,,0,75,75,0,0.0,75,world,True,settled,3.0,True,0.009531071409583092,3.0,0.011068086139857769,0.0
neither,90002,False,False,,1.0,0.0,,0,65,65,0,0.0,65,world,True,settled,3.0,True,0.010323912836611271,3.0,0.010980875231325626,0.0
neither,90003,False,False,,1.0,0.0,,0,61,61,0,0.0,61,world,True,settled,3.0,True,0.010359534062445164,3.0,0.011334097012877464,0.0
neither,90004,False,False,,1.0,0.0,,0,76,76,0,0.0,76,world,True,settled,3.0,True,0.011199306696653366,3.0,0.010285874828696251,0.0
neither,90005,False,False,,1.0,0.0,,0,79,79,0,0.0,79,world,True,settled,3.0,True,0.010099153965711594,3.0,0.010731878690421581,0.0
neither,90006,False,False,,1.0,0.0,,0,74,74,0,0.0,74,world,True,settled,3.0,True,0.011760720983147621,3.0,0.010558312758803368,0.0
neither,90007,False,False,,1.0,0.0,,0,79,79,0,0.0,79,world,True,settled,3.0,True,0.010872520506381989,3.0,0.010698391124606133,0.0
neither,90008,False,False,,1.0,0.0,,0,62,62,0,0.0,62,world,True,settled,3.0,True,0.011880552396178246,3.0,0.010841519571840763,0.0
neither,90009,False,False,,1.0,0.0,,0,74,74,0,0.0,74,world,True,settled,3.0,True,0.011217331513762474,3.0,0.011228075250983238,0.0
neither,90010,False,False,,1.0,0.0,,0,72,72,0,0.0,72,world,True,settled,3.0,True,0.011725644581019878,3.0,0.009660286828875542,0.0
neither,90011,False,False,,1.0,0.0,,0,71,71,0,0.0,71,world,True,settled,3.0,True,0.009103002026677132,3.0,0.010859379544854164,0.0
neither,90012,False,False,,1.0,0.0,,0,62,62,0,0.0,62,world,True,settled,3.0,True,0.01086883433163166,3.0,0.010723846964538097,0.0
neither,90013,False,False,,1.0,0.0,,0,68,68,0,0.0,68,world,True,settled,3.0,True,0.010870978236198425,3.0,0.010533491149544716,0.0
neither,90014,False,False,,1.0,0.0,,0,80,80,0,0.0,80,world,True,settled,3.0,True,0.010709507390856743,3.0,0.010044069029390812,0.0
neither,90015,False,False,,1.0,0.0,,0,76,76,0,0.0,76,world,True,settled,3.0,True,0.01066428329795599,3.0,0.012021368369460106,0.0
neither,90016,False,False,,1.0,0.0,,0,76,76,0,0.0,76,world,True,settled,3.0,True,0.009882045909762383,3.0,0.010226419195532799,0.0
neither,90017,False,False,,1.0,0.0,,0,74,74,0,0.0,74,world,True,settled,3.0,True,0.010149150155484676,3.0,0.010762604884803295,0.0
neither,90018,False,False,,1.0,0.0,,0,66,66,0,0.0,66,world,True,settled,3.0,True,0.01137264259159565,3.0,0.01138368807733059,0.0
neither,90019,False,False,,1.0,0.0,,0,66,66,0,0.0,66,world,True,settled,3.0,True,0.010184000246226788,3.0,0.010130760259926319,0.0
neither,90020,False,False,,1.0,0.0,,0,73,73,0,0.0,73,world,True,settled,3.0,True,0.010573295876383781,3.0,0.010049370117485523,0.0
neither,90021,False,False,,1.0,0.0,,0,74,74,0,0.0,74,world,True,settled,3.0,True,0.011522209271788597,3.0,0.010126816108822823,0.0
neither,90022,False,False,,1.0,0.0,,0,66,66,0,0.0,66,world,True,settled,3.0,True,0.010660411790013313,3.0,0.010452445596456528,0.0
neither,90023,False,False,,1.0,0.0,,0,75,75,0,0.0,75,world,True,settled,3.0,True,0.0108833909034729,3.0,0.01065153069794178,0.0
neither,90024,False,False,,1.0,0.0,,0,73,73,0,0.0,73,world,True,settled,3.0,True,0.009450316429138184,3.0,0.01024208590388298,0.0
neither,90025,False,False,,1.0,0.0,,0,68,68,0,0.0,68,world,True,settled,3.0,True,0.01226196251809597,3.0,0.010827997699379921,0.0
neither,90026,False,False,,1.0,0.0,,0,73,73,0,0.0,73,world,True,settled,3.0,True,0.010404706001281738,3.0,0.010290605947375298,0.0
neither,90027,False,False,,1.0,0.0,,0,61,61,0,0.0,61,world,True,settled,3.0,True,0.011047274805605412,3.0,0.010673942044377327,0.0
neither,90028,False,False,,1.0,0.0,,0,71,71,0,0.0,71,world,True,settled,3.0,True,0.010090487077832222,3.0,0.010175945237278938,0.0
neither,90029,False,False,,1.0,0.0,,0,60,60,0,0.0,60,world,True,settled,3.0,True,0.009926791302859783,3.0,0.011032582260668278,0.0
neither,90030,False,False,,1.0,0.0,,0,72,72,0,0.0,72,world,True,settled,3.0,True,0.01026066578924656,3.0,0.009595337323844433,0.0
neither,90031,False,False,,1.0,0.0,,0,65,65,0,0.0,65,world,True,settled,3.0,True,0.01116102747619152,3.0,0.010813107714056969,0.0
neither,90032,False,False,,1.0,0.0,,0,78,78,0,0.0,78,world,True,settled,3.0,True,0.011568120680749416,3.0,0.010234166868031025,0.0
neither,90033,False,False,,1.0,0.0,,0,74,74,0,0.0,74,world,True,settled,3.0,True,0.011118274182081223,3.0,0.0113512659445405,0.0
neither,90034,False,False,,1.0,0.0,,0,63,63,0,0.0,63,world,True,settled,3.0,True,0.010430244728922844,3.0,0.010071942582726479,0.0
neither,90035,False,False,,1.0,0.0,,0,66,66,0,0.0,66,world,True,settled,3.0,True,0.011327197775244713,3.0,0.010695277713239193,0.0
neither,90036,False,False,,1.0,0.0,,0,61,61,0,0.0,61,world,True,settled,3.0,True,0.010835393331944942,3.0,0.011407471261918545,0.0
neither,90037,False,False,,1.0,0.0,,0,69,69,0,0.0,69,world,True,settled,3.0,True,0.010954402387142181,3.0,0.010618376545608044,0.0
neither,90038,False,False,,1.0,0.0,,0,63,63,0,0.0,63,world,True,settled,3.0,True,0.010581202805042267,3.0,0.010387470945715904,0.0
neither,90039,False,False,,1.0,0.0,,0,63,63,0,0.0,63,world,True,settled,3.0,True,0.010605329647660255,3.0,0.01147117093205452,0.0
neither,90040,False,False,,1.0,0.0,,0,66,66,0,0.0,66,world,True,settled,3.0,True,0.011013579554855824,3.0,0.010762527585029602,0.0
neither,90041,False,False,,1.0,0.0,,0,71,71,0,0.0,71,world,True,settled,3.0,True,0.011241698637604713,3.0,0.01143155712634325,0.0
neither,90042,False,False,,1.0,0.0,,0,64,64,0,0.0,64,world,True,settled,3.0,True,0.010918877087533474,3.0,0.011577839031815529,0.0
neither,90043,False,False,,1.0,0.0,,0,79,79,0,0.0,79,world,True,settled,3.0,True,0.010477611795067787,3.0,0.010890157893300056,0.0
neither,90044,False,False,,1.0,0.0,,0,65,65,0,0.0,65,world,True,settled,3.0,True,0.009847872890532017,3.0,0.010416755452752113,0.0
neither,90045,False,False,,1.0,0.0,,0,64,64,0,0.0,64,world,True,settled,3.0,True,0.010201899334788322,3.0,0.01060676109045744,0.0
neither,90046,False,False,,1.0,0.0,,0,73,73,0,0.0,73,world,True,settled,3.0,True,0.010275643318891525,3.0,0.010291635058820248,0.0
neither,90047,False,False,,1.0,0.0,,0,66,66,0,0.0,66,world,True,settled,3.0,True,0.011094925925135612,3.0,0.011866165325045586,0.0
neither,90048,False,False,,1.0,0.0,,0,76,76,0,0.0,76,world,True,settled,3.0,True,0.010164712555706501,3.0,0.010711733251810074,0.0
neither,90049,False,False,,1.0,0.0,,0,76,76,0,0.0,76,world,True,settled,3.0,True,0.010409338399767876,3.0,0.01077282428741455,0.0
neither,90050,False,False,,1.0,0.0,,0,60,60,0,0.0,60,world,True,settled,3.0,True,0.011217187158763409,3.0,0.009843869134783745,0.0
neither,90051,False,False,,1.0,0.0,,0,76,76,0,0.0,76,world,True,settled,3.0,True,0.011148087680339813,3.0,0.010633287951350212,0.0
neither,90052,False,False,,1.0,0.0,,0,68,68,0,0.0,68,world,True,settled,3.0,True,0.011169267818331718,3.0,0.010242801159620285,0.0
neither,90053,False,False,,1.0,0.0,,0,72,72,0,0.0,72,world,True,settled,3.0,True,0.011089567095041275,3.0,0.010614966973662376,0.0
neither,90054,False,False,,1.0,0.0,,0,65,65,0,0.0,65,world,True,settled,3.0,True,0.010456857271492481,3.0,0.011074493639171124,0.0
neither,90055,False,False,,1.0,0.0,,0,68,68,0,0.0,68,world,True,settled,3.0,True,0.011100019328296185,3.0,0.009800245985388756,0.0
neither,90056,False,False,,1.0,0.0,,0,68,68,0,0.0,68,world,True,settled,3.0,True,0.010796821676194668,3.0,0.010171575471758842,0.0
neither,90057,False,False,,1.0,0.0,,0,76,76,0,0.0,76,world,True,settled,3.0,True,0.009434240870177746,3.0,0.010823823511600494,0.0
neither,90058,False,False,,1.0,0.0,,0,61,61,0,0.0,61,world,True,settled,3.0,True,0.009978706017136574,3.0,0.011173720471560955,0.0
neither,90059,False,False,,1.0,0.0,,0,62,62,0,0.0,62,world,True,settled,3.0,True,0.011197388172149658,3.0,0.010766590014100075,0.0
neither,90060,False,False,,1.0,0.0,,0,62,62,0,0.0,62,world,True,settled,3.0,True,0.0114773940294981,3.0,0.011396723799407482,0.0
neither,90061,False,False,,1.0,0.0,,0,80,80,0,0.0,80,world,True,settled,3.0,True,0.009906376712024212,3.0,0.00992913730442524,0.0
neither,90062,False,False,,1.0,0.0,,0,66,66,0,0.0,66,world,True,settled,3.0,True,0.011189081706106663,3.0,0.010221127420663834,0.0
neither,90063,False,False,,1.0,0.0,,0,62,62,0,0.0,62,world,True,settled,3.0,True,0.01096114981919527,3.0,0.010145926848053932,0.0
neither,90064,False,False,,1.0,0.0,,0,72,72,0,0.0,72,world,True,settled,3.0,True,0.009584976360201836,3.0,0.010426754131913185,0.0
neither,90065,False,False,,1.0,0.0,,0,63,63,0,0.0,63,world,True,settled,3.0,True,0.010783938691020012,3.0,0.010199172422289848,0.0
neither,90066,False,False,,1.0,0.0,,0,61,61,0,0.0,61,world,True,settled,3.0,True,0.01244845986366272,3.0,0.010008696466684341,0.0
neither,90067,False,False,,1.0,0.0,,0,71,71,0,0.0,71,world,True,settled,3.0,True,0.01074340008199215,3.0,0.010904510505497456,0.0
neither,90068,False,False,,1.0,0.0,,0,76,76,0,0.0,76,world,True,settled,3.0,True,0.009910396300256252,3.0,0.010818068869411945,0.0
neither,90069,False,False,,1.0,0.0,,0,70,70,0,0.0,70,world,True,settled,3.0,True,0.010782286524772644,3.0,0.0109972869977355,0.0
neither,90070,False,False,,1.0,0.0,,0,76,76,0,0.0,76,world,True,settled,3.0,True,0.011185004375874996,3.0,0.01156090758740902,0.0
neither,90071,False,False,,1.0,0.0,,0,77,77,0,0.0,77,world,True,settled,3.0,True,0.010257218964397907,3.0,0.010364338755607605,0.0
neither,90072,False,False,,1.0,0.0,,0,70,70,0,0.0,70,world,True,settled,3.0,True,0.010505402460694313,3.0,0.01103198155760765,0.0
neither,90073,False,False,,1.0,0.0,,0,80,80,0,0.0,80,world,True,settled,3.0,True,0.010450810194015503,3.0,0.010394306853413582,0.0
neither,90074,False,False,,1.0,0.0,,0,67,67,0,0.0,67,world,True,settled,3.0,True,0.00987211987376213,3.0,0.01004541665315628,0.0
neither,90075,False,False,,1.0,0.0,,0,71,71,0,0.0,71,world,True,settled,3.0,True,0.01058727316558361,3.0,0.011252101510763168,0.0
neither,90076,False,False,,1.0,0.0,,0,75,75,0,0.0,75,world,True,settled,3.0,True,0.010753823444247246,3.0,0.010731874033808708,0.0
neither,90077,False,False,,1.0,0.0,,0,63,63,0,0.0,63,world,True,settled,3.0,True,0.011475063860416412,3.0,0.011601959355175495,0.0
neither,90078,False,False,,1.0,0.0,,0,63,63,0,0.0,63,world,True,settled,3.0,True,0.01071022916585207,3.0,0.010407105088233948,0.0
neither,90079,False,False,,1.0,0.0,,0,64,64,0,0.0,64,world,True,settled,3.0,True,0.010560242459177971,3.0,0.011188306845724583,0.0
neither,90080,False,False,,1.0,0.0,,0,78,78,0,0.0,78,world,True,settled,3.0,True,0.010487882420420647,3.0,0.01098636630922556,0.0
neither,90081,False,False,,1.0,0.0,,0,79,79,0,0.0,79,world,True,settled,3.0,True,0.011210506781935692,3.0,0.00941496342420578,0.0
neither,90082,False,False,,1.0,0.0,,0,76,76,0,0.0,76,world,True,settled,3.0,True,0.011701489798724651,3.0,0.010034170001745224,0.0
neither,90083,False,False,,1.0,0.0,,0,74,74,0,0.0,74,world,True,settled,3.0,True,0.009989654645323753,3.0,0.009634037502110004,0.0
neither,90084,False,False,,1.0,0.0,,0,73,73,0,0.0,73,world,True,settled,3.0,True,0.010472599416971207,3.0,0.0111174825578928,0.0
neither,90085,False,False,,1.0,0.0,,0,72,72,0,0.0,72,world,True,settled,3.0,True,0.010706196539103985,3.0,0.012123221531510353,0.0
neither,90086,False,False,,1.0,0.0,,0,63,63,0,0.0,63,world,True,settled,3.0,True,0.010620939545333385,3.0,0.010610233061015606,0.0
neither,90087,False,False,,1.0,0.0,,0,66,66,0,0.0,66,world,True,settled,3.0,True,0.00992579199373722,3.0,0.011548217386007309,0.0
neither,90088,False,False,,1.0,0.0,,0,75,75,0,0.0,75,world,True,settled,3.0,True,0.011354060843586922,3.0,0.01073003001511097,0.0
neither,90089,False,False,,1.0,0.0,,0,62,62,0,0.0,62,world,True,settled,3.0,True,0.010075205937027931,3.0,0.010550755076110363,0.0
neither,90090,False,False,,1.0,0.0,,0,68,68,0,0.0,68,world,True,settled,3.0,True,0.011296403594315052,3.0,0.010540011338889599,0.0
neither,90091,False,False,,1.0,0.0,,0,77,77,0,0.0,77,world,True,settled,3.0,True,0.010430452413856983,3.0,0.010768765583634377,0.0
neither,90092,False,False,,1.0,0.0,,0,68,68,0,0.0,68,world,True,settled,3.0,True,0.010632138699293137,3.0,0.010486352257430553,0.0
neither,90093,False,False,,1.0,0.0,,0,64,64,0,0.0,64,world,True,settled,3.0,True,0.009789472445845604,3.0,0.010270366445183754,0.0
neither,90094,False,False,,1.0,0.0,,0,69,69,0,0.0,69,world,True,settled,3.0,True,0.010383635759353638,3.0,0.010628201067447662,0.0
neither,90095,False,False,,1.0,0.0,,0,61,61,0,0.0,61,world,True,settled,3.0,True,0.011293405666947365,3.0,0.011572662740945816,0.0
neither,90096,False,False,,1.0,0.0,,0,62,62,0,0.0,62,world,True,settled,3.0,True,0.01121527235955,3.0,0.010444746352732182,0.0
neither,90097,False,False,,1.0,0.0,,0,61,61,0,0.0,61,world,True,settled,3.0,True,0.011623616330325603,3.0,0.010249723680317402,0.0
neither,90098,False,False,,1.0,0.0,,0,70,70,0,0.0,70,world,True,settled,3.0,True,0.009791351854801178,3.0,0.010289250873029232,0.0
neither,90099,False,False,,1.0,0.0,,0,79,79,0,0.0,79,world,True,settled,3.0,True,0.009843774139881134,3.0,0.011720607057213783,0.0
neither,90100,False,False,,1.0,0.0,,0,62,62,0,0.0,62,world,True,settled,3.0,True,0.010529061779379845,3.0,0.01124308817088604,0.0
neither,90101,False,False,,1.0,0.0,,0,62,62,0,0.0,62,world,True,settled,3.0,True,0.010736683383584023,3.0,0.010589879006147385,0.0
neither,90102,False,False,,1.0,0.0,,0,63,63,0,0.0,63,world,True,settled,3.0,True,0.00947299413383007,3.0,0.011347437277436256,0.0
neither,90103,False,False,,1.0,0.0,,0,62,62,0,0.0,62,world,True,settled,3.0,True,0.010875774547457695,3.0,0.01055864430963993,0.0
neither,90104,False,False,,1.0,0.0,,0,72,72,0,0.0,72,world,True,settled,3.0,True,0.011096839793026447,3.0,0.009488863870501518,0.0
neither,90105,False,False,,1.0,0.0,,0,74,74,0,0.0,74,world,True,settled,3.0,True,0.011099130846560001,3.0,0.011072827503085136,0.0
neither,90106,False,False,,1.0,0.0,,0,79,79,0,0.0,79,world,True,settled,3.0,True,0.0108756422996521,3.0,0.010766910389065742,0.0
neither,90107,False,False,,1.0,0.0,,0,79,79,0,0.0,79,world,True,settled,3.0,True,0.010323545895516872,3.0,0.010931924916803837,0.0
neither,90108,False,False,,1.0,0.0,,0,64,64,0,0.0,64,world,True,settled,3.0,True,0.011209851130843163,3.0,0.011045008897781372,0.0
neither,90109,False,False,,1.0,0.0,,0,66,66,0,0.0,66,world,True,settled,3.0,True,0.011540602892637253,3.0,0.011066467501223087,0.0
neither,90110,False,False,,1.0,0.0,,0,60,60,0,0.0,60,world,True,settled,3.0,True,0.012653395533561707,3.0,0.01158981118351221,0.0
neither,90111,False,False,,1.0,0.0,,0,76,76,0,0.0,76,world,True,settled,3.0,True,0.01280213426798582,3.0,0.010709625668823719,0.0
neither,90112,False,False,,1.0,0.0,,0,69,69,0,0.0,69,world,True,settled,3.0,True,0.01065274327993393,3.0,0.009908853098750114,0.0
neither,90113,False,False,,1.0,0.0,,0,60,60,0,0.0,60,world,True,settled,3.0,True,0.009602758102118969,3.0,0.010941404849290848,0.0
neither,90114,False,False,,1.0,0.0,,0,65,65,0,0.0,65,world,True,settled,3.0,True,0.010580449365079403,3.0,0.011010462418198586,0.0
neither,90115,False,False,,1.0,0.0,,0,77,77,0,0.0,77,world,True,settled,3.0,True,0.011260726489126682,3.0,0.009514951147139072,0.0
neither,90116,False,False,,1.0,0.0,,0,75,75,0,0.0,75,world,True,settled,3.0,True,0.010937163606286049,3.0,0.01113700307905674,0.0
neither,90117,False,False,,1.0,0.0,,0,79,79,0,0.0,79,world,True,settled,3.0,True,0.010191055946052074,3.0,0.009385855868458748,0.0
neither,90118,False,False,,1.0,0.0,,0,68,68,0,0.0,68,world,True,settled,3.0,True,0.00959144439548254,3.0,0.010457605123519897,0.0
neither,90119,False,False,,1.0,0.0,,0,69,69,0,0.0,69,world,True,settled,3.0,True,0.009469637647271156,3.0,0.009265245869755745,0.0
body_only,90120,True,False,m,1.5891995503048728,0.0,,0,74,74,0,0.0,74,body,True,settled,3.0,True,0.06837878376245499,3.0,0.06557056307792664,1.0
body_only,90121,True,False,l,1.4812383451425903,0.0,,0,60,60,0,0.0,60,body,True,settled,3.0,True,0.0434102900326252,3.0,0.04979430511593819,0.8
body_only,90122,True,False,m,1.577333311441059,0.0,,0,60,60,0,0.0,60,body,True,settled,3.0,True,0.051921844482421875,3.0,0.06371013075113297,1.0
body_only,90123,True,False,l,1.2659873041674827,0.0,,0,78,78,0,0.0,78,body,True,settled,3.0,True,0.025625919923186302,3.0,0.024584997445344925,0.0
body_only,90124,True,False,m,1.4143549642821072,0.0,,0,79,79,0,0.0,79,body,True,settled,3.0,True,0.031295038759708405,3.0,0.029807928949594498,0.2
body_only,90125,True,False,l,1.4086180240535773,0.0,,0,63,63,0,0.0,63,body,True,settled,3.0,True,0.04563939571380615,3.0,0.03925938904285431,0.4
body_only,90126,True,False,m,1.6448408546174003,0.0,,0,68,68,0,0.0,68,body,True,settled,3.0,True,0.061073172837495804,3.0,0.0724867731332779,1.0
body_only,90127,True,False,l,1.4986137896780058,0.0,,0,61,61,0,0.0,61,body,True,settled,3.0,True,0.04126628860831261,3.0,0.0596170648932457,1.0
body_only,90128,True,False,m,1.416558817025714,0.0,,0,64,64,0,0.0,64,body,True,settled,3.0,True,0.03265265375375748,3.0,0.03587622195482254,0.0
body_only,90129,True,False,l,1.38378853736242,0.0,,0,68,68,0,0.0,68,body,True,settled,3.0,True,0.035169102251529694,3.0,0.03686264529824257,0.4
body_only,90130,True,False,m,1.4756383192437175,0.0,,0,71,71,0,0.0,71,body,True,settled,3.0,True,0.041353970766067505,3.0,0.04709037393331528,0.8
body_only,90131,True,False,l,1.3606013397692742,0.0,,0,80,80,0,0.0,80,body,True,settled,3.0,True,0.0337265320122242,3.0,0.03367350250482559,0.2
body_only,90132,True,False,m,1.3052923183294922,0.0,,0,64,64,0,0.0,64,body,True,settled,3.0,True,0.024357875809073448,3.0,0.027412787079811096,0.0
body_only,90133,True,False,l,1.3207448067237653,0.0,,0,67,67,0,0.0,67,body,True,settled,3.0,True,0.024323072284460068,3.0,0.03334132581949234,0.0
body_only,90134,True,False,m,1.4561368550822151,0.0,,0,64,64,0,0.0,64,body,True,settled,3.0,True,0.0388626866042614,3.0,0.03144092857837677,0.0
body_only,90135,True,False,l,1.4036352699808552,0.0,,0,79,79,0,0.0,79,body,True,settled,3.0,True,0.03647419810295105,3.0,0.04112610965967178,0.6
body_only,90136,True,False,m,1.3752498406372067,0.0,,0,68,68,0,0.0,68,body,True,settled,3.0,True,0.03157457336783409,3.0,0.03038579598069191,0.0
body_only,90137,True,False,l,1.3180944856558197,0.0,,0,66,66,0,0.0,66,body,True,settled,3.0,True,0.028822893276810646,3.0,0.026708010584115982,0.0
body_only,90138,True,False,m,1.3737292058898571,0.0,,0,76,76,0,0.0,76,body,True,settled,3.0,True,0.02924271859228611,3.0,0.0279666967689991,0.0
body_only,90139,True,False,l,1.2231365368057392,0.0,,0,78,78,0,0.0,78,body,True,settled,3.0,True,0.014261379837989807,3.0,0.023390771821141243,0.0
body_only,90140,True,False,m,1.5903123576273737,0.0,,0,77,77,0,0.0,77,body,True,settled,3.0,True,0.06511574983596802,3.0,0.07698677480220795,1.0
body_only,90141,True,False,l,1.3983126255738383,0.0,,0,68,68,0,0.0,68,body,True,settled,3.0,True,0.03586660698056221,3.0,0.0381113663315773,0.2
body_only,90142,True,False,m,1.5588960124158446,0.0,,0,77,77,0,0.0,77,body,True,settled,3.0,True,0.056207429617643356,3.0,0.06857911497354507,1.0
body_only,90143,True,False,l,1.3381767659159343,0.0,,0,76,76,0,0.0,76,body,True,settled,3.0,True,0.02654968574643135,3.0,0.03272664174437523,0.0
body_only,90144,True,False,m,1.4340779419258376,0.0,,0,78,78,0,0.0,78,body,True,settled,3.0,True,0.032809779047966,3.0,0.048983171582221985,0.8
body_only,90145,True,False,l,1.3732457116762027,0.0,,0,79,79,0,0.0,79,body,True,settled,3.0,True,0.030375882983207703,3.0,0.03331441432237625,0.0
body_only,90146,True,False,m,1.4659264726975494,0.0,,0,73,73,0,0.0,73,body,True,settled,3.0,True,0.041373882442712784,3.0,0.04724967107176781,0.8
body_only,90147,True,False,l,1.3697174281168265,0.0,,0,61,61,0,0.0,61,body,True,settled,3.0,True,0.034882742911577225,3.0,0.0346221849322319,0.2
body_only,90148,True,False,m,1.3038571531689942,0.0,,0,77,77,0,0.0,77,body,True,settled,3.0,True,0.020854871720075607,3.0,0.023261019960045815,0.0
body_only,90149,True,False,l,1.2823864181574816,0.0,,0,69,69,0,0.0,69,body,True,settled,3.0,True,0.025525998324155807,3.0,0.027881717309355736,0.0
body_only,90150,True,False,m,1.371260065573264,0.0,,0,77,77,0,0.0,77,body,True,settled,3.0,True,0.02835182473063469,3.0,0.027723440900444984,0.0
body_only,90151,True,False,l,1.2751118713228489,0.0,,0,67,67,0,0.0,67,body,True,settled,3.0,True,0.025886928662657738,3.0,0.02279130555689335,0.0
body_only,90152,True,False,m,1.3717293620024857,0.0,,0,77,77,0,0.0,77,body,True,settled,3.0,True,0.02017664536833763,3.0,0.027184337377548218,0.0
body_only,90153,True,False,l,1.3777582765834164,0.0,,0,63,63,0,0.0,63,body,True,settled,3.0,True,0.03114679828286171,3.0,0.03319312259554863,0.0
body_only,90154,True,False,m,1.3240528558094946,0.0,,0,61,61,0,0.0,61,body,True,settled,3.0,True,0.0207463800907135,3.0,0.02416192553937435,0.0
body_only,90155,True,False,l,1.2616156540457863,0.0,,0,75,75,0,0.0,75,body,True,settled,3.0,True,0.02596745453774929,3.0,0.022411825135350227,0.0
body_only,90156,True,False,m,1.53054519222226,0.0,,0,80,80,0,0.0,80,body,True,settled,3.0,True,0.05076884478330612,3.0,0.0665128231048584,1.0
body_only,90157,True,False,l,1.488929027680533,0.0,,0,67,67,0,0.0,67,body,True,settled,3.0,True,0.04384257644414902,3.0,0.039338111877441406,0.4
body_only,90158,True,False,m,1.4010988441285952,0.0,,0,76,76,0,0.0,76,body,True,settled,3.0,True,0.031748298555612564,3.0,0.03824900463223457,0.2
body_only,90159,True,False,l,1.3983826888544335,0.0,,0,76,76,0,0.0,76,body,True,settled,3.0,True,0.04714361950755119,3.0,0.03539670631289482,0.2
body_only,90160,True,False,m,1.6346395142175347,0.0,,0,78,78,0,0.0,78,body,True,settled,3.0,True,0.052744824439287186,3.0,0.07788140326738358,1.0
body_only,90161,True,False,l,1.4627355647267428,0.0,,0,75,75,0,0.0,75,body,True,settled,3.0,True,0.04844139888882637,3.0,0.053865958005189896,1.0
body_only,90162,True,False,m,1.3110427449584228,0.0,,0,70,70,0,0.0,70,body,True,settled,3.0,True,0.023163218051195145,3.0,0.023774657398462296,0.0
body_only,90163,True,False,l,1.4308898612160117,0.0,,0,78,78,0,0.0,78,body,True,settled,3.0,True,0.04587790369987488,3.0,0.03572450578212738,0.4
body_only,90164,True,False,m,1.439856144676443,0.0,,0,68,68,0,0.0,68,body,True,settled,3.0,True,0.03643704205751419,3.0,0.028059160336852074,0.0
body_only,90165,True,False,l,1.2997648895781109,0.0,,0,62,62,0,0.0,62,body,True,settled,3.0,True,0.02365807071328163,3.0,0.025342565029859543,0.0
body_only,90166,True,False,m,1.679679815459025,0.0,,0,64,64,0,0.0,64,alarm,True,persistent,10.0,False,nan,nan,0.0764150321483612,1.0
body_only,90167,True,False,l,1.3590101711106688,0.0,,0,72,72,0,0.0,72,body,True,settled,3.0,True,0.035625159740448,3.0,0.03785623982548714,0.2
body_only,90168,True,False,m,1.6457533914678304,0.0,,0,77,77,0,0.0,77,alarm,True,persistent,10.0,False,nan,nan,0.06940377503633499,1.0
body_only,90169,True,False,l,1.372684860076075,0.0,,0,63,63,0,0.0,63,body,True,settled,3.0,True,0.03263667970895767,3.0,0.033876933157444,0.4
body_only,90170,True,False,m,1.5110806219967274,0.0,,0,77,77,0,0.0,77,body,True,settled,3.0,True,0.04433322697877884,3.0,0.044472746551036835,1.0
body_only,90171,True,False,l,1.3393346079674444,0.0,,0,80,80,0,0.0,80,body,True,settled,3.0,True,0.03131341189146042,3.0,0.027787139639258385,0.0
body_only,90172,True,False,m,1.5992541406103382,0.0,,0,69,69,0,0.0,69,body,True,settled,3.0,True,0.0479273684322834,3.0,0.07033668458461761,1.0
body_only,90173,True,False,l,1.2909310796297793,0.0,,0,74,74,0,0.0,74,body,True,settled,3.0,True,0.023654337972402573,3.0,0.024383794516324997,0.0
body_only,90174,True,False,m,1.4992846063269814,0.0,,0,60,60,0,0.0,60,body,True,settled,3.0,True,0.04670989140868187,3.0,0.03840583562850952,0.4
body_only,90175,True,False,l,1.375063495490151,0.0,,0,67,67,0,0.0,67,body,True,settled,3.0,True,0.04207263141870499,3.0,0.03458990529179573,0.0
body_only,90176,True,False,m,1.3570155774731387,0.0,,0,71,71,0,0.0,71,body,True,settled,3.0,True,0.02621297538280487,3.0,0.02449650689959526,0.0
body_only,90177,True,False,l,1.2641200458110455,0.0,,0,62,62,0,0.0,62,body,True,settled,3.0,True,0.018477097153663635,3.0,0.022768083959817886,0.0
body_only,90178,True,False,m,1.5240608064758356,0.0,,0,68,68,0,0.0,68,body,True,settled,3.0,True,0.05172300338745117,3.0,0.05672287940979004,1.0
body_only,90179,True,False,l,1.4207768660969622,0.0,,0,63,63,0,0.0,63,body,True,settled,3.0,True,0.04152367636561394,3.0,0.0419984795153141,0.8
body_only,90180,True,False,m,1.6834084531201725,0.0,,0,70,70,0,0.0,70,body,True,settled,3.0,True,0.06490824371576309,3.0,0.08067554980516434,1.0
body_only,90181,True,False,l,1.3164236438723707,0.0,,0,75,75,0,0.0,75,body,True,settled,3.0,True,0.03069058060646057,3.0,0.024711037054657936,0.0
body_only,90182,True,False,m,1.3450601064988406,0.0,,0,60,60,0,0.0,60,body,True,settled,3.0,True,0.026388633996248245,3.0,0.026188794523477554,0.0
body_only,90183,True,False,l,1.3429357517410216,0.0,,0,67,67,0,0.0,67,body,True,settled,3.0,True,0.03927323967218399,3.0,0.03146445378661156,0.0
body_only,90184,True,False,m,1.6568892806087865,0.0,,0,73,73,0,0.0,73,body,True,settled,3.0,True,0.06262484192848206,3.0,0.07534697651863098,1.0
body_only,90185,True,False,l,1.43334245437914,0.0,,0,67,67,0,0.0,67,body,True,settled,3.0,True,0.04070109874010086,3.0,0.04741426184773445,0.6
body_only,90186,True,False,m,1.6331529059433587,0.0,,0,70,70,0,0.0,70,body,True,settled,3.0,True,0.07502120733261108,3.0,0.07955045998096466,1.0
body_only,90187,True,False,l,1.3141636302230804,0.0,,0,65,65,0,0.0,65,body,True,settled,3.0,True,0.02237441949546337,3.0,0.024652717635035515,0.0
body_only,90188,True,False,m,1.68271261290117,0.0,,0,72,72,0,0.0,72,body,True,settled,3.0,True,0.0634302869439125,3.0,0.07231619954109192,1.0
body_only,90189,True,False,l,1.2673551846296478,0.0,,0,69,69,0,0.0,69,body,True,settled,3.0,True,0.0219342652708292,3.0,0.025409022346138954,0.0
body_only,90190,True,False,m,1.4616304439624153,0.0,,0,61,61,0,0.0,61,body,True,settled,3.0,True,0.03824189305305481,3.0,0.046411219984292984,0.6
body_only,90191,True,False,l,1.3598610545526153,0.0,,0,75,75,0,0.0,75,body,True,settled,3.0,True,0.03231620788574219,3.0,0.024324430152773857,0.0
body_only,90192,True,False,m,1.6394540644586693,0.0,,0,73,73,0,0.0,73,body,True,settled,3.0,True,0.057978689670562744,3.0,0.07686679065227509,1.0
body_only,90193,True,False,l,1.2806965176607972,0.0,,0,79,79,0,0.0,79,body,True,settled,3.0,True,0.026930514723062515,3.0,0.02602260187268257,0.0
body_only,90194,True,False,m,1.3882151295384004,0.0,,0,72,72,0,0.0,72,body,True,settled,3.0,True,0.03255026414990425,3.0,0.019940190017223358,0.0
body_only,90195,True,False,l,1.4070168029723402,0.0,,0,68,68,0,0.0,68,body,True,settled,3.0,True,0.03193282335996628,3.0,0.03669556602835655,0.2
body_only,90196,True,False,m,1.4747105385822876,0.0,,0,78,78,0,0.0,78,body,True,settled,3.0,True,0.04449981823563576,3.0,0.048614706844091415,0.8
body_only,90197,True,False,l,1.3111555143573217,0.0,,0,62,62,0,0.0,62,body,True,settled,3.0,True,0.028836067765951157,3.0,0.030325910076498985,0.0
body_only,90198,True,False,m,1.379640047296776,0.0,,0,79,79,0,0.0,79,body,True,settled,3.0,True,0.026513343676924706,3.0,0.0254769679158926,0.0
body_only,90199,True,False,l,1.4868269255907973,0.0,,0,73,73,0,0.0,73,body,True,settled,3.0,True,0.0543983094394207,3.0,0.047255828976631165,0.8
body_only,90200,True,False,m,1.568789452616487,0.0,,0,75,75,0,0.0,75,body,True,settled,3.0,True,0.03767157718539238,3.0,0.06114821881055832,1.0
body_only,90201,True,False,l,1.237480856854104,0.0,,0,74,74,0,0.0,74,body,True,settled,3.0,True,0.02405734173953533,3.0,0.022890742868185043,0.0
body_only,90202,True,False,m,1.589816924085751,0.0,,0,69,69,0,0.0,69,body,True,settled,3.0,True,0.052960336208343506,3.0,0.07443170249462128,1.0
body_only,90203,True,False,l,1.2163108575505985,0.0,,0,68,68,0,0.0,68,body,True,settled,3.0,True,0.021297389641404152,3.0,0.021993741393089294,0.0
body_only,90204,True,False,m,1.577624770964431,0.0,,0,61,61,0,0.0,61,body,True,settled,3.0,True,0.07425631582736969,3.0,0.06463688611984253,1.0
body_only,90205,True,False,l,1.3675497082151145,0.0,,0,65,65,0,0.0,65,body,True,settled,3.0,True,0.03524237871170044,3.0,0.027843493968248367,0.0
body_only,90206,True,False,m,1.5176465510618466,0.0,,0,74,74,0,0.0,74,body,True,settled,3.0,True,0.039773643016815186,3.0,0.05572635680437088,1.0
body_only,90207,True,False,l,1.2488637580931352,0.0,,0,80,80,0,0.0,80,body,True,settled,3.0,True,0.02385634370148182,3.0,0.023036997765302658,0.0
body_only,90208,True,False,m,1.4834364114696996,0.0,,0,66,66,0,0.0,66,body,True,settled,3.0,True,0.04765728488564491,3.0,0.04316544160246849,0.8
body_only,90209,True,False,l,1.263629522578016,0.0,,0,60,60,0,0.0,60,body,True,settled,3.0,True,0.025272006168961525,3.0,0.026954015716910362,0.0
body_only,90210,True,False,m,1.3346147837212192,0.0,,0,73,73,0,0.0,73,body,True,settled,3.0,True,0.024503368884325027,3.0,0.023610945791006088,0.0
body_only,90211,True,False,l,1.30656153459059,0.0,,0,71,71,0,0.0,71,body,True,settled,3.0,True,0.028671419247984886,3.0,0.032782964408397675,0.2
body_only,90212,True,False,m,1.6930851814175538,0.0,,0,60,60,0,0.0,60,alarm,True,persistent,10.0,False,nan,nan,0.07259853184223175,1.0
body_only,90213,True,False,l,1.3559979569855254,0.0,,0,66,66,0,0.0,66,body,True,settled,3.0,True,0.03979463502764702,3.0,0.0338016077876091,0.0
body_only,90214,True,False,m,1.3935857870234445,0.0,,0,60,60,0,0.0,60,body,True,settled,3.0,True,0.03228268027305603,3.0,0.037013858556747437,0.2
body_only,90215,True,False,l,1.3131198647094737,0.0,,0,80,80,0,0.0,80,body,True,settled,3.0,True,0.029934680089354515,3.0,0.0297689288854599,0.0
body_only,90216,True,False,m,1.681261135717984,0.0,,0,66,66,0,0.0,66,body,True,settled,3.0,True,0.07719846814870834,3.0,0.07858110219240189,1.0
body_only,90217,True,False,l,1.413471960665546,0.0,,0,75,75,0,0.0,75,body,True,settled,3.0,True,0.03654017671942711,3.0,0.03590182214975357,0.2
body_only,90218,True,False,m,1.584896311018346,0.0,,0,74,74,0,0.0,74,body,True,settled,3.0,True,0.04138099402189255,3.0,0.07603393495082855,1.0
body_only,90219,True,False,l,1.3119810143159762,0.0,,0,70,70,0,0.0,70,body,True,settled,3.0,True,0.029210850596427917,3.0,0.023861566558480263,0.0
body_only,90220,True,False,m,1.300500753923412,0.0,,0,65,65,0,0.0,65,body,True,settled,3.0,True,0.02204485423862934,3.0,0.02081851288676262,0.0
body_only,90221,True,False,l,1.325946290087466,0.0,,0,69,69,0,0.0,69,body,True,settled,3.0,True,0.023670420050621033,3.0,0.02800345979630947,0.0
body_only,90222,True,False,m,1.3799548422979533,0.0,,0,63,63,0,0.0,63,body,True,settled,3.0,True,0.02442317083477974,3.0,0.026355598121881485,0.0
body_only,90223,True,False,l,1.2088747342560058,0.0,,0,66,66,0,0.0,66,body,True,settled,3.0,True,0.021092375740408897,3.0,0.01806253008544445,0.0
body_only,90224,True,False,m,1.3689372681649405,0.0,,0,67,67,0,0.0,67,body,True,settled,3.0,True,0.03176223859190941,3.0,0.02783900499343872,0.0
body_only,90225,True,False,l,1.4190999555086545,0.0,,0,76,76,0,0.0,76,body,True,settled,3.0,True,0.03727545216679573,3.0,0.032828427851200104,0.4
body_only,90226,True,False,m,1.3666051873938825,0.0,,0,68,68,0,0.0,68,body,True,settled,3.0,True,0.01850944384932518,3.0,0.023044122382998466,0.0
body_only,90227,True,False,l,1.2089853713110907,0.0,,0,76,76,0,0.0,76,body,True,settled,3.0,True,0.021182337775826454,3.0,0.022046571597456932,0.0
body_only,90228,True,False,m,1.3941552835422104,0.0,,0,76,76,0,0.0,76,body,True,settled,3.0,True,0.019193869084119797,3.0,0.03463330492377281,0.0
body_only,90229,True,False,l,1.4129882265602367,0.0,,0,60,60,0,0.0,60,body,True,settled,3.0,True,0.041710540652275085,3.0,0.03675737977027893,0.4
body_only,90230,True,False,m,1.387380358400205,0.0,,0,62,62,0,0.0,62,body,True,settled,3.0,True,0.03421857953071594,3.0,0.027564188465476036,0.0
body_only,90231,True,False,l,1.2736796593502162,0.0,,0,79,79,0,0.0,79,body,True,settled,3.0,True,0.023473799228668213,3.0,0.02460763417184353,0.0
body_only,90232,True,False,m,1.3398772042708087,0.0,,0,65,65,0,0.0,65,body,True,settled,3.0,True,0.02282564714550972,3.0,0.030797425657510757,0.0
body_only,90233,True,False,l,1.2151805568406018,0.0,,0,74,74,0,0.0,74,body,True,settled,3.0,True,0.018818248063325882,3.0,0.020825933665037155,0.0
body_only,90234,True,False,m,1.412785576783788,0.0,,0,80,80,0,0.0,80,body,True,settled,3.0,True,0.02758191153407097,3.0,0.032566629350185394,0.4
body_only,90235,True,False,l,1.4243033807217698,0.0,,0,60,60,0,0.0,60,body,True,settled,3.0,True,0.040342409163713455,3.0,0.03506305068731308,0.2
body_only,90236,True,False,m,1.6997035312296203,0.0,,0,64,64,0,0.0,64,body,True,settled,3.0,True,0.07492892444133759,3.0,0.08237767964601517,1.0
body_only,90237,True,False,l,1.376968432617344,0.0,,0,75,75,0,0.0,75,body,True,settled,3.0,True,0.032370589673519135,3.0,0.03255508840084076,0.2
body_only,90238,True,False,m,1.5968317899030746,0.0,,0,62,62,0,0.0,62,body,True,settled,3.0,True,0.06658856570720673,3.0,0.0751538872718811,1.0
body_only,90239,True,False,l,1.3434682340044826,0.0,,0,67,67,0,0.0,67,body,True,settled,3.0,True,0.03286779671907425,3.0,0.02922387793660164,0.0
world_only,90240,False,True,,1.0,1.0,short,4,60,59,-1,-0.05,59,world,True,settled,3.0,True,0.011149680241942406,3.0,0.012049642391502857,0.0
world_only,90241,False,True,,1.0,1.0,medium,10,73,75,2,0.1,75,world,True,settled,3.0,True,0.010811055079102516,3.0,0.011099071241915226,0.0
world_only,90242,False,True,,1.0,-2.0,short,4,65,69,4,0.2,69,world,True,settled,3.0,True,0.011055068112909794,3.0,0.011433370411396027,0.0
world_only,90243,False,True,,1.0,2.0,medium,10,67,68,1,0.05,68,world,True,settled,4.6000000000000005,True,0.009321680292487144,4.6000000000000005,0.011431052349507809,0.0
world_only,90244,False,True,,1.0,-4.0,short,4,64,65,1,0.05,65,world,True,settled,4.55,True,0.010408768430352211,4.55,0.011015737429261208,0.0
world_only,90245,False,True,,1.0,4.0,medium,10,60,65,5,0.25,65,world,True,settled,4.2,True,0.011808360926806927,4.2,0.011038188822567463,0.0
world_only,90246,False,True,,1.0,-1.0,short,4,73,75,2,0.1,75,world,True,settled,3.0,True,0.010877644643187523,3.0,0.011235732585191727,0.0
world_only,90247,False,True,,1.0,-1.0,medium,10,80,77,-3,-0.15000000000000002,77,world,True,settled,3.0,True,0.01150917075574398,3.0,0.009787573479115963,0.0
world_only,90248,False,True,,1.0,-2.0,short,4,67,70,3,0.15000000000000002,70,world,True,settled,3.0,True,0.011156488209962845,3.0,0.010860200971364975,0.0
world_only,90249,False,True,,1.0,2.0,medium,10,65,60,-5,-0.25,60,world,True,settled,4.75,True,0.011146709322929382,4.75,0.01069240365177393,0.0
world_only,90250,False,True,,1.0,4.0,short,4,67,68,1,0.05,68,world,True,settled,4.55,True,0.011238349601626396,4.55,0.01043619029223919,0.0
world_only,90251,False,True,,1.0,-4.0,medium,10,74,77,3,0.15000000000000002,77,world,True,settled,4.1000000000000005,True,0.010511897504329681,4.1000000000000005,0.01079427171498537,0.0
world_only,90252,False,True,,1.0,-1.0,short,4,79,78,-1,-0.05,78,world,True,settled,3.0,True,0.010237854905426502,3.0,0.01114620827138424,0.0
world_only,90253,False,True,,1.0,1.0,medium,10,61,60,-1,-0.05,60,world,True,settled,3.0,True,0.01093949656933546,3.0,0.010365607216954231,0.0
world_only,90254,False,True,,1.0,2.0,short,4,73,75,2,0.1,75,world,True,settled,3.0,True,0.01184923481196165,3.0,0.010100048035383224,0.0
world_only,90255,False,True,,1.0,2.0,medium,10,65,70,5,0.25,70,world,True,settled,4.800000000000001,True,0.01057893130928278,4.800000000000001,0.010661936365067959,0.0
world_only,90256,False,True,,1.0,-4.0,short,4,74,70,-4,-0.2,70,world,True,settled,6.15,True,0.011956472881138325,6.15,0.010433947667479515,0.0
world_only,90257,False,True,,1.0,-4.0,medium,10,65,64,-1,-0.05,64,world,True,settled,4.45,True,0.010673042386770248,4.45,0.01053512655198574,0.0
world_only,90258,False,True,,1.0,-1.0,short,4,62,67,5,0.25,67,world,True,settled,3.0,True,0.00973737146705389,3.0,0.010303893126547337,0.0
world_only,90259,False,True,,1.0,1.0,medium,10,76,71,-5,-0.25,71,world,True,settled,3.0,True,0.010382916778326035,3.0,0.009945868514478207,0.0
world_only,90260,False,True,,1.0,-2.0,short,4,79,78,-1,-0.05,78,world,True,settled,3.0,True,0.01177266240119934,3.0,0.012096232734620571,0.0
world_only,90261,False,True,,1.0,-2.0,medium,10,73,76,3,0.15000000000000002,76,world,True,settled,4.8500000000000005,True,0.011997325345873833,4.8500000000000005,0.010699129663407803,0.0
world_only,90262,False,True,,1.0,-4.0,short,4,66,68,2,0.1,68,world,True,settled,8.05,True,0.00957257766276598,8.05,0.010729572735726833,0.0
world_only,90263,False,True,,1.0,-4.0,medium,10,79,76,-3,-0.15000000000000002,76,world,True,settled,4.3500000000000005,True,0.011009586043655872,4.3500000000000005,0.011234660632908344,0.0
world_only,90264,False,True,,1.0,1.0,short,4,79,76,-3,-0.15000000000000002,76,world,True,settled,3.0,True,0.010603455826640129,3.0,0.010254371911287308,0.0
world_only,90265,False,True,,1.0,1.0,medium,10,74,73,-1,-0.05,73,world,True,settled,3.0,True,0.0108207818120718,3.0,0.011352875269949436,0.0
world_only,90266,False,True,,1.0,2.0,short,4,78,80,2,0.1,80,world,True,settled,3.0,True,0.011615192517638206,3.0,0.010932927951216698,0.0
world_only,90267,False,True,,1.0,2.0,medium,10,74,73,-1,-0.05,73,world,True,settled,4.8500000000000005,True,0.010170551016926765,4.8500000000000005,0.01001223735511303,0.0
world_only,90268,False,True,,1.0,-4.0,short,4,71,69,-2,-0.1,69,world,True,decayed,10.0,False,nan,nan,0.023588497191667557,0.0
world_only,90269,False,True,,1.0,4.0,medium,10,74,74,0,0.0,74,world,True,settled,4.2,True,0.010333098471164703,4.2,0.010721840895712376,0.0
world_only,90270,False,True,,1.0,-1.0,short,4,79,81,2,0.1,81,world,True,settled,3.0,True,0.011212210170924664,3.0,0.009918052703142166,0.0
world_only,90271,False,True,,1.0,1.0,medium,10,80,77,-3,-0.15000000000000002,77,world,True,settled,3.0,True,0.011011211201548576,3.0,0.010953729040920734,0.0
world_only,90272,False,True,,1.0,-2.0,short,4,62,58,-4,-0.2,58,world,True,settled,3.0,True,0.009732561185956001,3.0,0.010569265112280846,0.0
world_only,90273,False,True,,1.0,2.0,medium,10,75,71,-4,-0.2,71,world,True,settled,4.75,True,0.010519564151763916,4.75,0.010492606088519096,0.0
world_only,90274,False,True,,1.0,4.0,short,4,63,60,-3,-0.15000000000000002,60,world,True,settled,4.65,True,0.010159113444387913,4.65,0.011351266875863075,0.0
world_only,90275,False,True,,1.0,4.0,medium,10,72,76,4,0.2,76,world,True,settled,4.3,True,0.010112257674336433,4.3,0.010561561211943626,0.0
world_only,90276,False,True,,1.0,1.0,short,4,71,69,-2,-0.1,69,world,True,settled,3.0,True,0.010155763477087021,3.0,0.010279457084834576,0.0
world_only,90277,False,True,,1.0,-1.0,medium,10,70,75,5,0.25,75,world,True,settled,3.0,True,0.009930972941219807,3.0,0.011819957755506039,0.0
world_only,90278,False,True,,1.0,2.0,short,4,60,64,4,0.2,64,world,True,settled,3.0,True,0.012106682173907757,3.0,0.010220067575573921,0.0
world_only,90279,False,True,,1.0,-2.0,medium,10,66,63,-3,-0.15000000000000002,63,world,True,settled,6.050000000000001,True,0.011457381770014763,6.050000000000001,0.010534374974668026,0.0
world_only,90280,False,True,,1.0,4.0,short,4,73,77,4,0.2,77,world,True,settled,4.7,True,0.010514781810343266,4.7,0.010203728452324867,0.0
world_only,90281,False,True,,1.0,4.0,medium,10,75,77,2,0.1,77,world,True,settled,4.2,True,0.010888757184147835,4.2,0.010367619805037975,0.0
world_only,90282,False,True,,1.0,1.0,short,4,65,68,3,0.15000000000000002,68,world,True,settled,3.0,True,0.009918847121298313,3.0,0.010770558379590511,0.0
world_only,90283,False,True,,1.0,-1.0,medium,10,75,74,-1,-0.05,74,world,True,settled,3.0,True,0.011982357129454613,3.0,0.010953753255307674,0.0
world_only,90284,False,True,,1.0,2.0,short,4,76,72,-4,-0.2,72,world,True,settled,3.0,True,0.009360057301819324,3.0,0.011429525911808014,0.0
world_only,90285,False,True,,1.0,-2.0,medium,10,77,73,-4,-0.2,73,world,True,settled,4.7,True,0.011318603530526161,4.7,0.010507958941161633,0.0
world_only,90286,False,True,,1.0,4.0,short,4,69,67,-2,-0.1,67,world,True,settled,4.8500000000000005,True,0.01051897369325161,4.8500000000000005,0.01077919639647007,0.0
world_only,90287,False,True,,1.0,4.0,medium,10,75,79,4,0.2,79,world,True,settled,4.3,True,0.010447748936712742,4.3,0.011758668348193169,0.0
world_only,90288,False,True,,1.0,-1.0,short,4,79,78,-1,-0.05,78,world,True,settled,3.0,True,0.011109580285847187,3.0,0.010554654523730278,0.0
world_only,90289,False,True,,1.0,1.0,medium,10,65,64,-1,-0.05,64,world,True,settled,3.0,True,0.010168371722102165,3.0,0.010792030021548271,0.0
world_only,90290,False,True,,1.0,2.0,short,4,64,66,2,0.1,66,world,True,settled,3.0,True,0.010273816995322704,3.0,0.010541021823883057,0.0
world_only,90291,False,True,,1.0,-2.0,medium,10,72,75,3,0.15000000000000002,75,world,True,settled,4.800000000000001,True,0.0114020686596632,4.800000000000001,0.010877735912799835,0.0
world_only,90292,False,True,,1.0,-4.0,short,4,72,74,2,0.1,74,world,True,settled,4.5,True,0.010254919528961182,4.5,0.010241905227303505,0.0
world_only,90293,False,True,,1.0,4.0,medium,10,67,69,2,0.1,69,world,True,settled,4.25,True,0.00974471028894186,4.25,0.011190909892320633,0.0
world_only,90294,False,True,,1.0,-1.0,short,4,72,70,-2,-0.1,70,world,True,settled,3.0,True,0.010911760851740837,3.0,0.010231668129563332,0.0
world_only,90295,False,True,,1.0,1.0,medium,10,60,64,4,0.2,64,world,True,settled,3.0,True,0.010084412060678005,3.0,0.009587591513991356,0.0
world_only,90296,False,True,,1.0,-2.0,short,4,79,84,5,0.25,84,world,True,settled,5.5,True,0.009946429170668125,5.5,0.01040537841618061,0.0
world_only,90297,False,True,,1.0,2.0,medium,10,63,62,-1,-0.05,62,world,True,settled,4.65,True,0.007993921637535095,4.65,0.010076863691210747,0.0
world_only,90298,False,True,,1.0,4.0,short,4,61,62,1,0.05,62,world,True,settled,4.65,True,0.010946759022772312,4.65,0.011212748475372791,0.0
world_only,90299,False,True,,1.0,-4.0,medium,10,66,67,1,0.05,67,world,True,settled,4.2,True,0.01081046275794506,4.2,0.010855456814169884,0.0
world_only,90300,False,True,,1.0,-1.0,short,4,70,67,-3,-0.15000000000000002,67,world,True,settled,3.0,True,0.010483693331480026,3.0,0.009869340807199478,0.0
world_only,90301,False,True,,1.0,-1.0,medium,10,77,72,-5,-0.25,72,world,True,settled,3.0,True,0.01010148972272873,3.0,0.010166703723371029,0.0
world_only,90302,False,True,,1.0,-2.0,short,4,74,78,4,0.2,78,world,True,settled,3.0,True,0.011056149378418922,3.0,0.011795895174145699,0.0
world_only,90303,False,True,,1.0,2.0,medium,10,62,59,-3,-0.15000000000000002,59,world,True,settled,4.800000000000001,True,0.010800918564200401,4.800000000000001,0.010401366278529167,0.0
world_only,90304,False,True,,1.0,4.0,short,4,79,80,1,0.05,80,world,True,settled,4.55,True,0.010123977437615395,4.55,0.011400813236832619,0.0
world_only,90305,False,True,,1.0,-4.0,medium,10,78,73,-5,-0.25,73,world,True,settled,4.2,True,0.010939471423625946,4.2,0.011070791631937027,0.0
world_only,90306,False,True,,1.0,1.0,short,4,67,64,-3,-0.15000000000000002,64,world,True,settled,3.0,True,0.009808272123336792,3.0,0.010463619604706764,0.0
world_only,90307,False,True,,1.0,1.0,medium,10,73,72,-1,-0.05,72,world,True,settled,3.0,True,0.011305662803351879,3.0,0.009744884446263313,0.0
world_only,90308,False,True,,1.0,-2.0,short,4,67,62,-5,-0.25,62,world,True,settled,3.0,True,0.011082622222602367,3.0,0.010018476285040379,0.0
world_only,90309,False,True,,1.0,2.0,medium,10,60,65,5,0.25,65,world,True,settled,5.0,True,0.010513519868254662,5.0,0.010924636386334896,0.0
world_only,90310,False,True,,1.0,4.0,short,4,67,70,3,0.15000000000000002,70,world,True,settled,4.75,True,0.011859789490699768,4.75,0.010858377441763878,0.0
world_only,90311,False,True,,1.0,-4.0,medium,10,67,66,-1,-0.05,66,world,True,settled,4.3,True,0.009814242832362652,4.3,0.01009542215615511,0.0
world_only,90312,False,True,,1.0,1.0,short,4,65,69,4,0.2,69,world,True,settled,3.0,True,0.009964248165488243,3.0,0.010690294206142426,0.0
world_only,90313,False,True,,1.0,-1.0,medium,10,70,66,-4,-0.2,66,world,True,settled,3.0,True,0.010381674394011497,3.0,0.011053770780563354,0.0
world_only,90314,False,True,,1.0,2.0,short,4,67,66,-1,-0.05,66,world,True,settled,3.0,True,0.010834778659045696,3.0,0.01034634094685316,0.0
world_only,90315,False,True,,1.0,2.0,medium,10,65,65,0,0.0,65,world,True,settled,4.800000000000001,True,0.01031879335641861,4.800000000000001,0.0100717069581151,0.0
world_only,90316,False,True,,1.0,4.0,short,4,64,63,-1,-0.05,63,world,True,settled,4.65,True,0.011638371273875237,4.65,0.010125523433089256,0.0
world_only,90317,False,True,,1.0,4.0,medium,10,79,84,5,0.25,84,world,True,settled,4.3,True,0.010169213637709618,4.3,0.01072067953646183,0.0
world_only,90318,False,True,,1.0,-1.0,short,4,73,75,2,0.1,75,world,True,settled,3.0,True,0.009559666737914085,3.0,0.011441679671406746,0.0
world_only,90319,False,True,,1.0,1.0,medium,10,70,65,-5,-0.25,65,world,True,settled,3.0,True,0.011574002914130688,3.0,0.010628068819642067,0.0
world_only,90320,False,True,,1.0,2.0,short,4,71,76,5,0.25,76,world,True,settled,3.0,True,0.010866564698517323,3.0,0.010828004218637943,0.0
world_only,90321,False,True,,1.0,2.0,medium,10,60,57,-3,-0.15000000000000002,57,world,True,settled,4.9,True,0.009403742849826813,4.9,0.011600889265537262,0.0
world_only,90322,False,True,,1.0,4.0,short,4,76,74,-2,-0.1,74,world,True,settled,4.65,True,0.010048617608845234,4.65,0.010341763496398926,0.0
world_only,90323,False,True,,1.0,-4.0,medium,10,76,75,-1,-0.05,75,world,True,settled,4.15,True,0.01134445983916521,4.15,0.010615075007081032,0.0
world_only,90324,False,True,,1.0,1.0,short,4,73,72,-1,-0.05,72,world,True,settled,3.0,True,0.009722137823700905,3.0,0.010900246910750866,0.0
world_only,90325,False,True,,1.0,1.0,medium,10,79,80,1,0.05,80,world,True,settled,3.0,True,0.010885682888329029,3.0,0.01058773323893547,0.0
world_only,90326,False,True,,1.0,2.0,short,4,71,73,2,0.1,73,world,True,settled,3.0,True,0.011492962017655373,3.0,0.011428693309426308,0.0
world_only,90327,False,True,,1.0,-2.0,medium,10,73,78,5,0.25,78,world,True,settled,5.1000000000000005,True,0.011080597527325153,5.1000000000000005,0.011488394811749458,0.0
world_only,90328,False,True,,1.0,-4.0,short,4,71,74,3,0.15000000000000002,74,world,True,settled,4.7,True,0.011518527753651142,4.7,0.010777192190289497,0.0
world_only,90329,False,True,,1.0,4.0,medium,10,72,75,3,0.15000000000000002,75,world,True,settled,4.25,True,0.010347925126552582,4.25,0.010155520401895046,0.0
world_only,90330,False,True,,1.0,1.0,short,4,80,82,2,0.1,82,world,True,settled,3.0,True,0.011201031506061554,3.0,0.010592589154839516,0.0
world_only,90331,False,True,,1.0,1.0,medium,10,62,61,-1,-0.05,61,world,True,settled,3.0,True,0.010392321273684502,3.0,0.01022807601839304,0.0
world_only,90332,False,True,,1.0,-2.0,short,4,72,70,-2,-0.1,70,world,True,settled,3.0,True,0.011024688370525837,3.0,0.010540670715272427,0.0
world_only,90333,False,True,,1.0,2.0,medium,10,70,72,2,0.1,72,world,True,settled,4.75,True,0.01030675694346428,4.75,0.010906105861067772,0.0
world_only,90334,False,True,,1.0,4.0,short,4,60,61,1,0.05,61,world,True,settled,4.75,True,0.00959786120802164,4.75,0.01038622297346592,0.0
world_only,90335,False,True,,1.0,-4.0,medium,10,75,77,2,0.1,77,world,True,settled,4.4,True,0.012068533338606358,4.4,0.011343015357851982,0.0
world_only,90336,False,True,,1.0,-1.0,short,4,79,76,-3,-0.15000000000000002,76,world,True,settled,3.0,True,0.01090148277580738,3.0,0.009637996554374695,0.0
world_only,90337,False,True,,1.0,1.0,medium,10,65,60,-5,-0.25,60,world,True,settled,3.0,True,0.011718258261680603,3.0,0.010484249331057072,0.0
world_only,90338,False,True,,1.0,2.0,short,4,60,58,-2,-0.1,58,world,True,settled,3.0,True,0.010428359732031822,3.0,0.010215251706540585,0.0
world_only,90339,False,True,,1.0,2.0,medium,10,62,61,-1,-0.05,61,world,True,settled,4.75,True,0.00998527742922306,4.75,0.010330535471439362,0.0
world_only,90340,False,True,,1.0,4.0,short,4,61,57,-4,-0.2,57,world,True,settled,4.65,True,0.011687521822750568,4.65,0.010925369337201118,0.0
world_only,90341,False,True,,1.0,4.0,medium,10,68,71,3,0.15000000000000002,71,world,True,settled,4.3,True,0.00965066533535719,4.3,0.009969627484679222,0.0
world_only,90342,False,True,,1.0,1.0,short,4,73,69,-4,-0.2,69,world,True,settled,3.0,True,0.01073547638952732,3.0,0.01069708727300167,0.0
world_only,90343,False,True,,1.0,1.0,medium,10,72,70,-2,-0.1,70,world,True,settled,3.0,True,0.009808797389268875,3.0,0.010674399323761463,0.0
world_only,90344,False,True,,1.0,2.0,short,4,61,65,4,0.2,65,world,True,settled,3.0,True,0.011157470755279064,3.0,0.010439587756991386,0.0
world_only,90345,False,True,,1.0,-2.0,medium,10,75,75,0,0.0,75,world,True,settled,4.6000000000000005,True,0.010843366384506226,4.6000000000000005,0.009739583358168602,0.0
world_only,90346,False,True,,1.0,4.0,short,4,63,59,-4,-0.2,59,world,True,settled,4.6000000000000005,True,0.009439687244594097,4.6000000000000005,0.011076663620769978,0.0
world_only,90347,False,True,,1.0,-4.0,medium,10,67,63,-4,-0.2,63,world,True,settled,4.2,True,0.009719546884298325,4.2,0.01036795973777771,0.0
world_only,90348,False,True,,1.0,-1.0,short,4,72,77,5,0.25,77,world,True,settled,3.0,True,0.010671514086425304,3.0,0.010779458098113537,0.0
world_only,90349,False,True,,1.0,1.0,medium,10,62,63,1,0.05,63,world,True,settled,3.0,True,0.00965513102710247,3.0,0.010527472011744976,0.0
world_only,90350,False,True,,1.0,-2.0,short,4,78,79,1,0.05,79,world,True,settled,3.0,True,0.010433060117065907,3.0,0.010370658710598946,0.0
world_only,90351,False,True,,1.0,2.0,medium,10,70,75,5,0.25,75,world,True,settled,4.75,True,0.01074194721877575,4.75,0.011113429442048073,0.0
world_only,90352,False,True,,1.0,-4.0,short,4,72,76,4,0.2,76,world,True,settled,4.75,True,0.010617056861519814,4.75,0.010286692529916763,0.0
world_only,90353,False,True,,1.0,-4.0,medium,10,66,65,-1,-0.05,65,world,True,settled,4.2,True,0.012855318374931812,4.2,0.0090931486338377,0.0
world_only,90354,False,True,,1.0,-1.0,short,4,77,72,-5,-0.25,72,world,True,settled,3.0,True,0.010441308841109276,3.0,0.010663231834769249,0.0
world_only,90355,False,True,,1.0,1.0,medium,10,71,71,0,0.0,71,world,True,settled,3.0,True,0.009809812530875206,3.0,0.011558577418327332,0.0
world_only,90356,False,True,,1.0,2.0,short,4,74,78,4,0.2,78,world,True,settled,3.0,True,0.009968390688300133,3.0,0.010375933721661568,0.0
world_only,90357,False,True,,1.0,-2.0,medium,10,71,69,-2,-0.1,69,world,True,settled,4.6000000000000005,True,0.011292328126728535,4.6000000000000005,0.011074540205299854,0.0
world_only,90358,False,True,,1.0,4.0,short,4,77,74,-3,-0.15000000000000002,74,world,True,settled,4.55,True,0.01103267166763544,4.55,0.010581049136817455,0.0
world_only,90359,False,True,,1.0,-4.0,medium,10,61,57,-4,-0.2,57,world,True,settled,4.65,True,0.010820425115525723,4.65,0.011448338627815247,0.0
body_world,90360,True,True,m,1.436507707360915,1.0,short,4,77,74,-3,-0.15000000000000002,74,body,True,settled,3.0,True,0.022870948538184166,3.0,0.03558290749788284,0.2
body_world,90361,True,True,l,1.4256287739373548,-1.0,medium,10,65,60,-5,-0.25,60,world,False,decayed,10.0,False,nan,nan,0.03681056946516037,0.4
body_world,90362,True,True,m,1.4329806398316671,-2.0,short,4,74,78,4,0.2,74,alarm,True,persistent,10.0,False,nan,nan,0.057040970772504807,1.0
body_world,90363,True,True,l,1.210563351806276,-2.0,medium,10,80,77,-3,-0.15000000000000002,77,body,True,settled,4.75,True,0.02076365239918232,4.75,0.02095162309706211,0.0
body_world,90364,True,True,m,1.372696280105733,-4.0,short,4,61,58,-3,-0.15000000000000002,58,alarm,True,persistent,10.0,False,nan,nan,0.054522015154361725,1.0
body_world,90365,True,True,l,1.2749895656307437,-4.0,medium,10,78,74,-4,-0.2,74,body,True,settled,4.3,True,0.026602327823638916,4.3,0.024257231503725052,0.0
body_world,90366,True,True,m,1.3066897985826524,-1.0,short,4,72,69,-3,-0.15000000000000002,69,body,True,settled,3.0,True,0.025418946519494057,3.0,0.023168517276644707,0.0
body_world,90367,True,True,l,1.3576619828175316,1.0,medium,10,62,65,3,0.15000000000000002,62,body,True,settled,3.0,True,0.030947020277380943,3.0,0.029680857434868813,0.0
body_world,90368,True,True,m,1.4143053583788585,2.0,short,4,60,61,1,0.05,60,body,True,settled,3.0,True,0.025735696777701378,3.0,0.029245594516396523,0.0
body_world,90369,True,True,l,1.3743712386074276,-2.0,medium,10,67,69,2,0.1,67,body,True,settled,5.1000000000000005,True,0.02582511305809021,5.1000000000000005,0.03429871052503586,0.4
body_world,90370,True,True,m,1.5116611087725051,4.0,short,4,66,61,-5,-0.25,61,alarm,True,persistent,10.0,False,nan,nan,0.05720127373933792,1.0
body_world,90371,True,True,l,1.462891218935012,4.0,medium,10,69,73,4,0.2,69,body,True,settled,4.9,True,0.02806253731250763,4.9,0.04704643040895462,0.8
body_world,90372,True,True,m,1.6331779731038802,-1.0,short,4,67,65,-2,-0.1,65,alarm,True,persistent,10.0,False,nan,nan,0.07517324388027191,1.0
body_world,90373,True,True,l,1.2018022497580947,-1.0,medium,10,66,68,2,0.1,66,body,True,settled,3.0,True,0.021497730165719986,3.0,0.021350612863898277,0.0
body_world,90374,True,True,m,1.3280228263513763,-2.0,short,4,73,75,2,0.1,73,alarm,True,persistent,10.0,False,nan,nan,0.047359246760606766,1.0
body_world,90375,True,True,l,1.308876304017658,2.0,medium,10,70,65,-5,-0.25,65,body,True,settled,4.800000000000001,True,0.030802106484770775,4.800000000000001,0.029954195022583008,0.0
body_world,90376,True,True,m,1.5016949779873145,4.0,short,4,70,74,4,0.2,70,alarm,True,persistent,10.0,False,nan,nan,0.06185648962855339,1.0
body_world,90377,True,True,l,1.2414565409093206,-4.0,medium,10,66,71,5,0.25,66,body,True,settled,4.55,True,0.024062445387244225,4.55,0.023495789617300034,0.0
body_world,90378,True,True,m,1.4238236120964585,1.0,short,4,66,71,5,0.25,66,body,True,settled,3.0,True,0.023395579308271408,3.0,0.03928845375776291,0.4
body_world,90379,True,True,l,1.2836548774066676,-1.0,medium,10,69,64,-5,-0.25,64,world,False,decayed,10.0,False,nan,nan,0.029056811705231667,0.2
body_world,90380,True,True,m,1.3621236417497946,2.0,short,4,70,74,4,0.2,70,body,True,settled,3.0,True,0.02028054930269718,3.0,0.024225536733865738,0.0
body_world,90381,True,True,l,1.3983378082528164,-2.0,medium,10,78,74,-4,-0.2,74,body,True,settled,4.75,True,0.04172726720571518,4.75,0.035383857786655426,0.0
body_world,90382,True,True,m,1.3509200717074077,-4.0,short,4,78,74,-4,-0.2,74,alarm,True,persistent,10.0,False,nan,nan,0.0535917766392231,1.0
body_world,90383,True,True,l,1.2311925915846564,4.0,medium,10,62,58,-4,-0.2,58,body,True,settled,4.3,True,0.02391357347369194,4.3,0.017150873318314552,0.0
body_world,90384,True,True,m,1.524037917146982,-1.0,short,4,63,68,5,0.25,63,alarm,True,persistent,10.0,False,nan,nan,0.06546255201101303,1.0
body_world,90385,True,True,l,1.3531822605860213,1.0,medium,10,62,58,-4,-0.2,58,body,True,settled,3.0,True,0.02733207307755947,3.0,0.029843280091881752,0.0
body_world,90386,True,True,m,1.3095845696334245,2.0,short,4,61,63,2,0.1,61,body,True,settled,3.0,True,0.017604555934667587,3.0,0.02518061175942421,0.0
body_world,90387,True,True,l,1.3723802328668413,-2.0,medium,10,65,61,-4,-0.2,61,world,False,decayed,10.0,False,nan,nan,0.02537674829363823,0.0
body_world,90388,True,True,m,1.6369604542264304,4.0,short,4,64,69,5,0.25,64,alarm,True,persistent,10.0,False,nan,nan,0.08493117988109589,0.8
body_world,90389,True,True,l,1.4434986184388112,4.0,medium,10,68,70,2,0.1,68,body,True,settled,4.7,True,0.03625897690653801,4.7,0.041441790759563446,0.6
body_world,90390,True,True,m,1.628686273513856,1.0,short,4,68,63,-5,-0.25,63,body,True,settled,3.0,True,0.0559234619140625,3.0,0.07539276033639908,1.0
body_world,90391,True,True,l,1.4997252692437577,-1.0,medium,10,65,60,-5,-0.25,60,world,False,decayed,10.0,False,nan,nan,0.048749394714832306,0.6
body_world,90392,True,True,m,1.4793682183432437,2.0,short,4,60,56,-4,-0.2,56,body,True,settled,3.0,True,0.016842657700181007,3.0,0.049080152064561844,0.8
body_world,90393,True,True,l,1.373838534697687,-2.0,medium,10,80,84,4,0.2,80,world,False,decayed,10.0,False,nan,nan,0.032944537699222565,0.2
body_world,90394,True,True,m,1.374879786515465,4.0,short,4,62,58,-4,-0.2,58,alarm,True,persistent,10.0,False,nan,nan,0.05524076148867607,1.0
body_world,90395,True,True,l,1.2278138310881848,-4.0,medium,10,76,72,-4,-0.2,72,body,True,settled,4.25,True,0.02120804414153099,4.25,0.019970986992120743,0.0
body_world,90396,True,True,m,1.5997246997728216,1.0,short,4,79,76,-3,-0.15000000000000002,76,body,True,settled,3.0,True,0.040260206907987595,3.0,0.06465142965316772,1.0
body_world,90397,True,True,l,1.2083810902658325,1.0,medium,10,74,77,3,0.15000000000000002,74,body,True,settled,3.0,True,0.02036217972636223,3.0,0.020394235849380493,0.0
body_world,90398,True,True,m,1.605681322392905,2.0,short,4,62,61,-1,-0.05,61,body,True,settled,3.0,True,0.03470909222960472,3.0,0.07524779438972473,1.0
body_world,90399,True,True,l,1.216354811034764,-2.0,medium,10,65,60,-5,-0.25,60,world,False,decayed,10.0,False,nan,nan,0.03403540700674057,0.4
body_world,90400,True,True,m,1.3999353886758357,4.0,short,4,72,71,-1,-0.05,71,alarm,True,persistent,10.0,False,nan,nan,0.04866740480065346,1.0
body_world,90401,True,True,l,1.3909618610188579,-4.0,medium,10,64,68,4,0.2,64,body,True,settled,4.7,True,0.031514257192611694,4.7,0.03501738980412483,0.2
body_world,90402,True,True,m,1.4765881692612393,-1.0,short,4,75,72,-3,-0.15000000000000002,72,body,True,settled,3.0,True,0.043231647461652756,3.0,0.04288436472415924,0.8
body_world,90403,True,True,l,1.2287348099119875,1.0,medium,10,62,60,-2,-0.1,60,body,True,settled,3.0,True,0.017029354348778725,3.0,0.022265318781137466,0.0
body_world,90404,True,True,m,1.5959684874168683,-2.0,short,4,65,61,-4,-0.2,61,alarm,True,persistent,10.0,False,nan,nan,0.07191664725542068,1.0
body_world,90405,True,True,l,1.4263406910614387,-2.0,medium,10,80,77,-3,-0.15000000000000002,77,world,False,decayed,10.0,False,nan,nan,0.03653687983751297,0.4
body_world,90406,True,True,m,1.5761825745829299,-4.0,short,4,68,73,5,0.25,68,alarm,True,persistent,10.0,False,nan,nan,0.06949073076248169,1.0
body_world,90407,True,True,l,1.3075505965528191,-4.0,medium,10,60,65,5,0.25,60,body,True,settled,4.65,True,0.02367582730948925,4.65,0.032356202602386475,0.0
body_world,90408,True,True,m,1.5508532757037867,1.0,short,4,79,74,-5,-0.25,74,body,True,settled,3.0,True,0.035285692662000656,3.0,0.06921102106571198,1.0
body_world,90409,True,True,l,1.386472676208235,1.0,medium,10,62,63,1,0.05,62,body,True,settled,3.0,True,0.027255838736891747,3.0,0.03614219278097153,0.4
body_world,90410,True,True,m,1.305798982810204,2.0,short,4,73,73,0,0.0,73,body,True,settled,3.0,True,0.020486656576395035,3.0,0.027904322370886803,0.0
body_world,90411,True,True,l,1.201605261104429,-2.0,medium,10,64,67,3,0.15000000000000002,64,body,True,settled,5.050000000000001,True,0.02173776924610138,5.050000000000001,0.018677309155464172,0.0
body_world,90412,True,True,m,1.6785527327767333,-4.0,short,4,70,66,-4,-0.2,66,alarm,True,persistent,10.0,False,nan,nan,0.07426129281520844,0.8
body_world,90413,True,True,l,1.497413653722908,4.0,medium,10,69,68,-1,-0.05,68,body,True,settled,4.6000000000000005,True,0.09859783202409744,4.6000000000000005,0.057786960154771805,0.8
body_world,90414,True,True,m,1.6384059842206313,-1.0,short,4,69,67,-2,-0.1,67,alarm,True,persistent,10.0,False,nan,nan,0.07096019387245178,1.0
body_world,90415,True,True,l,1.4445958942354706,1.0,medium,10,64,61,-3,-0.15000000000000002,61,body,True,settled,3.0,True,0.03434348851442337,3.0,0.04287779703736305,0.6
body_world,90416,True,True,m,1.4228738912776615,-2.0,short,4,71,70,-1,-0.05,70,alarm,True,persistent,10.0,False,nan,nan,0.05960576608777046,1.0
body_world,90417,True,True,l,1.412003609654068,-2.0,medium,10,66,63,-3,-0.15000000000000002,63,world,False,decayed,10.0,False,nan,nan,0.029067397117614746,0.2
body_world,90418,True,True,m,1.6633408277228265,4.0,short,4,65,70,5,0.25,65,alarm,True,persistent,10.0,False,nan,nan,0.07931912690401077,1.0
body_world,90419,True,True,l,1.4868039659450991,-4.0,medium,10,75,80,5,0.25,75,body,True,settled,4.75,True,0.05241365358233452,4.75,0.053933560848236084,1.0
body_world,90420,True,True,m,1.5449902128447706,1.0,short,4,64,63,-1,-0.05,63,body,True,settled,3.0,True,0.03142854571342468,3.0,0.06134113669395447,1.0
body_world,90421,True,True,l,1.3429074718778478,1.0,medium,10,69,68,-1,-0.05,68,body,True,settled,3.0,True,0.02779240533709526,3.0,0.029935482889413834,0.0
body_world,90422,True,True,m,1.4859152920245902,2.0,short,4,60,56,-4,-0.2,56,body,True,settled,3.0,True,0.02712671458721161,3.0,0.03975594416260719,0.4
body_world,90423,True,True,l,1.4537628318674107,-2.0,medium,10,61,61,0,0.0,61,world,False,decayed,10.0,False,nan,nan,0.04406154155731201,0.6
body_world,90424,True,True,m,1.5039422662674549,-4.0,short,4,76,72,-4,-0.2,72,alarm,True,persistent,10.0,False,nan,nan,0.0695587545633316,0.8
body_world,90425,True,True,l,1.484051795950852,4.0,medium,10,66,66,0,0.0,66,body,True,settled,4.75,True,0.03626305237412453,4.75,0.05079718306660652,1.0
body_world,90426,True,True,m,1.499613542769097,-1.0,short,4,72,68,-4,-0.2,68,body,True,settled,3.0,True,0.04962366819381714,3.0,0.048518143594264984,0.6
body_world,90427,True,True,l,1.2434438593395136,1.0,medium,10,67,68,1,0.05,67,body,True,settled,3.0,True,0.027333050966262817,3.0,0.021680260077118874,0.0
body_world,90428,True,True,m,1.5747146197091175,2.0,short,4,64,69,5,0.25,64,body,True,settled,3.0,True,0.03974629566073418,3.0,0.04310343414545059,0.8
body_world,90429,True,True,l,1.4646053079069046,-2.0,medium,10,67,69,2,0.1,67,world,False,decayed,10.0,False,nan,nan,0.04613543674349785,0.6
body_world,90430,True,True,m,1.6725099978259204,-4.0,short,4,62,64,2,0.1,62,alarm,True,persistent,10.0,False,nan,nan,0.08375512063503265,0.8
body_world,90431,True,True,l,1.3236542402011626,-4.0,medium,10,67,69,2,0.1,67,body,True,settled,4.55,True,0.027697551995515823,4.55,0.02863892912864685,0.0
body_world,90432,True,True,m,1.3642720743548598,-1.0,short,4,61,64,3,0.15000000000000002,61,body,True,settled,3.0,True,0.034221917390823364,3.0,0.02246830426156521,0.0
body_world,90433,True,True,l,1.3743791243103016,-1.0,medium,10,77,78,1,0.05,77,world,False,decayed,10.0,False,nan,nan,0.029106592759490013,0.2
body_world,90434,True,True,m,1.4747028802268096,2.0,short,4,63,62,-1,-0.05,62,body,True,settled,3.0,True,0.03440219908952713,3.0,0.04971662536263466,0.8
body_world,90435,True,True,l,1.3038106075252267,-2.0,medium,10,64,60,-4,-0.2,60,body,True,settled,4.800000000000001,True,0.02526293694972992,4.800000000000001,0.02910018526017666,0.0
body_world,90436,True,True,m,1.6168586909623586,4.0,short,4,80,79,-1,-0.05,79,alarm,True,persistent,10.0,False,nan,nan,0.06673866510391235,1.0
body_world,90437,True,True,l,1.3291113567705524,-4.0,medium,10,77,80,3,0.15000000000000002,77,body,True,settled,4.6000000000000005,True,0.026885930448770523,4.6000000000000005,0.025865668430924416,0.0
body_world,90438,True,True,m,1.329008599029527,-1.0,short,4,80,81,1,0.05,80,body,True,settled,3.0,True,0.026287037879228592,3.0,0.022269127890467644,0.0
body_world,90439,True,True,l,1.445391509411858,1.0,medium,10,66,66,0,0.0,66,body,True,settled,3.0,True,0.026694919914007187,3.0,0.039017874747514725,0.2
body_world,90440,True,True,m,1.5564106744089927,2.0,short,4,74,79,5,0.25,74,body,True,settled,3.0,True,0.026232952252030373,3.0,0.06762487441301346,1.0
body_world,90441,True,True,l,1.3070596772413094,2.0,medium,10,71,75,4,0.2,71,world,False,decayed,10.0,False,nan,nan,0.033301182091236115,0.2
body_world,90442,True,True,m,1.6269524228642334,4.0,short,4,74,79,5,0.25,74,alarm,True,persistent,10.0,False,nan,nan,0.07576139271259308,1.0
body_world,90443,True,True,l,1.378277312801848,-4.0,medium,10,74,72,-2,-0.1,72,body,True,settled,4.5,True,0.029774582013487816,4.5,0.037389904260635376,0.2
body_world,90444,True,True,m,1.453510197141481,1.0,short,4,71,71,0,0.0,71,body,True,settled,3.0,True,0.024059390649199486,3.0,0.04129517078399658,0.6
body_world,90445,True,True,l,1.3665797638238526,-1.0,medium,10,62,62,0,0.0,62,world,False,decayed,10.0,False,nan,nan,0.02591172233223915,0.2
body_world,90446,True,True,m,1.33490869903924,-2.0,short,4,69,64,-5,-0.25,64,alarm,True,persistent,10.0,False,nan,nan,0.049078233540058136,1.0
body_world,90447,True,True,l,1.360545744961593,2.0,medium,10,71,76,5,0.25,71,world,False,decayed,10.0,False,nan,nan,0.03126659244298935,0.2
body_world,90448,True,True,m,1.3926898559008811,4.0,short,4,79,79,0,0.0,79,alarm,True,persistent,10.0,False,nan,nan,0.056226491928100586,1.0
body_world,90449,True,True,l,1.4996288562259714,4.0,medium,10,72,69,-3,-0.15000000000000002,69,body,True,settled,4.5,True,0.035289376974105835,4.5,0.04655645042657852,0.8
body_world,90450,True,True,m,1.6497126455801099,-1.0,short,4,71,68,-3,-0.15000000000000002,68,alarm,True,persistent,10.0,False,nan,nan,0.07849004119634628,1.0
body_world,90451,True,True,l,1.4011624978174013,-1.0,medium,10,71,69,-2,-0.1,69,world,False,decayed,10.0,False,nan,nan,0.0255529023706913,0.4
body_world,90452,True,True,m,1.3459971515369575,2.0,short,4,75,75,0,0.0,75,body,True,settled,3.0,True,0.0217701755464077,3.0,0.028274208307266235,0.0
body_world,90453,True,True,l,1.3128410648573021,-2.0,medium,10,64,60,-4,-0.2,60,body,True,settled,4.800000000000001,True,0.02766624465584755,4.800000000000001,0.03104877471923828,0.0
body_world,90454,True,True,m,1.4532800695650452,4.0,short,4,80,85,5,0.25,80,alarm,True,persistent,10.0,False,nan,nan,0.06667782366275787,1.0
body_world,90455,True,True,l,1.4639866887179158,4.0,medium,10,63,65,2,0.1,63,body,True,settled,4.7,True,0.03694386035203934,4.7,0.052356522530317307,0.8
body_world,90456,True,True,m,1.437503394575647,1.0,short,4,72,71,-1,-0.05,71,body,True,settled,3.0,True,0.03614569827914238,3.0,0.04161277413368225,0.8
body_world,90457,True,True,l,1.433005966120608,-1.0,medium,10,79,81,2,0.1,79,world,False,decayed,10.0,False,nan,nan,0.03253021836280823,0.4
body_world,90458,True,True,m,1.5714723561915191,-2.0,short,4,75,77,2,0.1,75,alarm,True,persistent,10.0,False,nan,nan,0.06561262905597687,1.0
body_world,90459,True,True,l,1.423809978213943,-2.0,medium,10,78,75,-3,-0.15000000000000002,75,body,True,settled,4.75,True,0.030269643291831017,4.75,0.033040523529052734,0.4
body_world,90460,True,True,m,1.501503010941712,-4.0,short,4,65,67,2,0.1,65,alarm,True,persistent,10.0,False,nan,nan,0.05686189979314804,1.0
body_world,90461,True,True,l,1.4979893620177673,-4.0,medium,10,69,68,-1,-0.05,68,body,True,settled,4.55,True,0.05509299039840698,4.55,0.04252731800079346,0.6
body_world,90462,True,True,m,1.32405485767968,-1.0,short,4,61,64,3,0.15000000000000002,61,body,True,settled,3.0,True,0.018706146627664566,3.0,0.026772361248731613,0.0
body_world,90463,True,True,l,1.2959566174498844,1.0,medium,10,61,60,-1,-0.05,60,body,True,settled,3.0,True,0.024710778146982193,3.0,0.0297114048153162,0.0
body_world,90464,True,True,m,1.5484915809048363,-2.0,short,4,68,73,5,0.25,68,alarm,True,persistent,10.0,False,nan,nan,0.07530422508716583,1.0
body_world,90465,True,True,l,1.428408630737959,-2.0,medium,10,74,69,-5,-0.25,69,body,True,settled,4.800000000000001,True,0.03736049681901932,4.800000000000001,0.04291916266083717,0.8
body_world,90466,True,True,m,1.3278826334953207,4.0,short,4,72,74,2,0.1,72,alarm,True,persistent,10.0,False,nan,nan,0.04886080324649811,1.0
body_world,90467,True,True,l,1.224242705022093,-4.0,medium,10,67,71,4,0.2,67,body,True,settled,4.6000000000000005,True,0.02152237668633461,4.6000000000000005,0.021019939333200455,0.0
body_world,90468,True,True,m,1.377155487281401,1.0,short,4,65,70,5,0.25,65,body,True,settled,3.0,True,0.03208113834261894,3.0,0.03537503629922867,0.0
body_world,90469,True,True,l,1.2775926055522053,-1.0,medium,10,71,67,-4,-0.2,67,world,False,decayed,10.0,False,nan,nan,0.025001123547554016,0.2
body_world,90470,True,True,m,1.5219750255884492,2.0,short,4,71,70,-1,-0.05,70,body,True,settled,3.0,True,0.026033218950033188,3.0,0.05159199237823486,1.0
body_world,90471,True,True,l,1.2543795609592172,2.0,medium,10,63,63,0,0.0,63,body,True,settled,5.2,True,0.025594109669327736,5.2,0.024974975734949112,0.0
body_world,90472,True,True,m,1.523888147333015,4.0,short,4,77,82,5,0.25,77,alarm,True,persistent,10.0,False,nan,nan,0.07181760668754578,1.0
body_world,90473,True,True,l,1.4189126139922845,-4.0,medium,10,68,63,-5,-0.25,63,body,True,settled,4.4,True,0.048056818544864655,4.4,0.039996907114982605,0.4
body_world,90474,True,True,m,1.3393605416224226,1.0,short,4,80,80,0,0.0,80,body,True,settled,3.0,True,0.020066404715180397,3.0,0.02669847384095192,0.0
body_world,90475,True,True,l,1.4134205728523153,1.0,medium,10,66,68,2,0.1,66,body,True,settled,3.0,True,0.023936865851283073,3.0,0.0406106635928154,0.6
body_world,90476,True,True,m,1.3814810158500825,-2.0,short,4,70,70,0,0.0,70,world,False,decayed,10.0,False,nan,nan,0.03357734531164169,0.4
body_world,90477,True,True,l,1.4674729887667173,2.0,medium,10,78,80,2,0.1,78,world,False,decayed,10.0,False,nan,nan,0.04546244442462921,0.6
body_world,90478,True,True,m,1.5027032697774165,4.0,short,4,80,80,0,0.0,80,alarm,True,persistent,10.0,False,nan,nan,0.061657823622226715,1.0
body_world,90479,True,True,l,1.3850046666885212,-4.0,medium,10,66,66,0,0.0,66,body,True,settled,4.5,True,0.03662934899330139,4.5,0.03483395278453827,0.0
calib,90480,False,False,,1.0,0.0,,0,64,64,0,0.0,64,world,True,settled,3.0,True,0.010397136211395264,3.0,0.011082300916314125,0.0
calib,90481,False,False,,1.0,0.0,,0,76,76,0,0.0,76,world,True,settled,3.0,True,0.010698758065700531,3.0,0.010844634845852852,0.0
calib,90482,False,False,,1.0,0.0,,0,79,79,0,0.0,79,world,True,settled,3.0,True,0.010815747082233429,3.0,0.011032821610569954,0.0
calib,90483,False,False,,1.0,0.0,,0,70,70,0,0.0,70,world,True,settled,3.0,True,0.00875034648925066,3.0,0.011014755815267563,0.0
calib,90484,False,False,,1.0,0.0,,0,69,69,0,0.0,69,world,True,settled,3.0,True,0.01084104273468256,3.0,0.01111894752830267,0.0
calib,90485,False,False,,1.0,0.0,,0,78,78,0,0.0,78,world,True,settled,3.0,True,0.010249247774481773,3.0,0.010708441026508808,0.0
calib,90486,False,False,,1.0,0.0,,0,79,79,0,0.0,79,world,True,settled,3.0,True,0.01053529791533947,3.0,0.010082945227622986,0.0
calib,90487,False,False,,1.0,0.0,,0,74,74,0,0.0,74,world,True,settled,3.0,True,0.009743379428982735,3.0,0.01058219000697136,0.0
calib,90488,False,False,,1.0,0.0,,0,62,62,0,0.0,62,world,True,settled,3.0,True,0.010777239687740803,3.0,0.010566333308815956,0.0
calib,90489,False,False,,1.0,0.0,,0,65,65,0,0.0,65,world,True,settled,3.0,True,0.010661336593329906,3.0,0.010590135119855404,0.0
calib,90490,False,False,,1.0,0.0,,0,70,70,0,0.0,70,world,True,settled,3.0,True,0.01083759218454361,3.0,0.01103885006159544,0.0
calib,90491,False,False,,1.0,0.0,,0,63,63,0,0.0,63,world,True,settled,3.0,True,0.010297765955328941,3.0,0.011051379144191742,0.0
calib,90492,False,False,,1.0,0.0,,0,66,66,0,0.0,66,world,True,settled,3.0,True,0.009287571534514427,3.0,0.01111973263323307,0.0
calib,90493,False,False,,1.0,0.0,,0,80,80,0,0.0,80,world,True,settled,3.0,True,0.012338072992861271,3.0,0.01093277521431446,0.0
calib,90494,False,False,,1.0,0.0,,0,79,79,0,0.0,79,world,True,settled,3.0,True,0.011563380248844624,3.0,0.010034377686679363,0.0
calib,90495,False,False,,1.0,0.0,,0,75,75,0,0.0,75,world,True,settled,3.0,True,0.01061907596886158,3.0,0.009413333609700203,0.0
calib,90496,False,False,,1.0,0.0,,0,76,76,0,0.0,76,world,True,settled,3.0,True,0.010757051408290863,3.0,0.01150570996105671,0.0
calib,90497,False,False,,1.0,0.0,,0,68,68,0,0.0,68,world,True,settled,3.0,True,0.010542584583163261,3.0,0.010371720418334007,0.0
calib,90498,False,False,,1.0,0.0,,0,70,70,0,0.0,70,world,True,settled,3.0,True,0.011304107494652271,3.0,0.00974918995052576,0.0
calib,90499,False,False,,1.0,0.0,,0,79,79,0,0.0,79,world,True,settled,3.0,True,0.012457260861992836,3.0,0.010799413546919823,0.0
calib,90500,False,False,,1.0,0.0,,0,72,72,0,0.0,72,world,True,settled,3.0,True,0.010268007405102253,3.0,0.011249786242842674,0.0
calib,90501,False,False,,1.0,0.0,,0,76,76,0,0.0,76,world,True,settled,3.0,True,0.01043696142733097,3.0,0.010562483221292496,0.0
calib,90502,False,False,,1.0,0.0,,0,76,76,0,0.0,76,world,True,settled,3.0,True,0.010939361527562141,3.0,0.010722017847001553,0.0
calib,90503,False,False,,1.0,0.0,,0,63,63,0,0.0,63,world,True,settled,3.0,True,0.012041437439620495,3.0,0.011572938412427902,0.0
calib,90504,False,False,,1.0,0.0,,0,72,72,0,0.0,72,world,True,settled,3.0,True,0.01075954083353281,3.0,0.010947911068797112,0.0
calib,90505,False,False,,1.0,0.0,,0,75,75,0,0.0,75,world,True,settled,3.0,True,0.009970711544156075,3.0,0.010760973207652569,0.0
calib,90506,False,False,,1.0,0.0,,0,78,78,0,0.0,78,world,True,settled,3.0,True,0.009528040885925293,3.0,0.01052005309611559,0.0
calib,90507,False,False,,1.0,0.0,,0,72,72,0,0.0,72,world,True,settled,3.0,True,0.011447437107563019,3.0,0.01031828485429287,0.0
calib,90508,False,False,,1.0,0.0,,0,68,68,0,0.0,68,world,True,settled,3.0,True,0.011798419058322906,3.0,0.009849932044744492,0.0
calib,90509,False,False,,1.0,0.0,,0,69,69,0,0.0,69,world,True,settled,3.0,True,0.01019344199448824,3.0,0.009950520470738411,0.0
calib,90510,False,False,,1.0,0.0,,0,60,60,0,0.0,60,world,True,settled,3.0,True,0.011504044756293297,3.0,0.009787281975150108,0.0
calib,90511,False,False,,1.0,0.0,,0,67,67,0,0.0,67,world,True,settled,3.0,True,0.010763363912701607,3.0,0.011049726977944374,0.0
calib,90512,False,False,,1.0,0.0,,0,65,65,0,0.0,65,world,True,settled,3.0,True,0.010744807310402393,3.0,0.010599732398986816,0.0
calib,90513,False,False,,1.0,0.0,,0,79,79,0,0.0,79,world,True,settled,3.0,True,0.01050848700106144,3.0,0.011756008490920067,0.0
calib,90514,False,False,,1.0,0.0,,0,62,62,0,0.0,62,world,True,settled,3.0,True,0.010857312940061092,3.0,0.010277052409946918,0.0
calib,90515,False,False,,1.0,0.0,,0,75,75,0,0.0,75,world,True,settled,3.0,True,0.010368414223194122,3.0,0.009957865811884403,0.0
calib,90516,False,False,,1.0,0.0,,0,71,71,0,0.0,71,world,True,settled,3.0,True,0.010471056215465069,3.0,0.008606815710663795,0.0
calib,90517,False,False,,1.0,0.0,,0,77,77,0,0.0,77,world,True,settled,3.0,True,0.0112985884770751,3.0,0.01161465235054493,0.0
calib,90518,False,False,,1.0,0.0,,0,72,72,0,0.0,72,world,True,settled,3.0,True,0.0096785519272089,3.0,0.010149753652513027,0.0
calib,90519,False,False,,1.0,0.0,,0,76,76,0,0.0,76,world,True,settled,3.0,True,0.011171204969286919,3.0,0.010364936664700508,0.0
calib,90520,False,False,,1.0,0.0,,0,76,76,0,0.0,76,world,True,settled,3.0,True,0.010916166007518768,3.0,0.009336277842521667,0.0
calib,90521,False,False,,1.0,0.0,,0,64,64,0,0.0,64,world,True,settled,3.0,True,0.010699118487536907,3.0,0.010886860080063343,0.0
calib,90522,False,False,,1.0,0.0,,0,80,80,0,0.0,80,world,True,settled,3.0,True,0.010772109031677246,3.0,0.00981888361275196,0.0
calib,90523,False,False,,1.0,0.0,,0,64,64,0,0.0,64,world,True,settled,3.0,True,0.010588089935481548,3.0,0.01118822954595089,0.0
calib,90524,False,False,,1.0,0.0,,0,60,60,0,0.0,60,world,True,settled,3.0,True,0.012259558774530888,3.0,0.011438464745879173,0.0
calib,90525,False,False,,1.0,0.0,,0,74,74,0,0.0,74,world,True,settled,3.0,True,0.00943109393119812,3.0,0.011306056752800941,0.0
calib,90526,False,False,,1.0,0.0,,0,64,64,0,0.0,64,world,True,settled,3.0,True,0.011520649306476116,3.0,0.010145425796508789,0.0
calib,90527,False,False,,1.0,0.0,,0,77,77,0,0.0,77,world,True,settled,3.0,True,0.01098712719976902,3.0,0.010829336941242218,0.0
calib,90528,False,False,,1.0,0.0,,0,69,69,0,0.0,69,world,True,settled,3.0,True,0.009841936640441418,3.0,0.010485919192433357,0.0
calib,90529,False,False,,1.0,0.0,,0,61,61,0,0.0,61,world,True,settled,3.0,True,0.011026483960449696,3.0,0.01046836655586958,0.0
