torque,duration_steps,rejected,n,rate,ci_low,ci_high
0.5,2,20,20,1.0,0.8388698745050667,1.0
0.5,5,20,20,1.0,0.8388698745050667,1.0
0.5,10,20,20,1.0,0.8388698745050667,1.0
0.5,15,20,20,1.0,0.8388698745050667,1.0
1.0,2,20,20,1.0,0.8388698745050667,1.0
1.0,5,20,20,1.0,0.8388698745050667,1.0
1.0,10,19,20,0.95,0.7638641064874331,0.9911187805671268
1.0,15,19,20,0.95,0.7638641064874331,0.9911187805671268
1.5,2,20,20,1.0,0.8388698745050667,1.0
1.5,5,20,20,1.0,0.8388698745050667,1.0
1.5,10,19,20,0.95,0.7638641064874331,0.9911187805671268
1.5,15,18,20,0.9,0.6989617935882066,0.9721341060158468
2.0,2,20,20,1.0,0.8388698745050667,1.0
2.0,5,19,20,0.95,0.7638641064874331,0.9911187805671268
2.0,10,13,20,0.65,0.43285051021946463,0.8188104521320554
2.0,15,18,20,0.9,0.6989617935882066,0.9721341060158468
3.0,2,20,20,1.0,0.8388698745050667,1.0
3.0,5,13,20,0.65,0.43285051021946463,0.8188104521320554
3.0,10,14,20,0.7,0.4810232237710206,0.854524726031006
3.0,15,16,20,0.8,0.5839782779742401,0.9193436467288
4.0,2,19,20,0.95,0.7638641064874331,0.9911187805671268
4.0,5,10,20,0.5,0.2992949144298199,0.7007050855701801
4.0,10,9,20,0.45,0.25819502085709295,0.6579179916924003
4.0,15,12,20,0.6,0.3865779423152061,0.7811960325858074
