param,factor,detected,n,rate,ci_low,ci_high
l,1.05,0,20,0.0,0.0,0.16113012549493322
l,1.1,6,20,0.3,0.14547527396899385,0.5189767762289793
l,1.15,16,20,0.8,0.5839782779742401,0.9193436467288
l,1.2,18,20,0.9,0.6989617935882066,0.9721341060158468
l,1.3,20,20,1.0,0.8388698745050667,1.0
l,1.4,20,20,1.0,0.8388698745050667,1.0
l,1.5,20,20,1.0,0.8388698745050667,1.0
l,1.6,20,20,1.0,0.8388698745050667,1.0
m,1.05,0,20,0.0,0.0,0.16113012549493322
m,1.1,2,20,0.1,0.027865893984153206,0.30103820641179335
m,1.15,6,20,0.3,0.14547527396899385,0.5189767762289793
m,1.2,13,20,0.65,0.43285051021946463,0.8188104521320554
m,1.3,20,20,1.0,0.8388698745050667,1.0
m,1.4,20,20,1.0,0.8388698745050667,1.0
m,1.5,20,20,1.0,0.8388698745050667,1.0
m,1.6,20,20,1.0,0.8388698745050667,1.0
