block,true_class,param,factor,torque,duration,onset,seed,score,pre_onset_mean,peak_after_onset,theta_end_of_window,fell,prediction
calib,none,,1.0,0.0,0,46,10000,0.011219615652225911,0.01048472817764496,0.020194878801703453,0.06857437061608174,False,world
calib,none,,1.0,0.0,0,61,10001,0.00964014184428379,0.010899947521078293,0.016529835760593414,0.056824956618289235,False,world
calib,none,,1.0,0.0,0,56,10002,0.01051710185711272,0.010121312528748863,0.020041048526763916,0.06434257835915735,False,world
calib,none,,1.0,0.0,0,57,10003,0.010331770352786407,0.011703781932674087,0.018802519887685776,0.04739132216289166,False,world
calib,none,,1.0,0.0,0,64,10004,0.010790319298394024,0.011411463583499426,0.018371062353253365,0.0696712350693458,False,world
calib,none,,1.0,0.0,0,63,10005,0.011151363875251263,0.010584946756901603,0.01807265728712082,0.04533269516438976,False,world
calib,none,,1.0,0.0,0,69,10006,0.01213289563311264,0.010652651542973152,0.0223765280097723,0.05370129049777228,False,world
calib,none,,1.0,0.0,0,48,10007,0.011305481812451034,0.010876474349061027,0.018047185614705086,0.05908849545612771,False,world
calib,none,,1.0,0.0,0,58,10008,0.012018386728595943,0.010826515361008331,0.021882880479097366,0.014125734305786342,False,world
calib,none,,1.0,0.0,0,46,10009,0.011865293706068768,0.012343099563504044,0.01766207627952099,0.04010095504336508,False,world
calib,none,,1.0,0.0,0,72,10010,0.009825492388335988,0.009905229141521785,0.018695054575800896,0.08678836206524165,False,world
calib,none,,1.0,0.0,0,72,10011,0.011185278778430074,0.011306622764095664,0.01717466115951538,0.046970148890773444,False,world
calib,none,,1.0,0.0,0,42,10012,0.010666251520160586,0.009263475248146625,0.015717990696430206,0.033892020296586445,False,world
calib,none,,1.0,0.0,0,56,10013,0.010064351023174822,0.010966515218439912,0.023986905813217163,0.0592737705876587,False,world
calib,none,,1.0,0.0,0,78,10014,0.010143393208272755,0.010686107452970762,0.01735655777156353,0.06557138429446407,False,world
calib,none,,1.0,0.0,0,57,10015,0.008166720031294972,0.010372099548316839,0.019817037507891655,0.09007050511746062,False,world
calib,none,,1.0,0.0,0,61,10016,0.008889734360855073,0.010427341243007877,0.02041534334421158,0.058717673710329876,False,world
calib,none,,1.0,0.0,0,71,10017,0.013541332352906466,0.010788003525460586,0.0222367774695158,0.022637128992712086,False,world
calib,none,,1.0,0.0,0,49,10018,0.010199065285269171,0.010876869283882635,0.02340824343264103,0.04562031959865509,False,world
calib,none,,1.0,0.0,0,49,10019,0.009706385002937168,0.012159939479957126,0.021435540169477463,0.08402870857514966,False,world
calib,none,,1.0,0.0,0,45,10020,0.009650817047804594,0.01009893534808523,0.016234125941991806,0.09248997981075746,False,world
calib,none,,1.0,0.0,0,52,10021,0.008770232391543686,0.011994897696870165,0.01943911425769329,0.040046809830040164,False,world
calib,none,,1.0,0.0,0,71,10022,0.01022601966978982,0.010345118067843813,0.021508896723389626,0.07246212412615849,False,world
calib,none,,1.0,0.0,0,76,10023,0.009764382435241714,0.010408625656150673,0.019368106499314308,0.09142115099428105,False,world
calib,none,,1.0,0.0,0,44,10024,0.010415044391993433,0.010145928049248389,0.01960810273885727,0.05312340773457036,False,world
calib,none,,1.0,0.0,0,51,10025,0.010052881366573275,0.009787059662973179,0.01595047488808632,0.07930860038626175,False,world
calib,none,,1.0,0.0,0,43,10026,0.009666305151768029,0.011093380633568349,0.017814407125115395,0.05617879879067722,False,world
calib,none,,1.0,0.0,0,47,10027,0.010351356043247505,0.008667500446887409,0.02106725424528122,0.055622201102658586,False,world
calib,none,,1.0,0.0,0,41,10028,0.009681622020434589,0.010932006634680963,0.020136669278144836,0.08352664182534664,False,world
calib,none,,1.0,0.0,0,51,10029,0.01053552543744445,0.009327396971867512,0.020396703854203224,0.04749987996795335,False,world
calib,none,,1.0,0.0,0,78,10030,0.010597236291505396,0.010656222614507454,0.018728284165263176,0.06531770012563065,False,world
calib,none,,1.0,0.0,0,66,10031,0.009241993370233103,0.010206074602055278,0.019988035783171654,0.06997169746571119,False,world
calib,none,,1.0,0.0,0,78,10032,0.012282711151055992,0.011340552481273428,0.016961676999926567,0.06455951738415688,False,world
calib,none,,1.0,0.0,0,53,10033,0.01068877344368957,0.009275726424881591,0.019844792783260345,0.04943082460694903,False,world
calib,none,,1.0,0.0,0,79,10034,0.010985790437553078,0.010622503660336326,0.016217434778809547,0.03397003258314868,False,world
calib,none,,1.0,0.0,0,48,10035,0.009466597635764629,0.01010088283995477,0.018763428553938866,0.08107167430937601,False,world
calib,none,,1.0,0.0,0,51,10036,0.01167046019108966,0.009148275381520245,0.0190158411860466,0.05655433876078764,False,world
calib,none,,1.0,0.0,0,65,10037,0.010303626139648258,0.009937960602558003,0.019695408642292023,0.045807397428564656,False,world
calib,none,,1.0,0.0,0,51,10038,0.01070515940664336,0.011363177811361704,0.017275525256991386,0.05504360980509038,False,world
calib,none,,1.0,0.0,0,44,10039,0.010801319556776434,0.011629701385655526,0.015784310176968575,0.048582114735918225,False,world
calib,none,,1.0,0.0,0,40,10040,0.0110845721908845,0.010136999082169496,0.017236514016985893,0.04210138955967402,False,world
calib,none,,1.0,0.0,0,43,10041,0.009984214976429939,0.010418107478641147,0.018441906198859215,0.06188109925169405,False,world
calib,none,,1.0,0.0,0,64,10042,0.010918790189316496,0.010151594779017614,0.020094536244869232,0.03492181121394333,False,world
calib,none,,1.0,0.0,0,80,10043,0.011754856421612203,0.01203720512567088,0.0192132368683815,0.044316272834863835,False,world
calib,none,,1.0,0.0,0,44,10044,0.011609359295107424,0.01151951375703158,0.017609603703022003,0.03737676061227946,False,world
calib,none,,1.0,0.0,0,51,10045,0.01084265266545117,0.011117061942487079,0.018655836582183838,0.03592196345441234,False,world
calib,none,,1.0,0.0,0,58,10046,0.011280053772497921,0.011179880576272463,0.01863451488316059,0.016663702427881955,False,world
calib,none,,1.0,0.0,0,42,10047,0.012065265700221062,0.010965322083350094,0.01798188127577305,0.0630937687658597,False,world
calib,none,,1.0,0.0,0,77,10048,0.009246867918409406,0.009864922222838579,0.017492374405264854,0.06079920079889778,False,world
calib,none,,1.0,0.0,0,55,10049,0.011023659294005483,0.011532126771370796,0.018899578601121902,0.034395139281672815,False,world
