block,true_class,param,factor,torque,duration,onset,seed,score,pre_onset_mean,peak_after_onset,theta_end_of_window,fell,prediction,correct
main,body,m,1.560799419023549,0.0,0,61,20000,0.060796259948983786,0.011398961809540137,0.07882107049226761,0.14955804310705467,False,body,True
main,body,m,1.4745666169209997,0.0,0,40,20001,0.04085460631176829,0.010792857161141001,0.06779905408620834,0.12730456679540003,False,body,True
main,body,m,1.262879846961108,0.0,0,68,20002,0.01460744219366461,0.011645480880842489,0.04665815085172653,0.08090107500103905,False,world,False
main,body,m,1.205203590621134,0.0,0,42,20003,0.01632605493068695,0.010296110088737416,0.026903148740530014,0.07251071561303757,False,body,True
main,body,l,1.5339276236725237,0.0,0,63,20004,0.05068850722163916,0.011336395757213708,0.0761447325348854,0.11992147335637071,False,body,True
main,body,l,1.3613965352328525,0.0,0,49,20005,0.03463968827854842,0.011071154239530466,0.08056040108203888,0.10220579706575483,False,body,True
main,body,m,1.4491651572815984,0.0,0,76,20006,0.03888678033836186,0.010037557182122805,0.06575727462768555,0.10942784643592862,False,body,True
main,body,m,1.2252864144424387,0.0,0,73,20007,0.01937805216293782,0.011503359873791875,0.03847433999180794,0.08130457099956079,False,body,True
main,body,l,1.213307283525103,0.0,0,71,20008,0.02011994132772088,0.011677376378301374,0.060134999454021454,0.052608561166691103,False,body,True
main,body,l,1.251272957357514,0.0,0,79,20009,0.025467704888433217,0.01162821995654391,0.06292989104986191,0.07757882328962751,False,body,True
main,body,m,1.276635614177374,0.0,0,80,20010,0.018955893442034723,0.01074907091242494,0.04493863135576248,0.08157478675258689,False,body,True
main,body,m,1.5479923349522084,0.0,0,46,20011,0.057769300416111946,0.0103049907863707,0.07472505420446396,0.15049297305658005,False,body,True
main,body,m,1.2116865564353152,0.0,0,61,20012,0.01914867404848337,0.009621052443599482,0.04089200869202614,0.0700334268892937,False,body,True
main,body,m,1.251677391997426,0.0,0,43,20013,0.019629030115902425,0.011367126522304188,0.04456942155957222,0.09453559988690463,False,body,True
main,body,l,1.3431181285265936,0.0,0,66,20014,0.03334514312446117,0.01193085160797857,0.07880948483943939,0.10416479779046783,False,body,True
main,body,l,1.309222335029322,0.0,0,65,20015,0.029107106593437494,0.010964905941643966,0.06874843686819077,0.08200998451235275,False,body,True
main,body,m,1.5736617708607068,0.0,0,46,20016,0.059961450193077324,0.00994871469700466,0.0780966579914093,0.12699119187848273,False,body,True
main,body,m,1.4065707554947018,0.0,0,65,20017,0.033521746098995206,0.011025857805417707,0.062962107360363,0.11193943443438803,False,body,True
main,body,l,1.5047759707822483,0.0,0,57,20018,0.0447645319160074,0.009713649059433425,0.09351879358291626,0.11363277011266826,False,body,True
main,body,l,1.2842336373637115,0.0,0,40,20019,0.024150457023642956,0.009371503890724853,0.06501666456460953,0.07489000021990844,False,body,True
main,body,m,1.2700870462344502,0.0,0,70,20020,0.025196370505727827,0.010936410799955151,0.04804140701889992,0.11493286522419055,False,body,True
main,body,l,1.2002771884781687,0.0,0,51,20021,0.018116008304059506,0.009494735701831387,0.04208965599536896,0.08673882272625599,False,body,True
main,body,m,1.4633569694556132,0.0,0,78,20022,0.045858617732301356,0.011069053933263207,0.06505327671766281,0.1379961003612622,False,body,True
main,body,l,1.383960645113107,0.0,0,57,20023,0.038618368841707704,0.010912322672083974,0.08370283991098404,0.0935313665222206,False,body,True
main,body,l,1.5611493108212084,0.0,0,68,20024,0.04964448641985655,0.009757997702656533,0.08244016766548157,0.10580963079884009,False,body,True
main,body,l,1.5150120536070188,0.0,0,60,20025,0.05095741981640458,0.011423292271016787,0.11027222126722336,0.13804709197420806,False,body,True
main,body,l,1.231550154123041,0.0,0,66,20026,0.022597118536941706,0.010847146068981878,0.06143554300069809,0.06923761438447018,False,body,True
main,body,l,1.5435377525364142,0.0,0,66,20027,0.044330113241449,0.009626490933552497,0.11265954375267029,0.1017065970416744,False,body,True
main,body,l,1.4798529883453049,0.0,0,46,20028,0.04390711365267634,0.010859891860847078,0.08898218721151352,0.11465644332439107,False,body,True
main,body,m,1.5203879724621265,0.0,0,78,20029,0.04840912912040949,0.010189831586709866,0.06970915198326111,0.15150941799468365,False,body,True
main,body,l,1.2419209003699583,0.0,0,73,20030,0.020315542654134332,0.011194541147744206,0.06322471052408218,0.06797557739103377,False,body,True
main,body,m,1.5916969459791495,0.0,0,55,20031,0.048776620021089914,0.011161086928438056,0.07691078633069992,0.12011208737294732,False,body,True
main,body,l,1.2860794031545868,0.0,0,49,20032,0.020868974435143173,0.009787693671996191,0.07087230682373047,0.06106667713206537,False,body,True
main,body,l,1.3066069247492185,0.0,0,77,20033,0.031060671783052385,0.011025360286501902,0.0786222591996193,0.11317231720154863,False,body,True
main,body,l,1.2384100349381597,0.0,0,77,20034,0.022321869083680213,0.009635938089582827,0.06392745673656464,0.10721034148712993,False,body,True
main,body,l,1.3113025284975415,0.0,0,78,20035,0.024336062255315483,0.010425161946421633,0.02936461567878723,0.08673040842581736,False,body,True
main,body,m,1.366546047124509,0.0,0,53,20036,0.0321546683087945,0.011249228837495705,0.05407872796058655,0.07514865043427488,False,body,True
main,body,l,1.3103114738524926,0.0,0,41,20037,0.026396461413241923,0.011684856587657479,0.0718822330236435,0.08715321848053925,False,body,True
main,body,m,1.5374505692908116,0.0,0,76,20038,0.04426846634596586,0.01046781758716526,0.06822998821735382,0.09039939735529634,False,body,True
main,body,l,1.483769729627561,0.0,0,54,20039,0.04436470086220652,0.011258645920962509,0.07622028887271881,0.09337330830895274,False,body,True
main,body,l,1.2698474476638937,0.0,0,55,20040,0.017927407287061214,0.010946234995075925,0.06788892298936844,0.039464589341905665,False,body,True
main,body,l,1.4895156895340067,0.0,0,55,20041,0.045153331593610346,0.011784188470549205,0.09254445880651474,0.11091824663922711,False,body,True
main,body,l,1.583998896977921,0.0,0,61,20042,0.035692450031638144,0.010969005784661066,0.09355462342500687,0.09573229181606235,False,body,True
main,body,m,1.4918227087842286,0.0,0,62,20043,0.03465944570489228,0.011343818052761977,0.0704541876912117,0.09229164310855476,False,body,True
main,body,l,1.2854062659111702,0.0,0,62,20044,0.03238669708371163,0.01123807918573279,0.07693584263324738,0.1089364821025054,False,body,True
main,body,l,1.495074613591936,0.0,0,64,20045,0.05273830695077777,0.009878568031126633,0.08749119937419891,0.15189550750620917,False,body,True
main,body,m,1.431666062254505,0.0,0,76,20046,0.032739214366301894,0.00990680594450647,0.06467235088348389,0.0906242209360757,False,body,True
main,body,l,1.4003462222612275,0.0,0,53,20047,0.036112178559415044,0.010723707852621545,0.09028031677007675,0.1094087578388252,False,body,True
main,body,l,1.3622908236961577,0.0,0,40,20048,0.03995439219288528,0.012384493037825451,0.08008655905723572,0.10019064230313424,False,body,True
main,body,l,1.5475617079986463,0.0,0,78,20049,0.040502221509814265,0.00968382966806157,0.10351630300283432,0.09979156094155295,False,body,True
main,body,l,1.594628224536787,0.0,0,67,20050,0.044270493136718866,0.009808421176649741,0.11259458214044571,0.0943630736159311,False,body,True
main,body,m,1.217928350780434,0.0,0,43,20051,0.016843214933760463,0.009692386767372142,0.04349728673696518,0.08969588670500928,False,body,True
main,body,m,1.4171706030746398,0.0,0,52,20052,0.02818898349069059,0.01186803337902977,0.044568657875061035,0.09673077480373626,False,body,True
main,body,l,1.5282093479320058,0.0,0,51,20053,0.04946951321326196,0.0116687416025967,0.09141713380813599,0.11013417064555542,False,body,True
main,body,l,1.2954996327080381,0.0,0,47,20054,0.02653459252323955,0.01065056088400331,0.0694037452340126,0.07989119632050068,False,body,True
main,body,l,1.2490418334243223,0.0,0,79,20055,0.018486037175171076,0.0103677166581649,0.056713689118623734,0.06132056254698037,False,body,True
main,body,m,1.3747860358356283,0.0,0,63,20056,0.03211492416448891,0.009929606256755217,0.04367740824818611,0.0798241253406804,False,body,True
main,body,m,1.5237820761563767,0.0,0,44,20057,0.05139354686252773,0.011962234375956044,0.06973199546337128,0.14184804690279718,False,body,True
main,body,l,1.3247061248307836,0.0,0,61,20058,0.025079685263335705,0.011082164000444969,0.08582163602113724,0.07060774945921011,False,body,True
main,body,l,1.394799980113481,0.0,0,60,20059,0.039196496619842945,0.011010192875983194,0.0596902072429657,0.08891744503831855,False,body,True
main,body,m,1.579343938072021,0.0,0,50,20060,0.052010845439508555,0.01101445099338889,0.06360799074172974,0.1426291937471471,False,body,True
main,body,l,1.4767334386015905,0.0,0,71,20061,0.054802465159446,0.010728183859946127,0.10491147637367249,0.1302300716345508,False,body,True
main,body,m,1.5119941608912655,0.0,0,51,20062,0.05029476904310286,0.010915831436731797,0.07577769458293915,0.13794946333985036,False,body,True
main,body,l,1.4185801612154165,0.0,0,77,20063,0.041346330638043584,0.01141545016245989,0.0746920183300972,0.1251115068306139,False,body,True
main,body,m,1.5165714708084366,0.0,0,71,20064,0.05426346212625503,0.010557445630260651,0.07463986426591873,0.1540336784698808,False,body,True
main,body,l,1.2355540503147862,0.0,0,41,20065,0.020147924404591323,0.010826468882264524,0.05939653888344765,0.05708577759632272,False,body,True
main,body,m,1.381494440039304,0.0,0,41,20066,0.03766862710472196,0.012191264498297398,0.05887126922607422,0.10182312608223976,False,body,True
main,body,l,1.5717593605466282,0.0,0,50,20067,0.05616959552280605,0.009496806445531547,0.12016436457633972,0.0935938628939641,False,body,True
main,body,l,1.5372356772109947,0.0,0,77,20068,0.06586540681309998,0.010466626895192479,0.08447950333356857,0.11389457850885032,False,body,True
main,body,m,1.595551095985125,0.0,0,65,20069,0.059810187621042135,0.009858255330114984,0.08122912049293518,0.1567467595924965,False,body,True
main,body,m,1.5549360383240305,0.0,0,54,20070,0.032191153103485706,0.011361708681323324,0.07652149349451065,0.08198255924982023,False,body,True
main,body,l,1.2755470970732845,0.0,0,77,20071,0.02740644393488765,0.012022604672963937,0.06748136878013611,0.07534409002603715,False,body,True
main,body,l,1.3876434013422458,0.0,0,60,20072,0.033468683087266984,0.010945880176344265,0.07504148036241531,0.11278664306757902,False,body,True
main,body,l,1.3972714456705415,0.0,0,76,20073,0.02996037732809782,0.011583814098757054,0.0887957438826561,0.056370175126327915,False,body,True
main,body,l,1.2556922401487784,0.0,0,77,20074,0.0264170300681144,0.010742948627909766,0.05885101482272148,0.065800442785648,False,body,True
main,body,m,1.4373738710943649,0.0,0,59,20075,0.027485402626916768,0.011660044026261165,0.059076692909002304,0.08559602777568909,False,body,True
main,body,m,1.4647380478241443,0.0,0,74,20076,0.03362387355882675,0.010805480062609186,0.06761607527732849,0.06290856536928979,False,body,True
main,body,l,1.2682878344064976,0.0,0,52,20077,0.020206840592436492,0.010640469084207255,0.04926447197794914,0.05025688201896372,False,body,True
main,body,l,1.2085151986426694,0.0,0,54,20078,0.02404131945222616,0.013523884540147803,0.05331474915146828,0.0710535862033268,False,body,True
main,body,l,1.3875557185247174,0.0,0,62,20079,0.030824999371543527,0.011966056209207782,0.0785682424902916,0.0811798409441864,False,body,True
main,body,l,1.5557404273385413,0.0,0,78,20080,0.044989747717045246,0.011843422290463096,0.10681354254484177,0.10629283294458158,False,body,True
main,body,l,1.2449026390223,0.0,0,67,20081,0.020026539475657044,0.011377718709687243,0.06213342770934105,0.07353146361514629,False,body,True
main,body,m,1.2422886135713855,0.0,0,55,20082,0.01870790331158787,0.01017929078926417,0.04322073981165886,0.0531605743096395,False,body,True
main,body,m,1.5891668989448013,0.0,0,49,20083,0.04350745067931712,0.01093030305655331,0.08115439862012863,0.1116111164107716,False,body,True
main,body,l,1.4287877478600115,0.0,0,42,20084,0.039785564644262195,0.010717554999116276,0.08588560670614243,0.12365416316629041,False,body,True
main,body,l,1.3249037378092607,0.0,0,41,20085,0.030606317636556923,0.00962195482684254,0.07413994520902634,0.07897310848846528,False,body,True
main,body,l,1.3260469208523187,0.0,0,74,20086,0.025746800936758518,0.010674808654191627,0.07373001426458359,0.08025037160583182,False,body,True
main,body,l,1.3393318173263973,0.0,0,40,20087,0.024638522090390323,0.011397757596569136,0.07903409749269485,0.06404528981072,False,body,True
main,body,l,1.2315651090530906,0.0,0,55,20088,0.022298139333724976,0.010308448280292478,0.06391298770904541,0.05915751983905437,False,body,True
main,body,m,1.4831344437219853,0.0,0,48,20089,0.029235845478251577,0.011414148005618093,0.06958956271409988,0.08602835919797691,False,body,True
main,body,l,1.2615480097658744,0.0,0,77,20090,0.01703158705495298,0.010490591940167663,0.04359940066933632,0.067296509385526,False,body,True
main,body,l,1.399925143172283,0.0,0,63,20091,0.048387682624161245,0.010641659526819629,0.08188051730394363,0.16404996369518088,False,body,True
main,body,l,1.4344927222949553,0.0,0,79,20092,0.05174200595356524,0.010388813451628048,0.09231305867433548,0.16575223536878614,False,body,True
main,body,l,1.4894339358059667,0.0,0,65,20093,0.046287750848568975,0.010398309948281026,0.10083230584859848,0.09715386476449961,False,body,True
main,body,l,1.4391048369547106,0.0,0,48,20094,0.055193337984383105,0.010165943822357804,0.09200366586446762,0.16857403771365886,False,body,True
main,body,m,1.3891203623945454,0.0,0,56,20095,0.03979344083927572,0.01168396306041229,0.05946690961718559,0.11075538703786814,False,body,True
main,body,l,1.2493036394603965,0.0,0,63,20096,0.02120120353065431,0.011035865769603305,0.05471458658576012,0.06071175973223575,False,body,True
main,body,m,1.3178410290211162,0.0,0,40,20097,0.028330516908317803,0.010921411233721302,0.052041009068489075,0.0822879180544156,False,body,True
main,body,m,1.523812599307498,0.0,0,64,20098,0.05313440887257457,0.011468383203464327,0.0747600644826889,0.14447664231792556,False,body,True
main,body,l,1.5612075512018762,0.0,0,60,20099,0.06396507709287107,0.012537629254317532,0.09978818893432617,0.15374347822072698,False,body,True
main,world,,1.0,-0.7896840701317389,10,47,20100,0.011320757505018264,0.011529001427140641,0.13836483657360077,0.05438974050454082,False,world,True
main,world,,1.0,0.7200752000694669,6,53,20101,0.010842021065764129,0.009549334063194692,0.11711296439170837,0.06539546109857852,False,world,True
main,world,,1.0,1.7989312472247074,4,44,20102,0.008965840889140963,0.013683083874639124,0.27027636766433716,0.057591472219387096,False,world,True
main,world,,1.0,0.5764490798911319,2,70,20103,0.010161924205021933,0.011199399840552359,0.09362815320491791,0.06598238974141024,False,world,True
main,world,,1.0,-1.445754980483727,5,75,20104,0.009333704866003245,0.011377462611223261,0.23427972197532654,0.06196317204727775,False,world,True
main,world,,1.0,-0.9456787012526962,6,79,20105,0.010582711943425239,0.010363117361417677,0.16093091666698456,0.04456477829877148,False,world,True
main,world,,1.0,-1.4783326754222519,8,40,20106,0.013856709003448486,0.011918555671582,0.23557506501674652,0.5542195912610177,True,world,True
main,world,,1.0,-1.0234744676869945,4,76,20107,0.010536298551596702,0.010502450992230718,0.16877050697803497,0.07465501781545969,False,world,True
main,world,,1.0,-0.7255847267880382,4,49,20108,0.009976305934833363,0.009944504777881868,0.12251484394073486,0.06739598065547181,False,world,True
main,world,,1.0,-1.889338566101509,9,58,20109,0.012686055549420417,0.010717577883042395,0.2906394302845001,0.5011936471824452,True,world,True
main,world,,1.0,-1.4520014877722756,6,77,20110,0.008405743143521249,0.010701229299914527,0.23274728655815125,0.0725982293283316,False,world,True
main,world,,1.0,1.1362220573976098,4,45,20111,0.011637654295191169,0.00967906837662061,0.18264035880565643,0.06833015971339185,False,world,True
main,world,,1.0,-1.363315003873842,3,57,20112,0.011047625384526328,0.011890287049474162,0.2214980572462082,0.06938804765854245,False,world,True
main,world,,1.0,1.9427093973539764,5,45,20113,0.010276112437713892,0.011092270486470726,0.297710657119751,0.062322890929308095,False,world,True
main,world,,1.0,0.6359706775644824,9,51,20114,0.011147089069709182,0.01063323765080057,0.11655934900045395,0.07537611946913003,False,world,True
main,world,,1.0,1.0404744685402127,3,63,20115,0.013020038534887136,0.011324508148910744,0.17315976321697235,0.0480725372978732,False,world,True
main,world,,1.0,-0.7475870402063161,3,51,20116,0.012677128141513094,0.010546148480737911,0.12490729987621307,0.035232859853414844,False,world,True
main,world,,1.0,-1.065901195460317,6,58,20117,0.010854666226077826,0.010302822260137904,0.17745773494243622,0.061229117861615556,False,world,True
main,world,,1.0,-1.5848331957666049,4,53,20118,0.012465940532274544,0.010750491325831358,0.2556401193141937,0.029531216185758602,False,world,True
main,world,,1.0,-0.8554515929364523,7,80,20119,0.008939664525678381,0.011074594355886803,0.1432342678308487,0.0773401183608895,False,world,True
main,world,,1.0,-1.3072021338266393,10,73,20120,0.010765672614797949,0.010716804312797238,0.20962992310523987,0.9089531667688471,True,world,True
main,world,,1.0,1.1891260700308484,2,72,20121,0.009464446932543068,0.010271738571140708,0.1785624474287033,0.06855926448596561,False,world,True
main,world,,1.0,-1.1002884170284672,5,48,20122,0.011438428331166506,0.01127492198672068,0.1779671013355255,0.059896492487844455,False,world,True
main,world,,1.0,-1.3774283440180777,2,73,20123,0.011691669665742666,0.012064342382236396,0.20903833210468292,0.0511053278182243,False,world,True
main,world,,1.0,-0.5902833960303686,4,77,20124,0.011267347785178572,0.009734058846392996,0.09207887947559357,0.03234156399815591,False,world,True
main,world,,1.0,-0.9030847169375935,6,70,20125,0.009395352425053715,0.011178035478639816,0.15148738026618958,0.08394054073138957,False,world,True
main,world,,1.0,1.3013624479090464,7,44,20126,0.009698102867696434,0.011174224989107725,0.21199779212474823,0.047480831148223324,False,world,True
main,world,,1.0,1.0118550080968352,4,77,20127,0.013001386763062329,0.011673466973732432,0.15482941269874573,0.021633416312955234,False,world,True
main,world,,1.0,-0.7606922330192504,2,48,20128,0.008544508286286145,0.009980137159194177,0.1267928034067154,0.07030681184866605,False,world,True
main,world,,1.0,1.2094628426241685,9,78,20129,0.0111366513883695,0.010305118966453638,0.20191273093223572,0.03677590967797295,False,world,True
main,world,,1.0,-0.6997283840166374,3,68,20130,0.011106806551106274,0.01228445696281543,0.11448255181312561,0.051014567361829855,False,world,True
main,world,,1.0,-0.5958456814123854,5,79,20131,0.010592121933586895,0.01093518094136085,0.10074659436941147,0.06436568815748389,False,world,True
main,world,,1.0,-1.1830107550146973,2,74,20132,0.011155607458204032,0.011473829725857925,0.19108612835407257,0.04518901107977458,False,world,True
main,world,,1.0,1.4177966801688573,2,72,20133,0.010641243669670074,0.01011271717854672,0.20704509317874908,0.0904035266870511,False,world,True
main,world,,1.0,1.987279423351926,2,69,20134,0.011940414598211647,0.011744566288763199,0.30799242854118347,0.074955475535178,False,world,True
main,world,,1.0,1.8923817338850535,8,75,20135,0.013123286515474319,0.009830197288344304,0.2880280911922455,0.7812731362726719,True,world,True
main,world,,1.0,-0.952078309501291,2,67,20136,0.012122224154882132,0.011053563512639324,0.1600363701581955,0.041178265997896535,False,world,True
main,world,,1.0,1.380344743973204,6,47,20137,0.009550718241371214,0.01213735622413298,0.1966473013162613,0.0649782471889444,False,world,True
main,world,,1.0,-1.378433889773158,7,59,20138,0.009086393599864096,0.012105940292605151,0.22638235986232758,0.11074817539428583,False,world,True
main,world,,1.0,-0.8490842139419348,3,50,20139,0.00965170600102283,0.010574839867185801,0.13846631348133087,0.06803014697743226,False,world,True
main,world,,1.0,1.7874031914843207,5,53,20140,0.010678357596043497,0.011732672991336516,0.27899911999702454,0.03135408858039135,False,world,True
main,world,,1.0,1.5980907267901834,9,48,20141,0.013148948503658175,0.011399950429525537,0.24547895789146423,1.110399444945278,True,world,True
main,world,,1.0,1.3338135596140441,7,58,20142,0.011867516406346113,0.011208473873356807,0.21588696539402008,0.026848367863188116,False,world,True
main,world,,1.0,0.5222885770819674,9,67,20143,0.011387657793238758,0.011276969013721752,0.09028857201337814,0.061371583164496535,False,world,True
main,world,,1.0,0.670490932650467,5,60,20144,0.010276214312762022,0.01184460092918016,0.11898130178451538,0.08136878768197109,False,world,True
main,world,,1.0,1.3415100306014334,4,42,20145,0.011085878347512335,0.01036074320186994,0.2201642096042633,0.056754869230066785,False,world,True
main,world,,1.0,1.314733325429907,10,67,20146,0.010113284725230187,0.010769102927436358,0.20739856362342834,0.04525509783556947,False,world,True
main,world,,1.0,-1.863882142673482,5,44,20147,0.01034457612549886,0.01033947862346064,0.28639844059944153,0.07633012357208813,False,world,True
main,world,,1.0,1.4912284632062507,5,58,20148,0.009578994347248227,0.011454880438295418,0.22212721407413483,0.0494027859203956,False,world,True
main,world,,1.0,-1.320936217722247,6,56,20149,0.0115623586345464,0.00990823856721233,0.22024917602539062,0.08330812835501211,False,world,True
main,world,,1.0,0.8783138770563608,6,50,20150,0.01280611929250881,0.009766282229684294,0.15080657601356506,0.02852470725373779,False,world,True
main,world,,1.0,-0.8832511973459035,9,40,20151,0.01018673989456147,0.010927065252326429,0.1492002308368683,0.05869852720332025,False,world,True
main,world,,1.0,1.7183574027927597,7,71,20152,0.009476065798662604,0.012127276549351886,0.2669162154197693,0.034863912715368706,False,world,True
main,world,,1.0,1.6643479938433992,7,44,20153,0.012834610557183624,0.012053246350577947,0.2520458400249481,0.009950005893892389,False,world,True
main,world,,1.0,0.8592172735559087,7,56,20154,0.01008933810517192,0.01294443040387705,0.1402810513973236,0.062157708699892567,False,world,True
main,world,,1.0,1.9555417836114664,7,41,20155,0.012729106028564275,0.010232248048229916,0.28994283080101013,1.7318775509088162,True,world,True
main,world,,1.0,0.7690196644853927,10,49,20156,0.009175372379831969,0.011090312241006414,0.11861059069633484,0.054568078356532546,False,world,True
main,world,,1.0,1.6183928118859576,3,65,20157,0.010509582189843058,0.010102089046715544,0.25714707374572754,0.07098138532442899,False,world,True
main,world,,1.0,1.6506687647789968,9,58,20158,0.011400015256367624,0.011762325756316042,0.2504793405532837,0.017226112538351934,False,world,True
main,world,,1.0,1.5056208013588916,7,75,20159,0.01158146682428196,0.011028208794693153,0.23222403228282928,0.022990435193242842,False,world,True
main,world,,1.0,-1.4892946088048755,4,47,20160,0.011373974627349525,0.009223130251716902,0.2280901074409485,0.08185760918564178,False,world,True
main,world,,1.0,-0.8634297977178036,10,56,20161,0.01056617674184963,0.010337790353722605,0.143715500831604,0.07552390766105921,False,world,True
main,world,,1.0,-0.8291616706189169,3,68,20162,0.009777051932178437,0.011385856990647666,0.13954082131385803,0.08918654842284957,False,world,True
main,world,,1.0,-1.2312286883508639,3,65,20163,0.010596634494140745,0.009676721593579993,0.1941990703344345,0.048975661003802795,False,world,True
main,world,,1.0,-0.8709348997203585,8,43,20164,0.010067783202975989,0.009933476847986322,0.14949163794517517,0.058713400457151455,False,world,True
main,world,,1.0,1.1251622891076163,3,62,20165,0.01145795757183805,0.010922056483855892,0.1579529047012329,0.05453293456182662,False,world,True
main,world,,1.0,0.6684510860831708,6,66,20166,0.010219088266603648,0.009246000824284485,0.11300519108772278,0.08583304792608892,False,world,True
main,world,,1.0,1.9200745611062282,6,60,20167,0.011055840458720923,0.011212805650817852,0.29759806394577026,0.02747112621867176,False,world,True
main,world,,1.0,-1.542229633016961,7,77,20168,0.011475479381624609,0.010368692353004952,0.24408948421478271,1.9785768017000906,True,world,True
main,world,,1.0,-0.8211403330593998,4,64,20169,0.010146002058172598,0.010928701049124356,0.13391947746276855,0.06853463180309927,False,world,True
main,world,,1.0,-1.171912751819664,7,55,20170,0.008063100825529546,0.01060282275588675,0.19579602777957916,0.07355316802386902,False,world,True
main,world,,1.0,1.0998990679261433,3,56,20171,0.011087545927148312,0.011981451871439017,0.1797255277633667,0.033540317337674264,False,world,True
main,world,,1.0,-1.279313344350803,2,71,20172,0.011430690751876683,0.011051309934463089,0.19276073575019836,0.03157402066263826,False,world,True
main,world,,1.0,-0.536105998473104,6,52,20173,0.011532437079586089,0.010246656033604477,0.09201522171497345,0.0510892761333408,False,world,True
main,world,,1.0,-1.6518021760402086,7,80,20174,0.012864573742263019,0.01079447144875303,0.2578919529914856,0.7118638327415763,True,world,True
main,world,,1.0,1.2933775727903483,8,72,20175,0.011457129719201476,0.010840216421961991,0.2062041014432907,0.05610419265782296,False,world,True
main,world,,1.0,0.616847037375975,4,41,20176,0.011348977941088379,0.010649424761806319,0.10246086120605469,0.05818667710786496,False,world,True
main,world,,1.0,1.8229131319917604,2,52,20177,0.010877769370563329,0.011640518061959973,0.2960472106933594,0.07253323140732348,False,world,True
main,world,,1.0,1.3007834972704337,3,57,20178,0.01020876084221527,0.010703474305684498,0.20479558408260345,0.07472856106071601,False,world,True
main,world,,1.0,-1.4805711350310646,6,51,20179,0.011160725844092667,0.009679299884238372,0.23233859241008759,0.06724612821442522,False,world,True
main,world,,1.0,0.903578148537958,2,46,20180,0.009440212958725169,0.009613996204596175,0.14621354639530182,0.051297904603362365,False,world,True
main,world,,1.0,1.876447469014207,2,55,20181,0.010534155811183155,0.01010712074242871,0.2690642178058624,0.08020605840848605,False,world,True
main,world,,1.0,1.9913768959649871,9,55,20182,0.010489923402201385,0.011493861899626525,0.3020291328430176,0.522654470093622,True,world,True
main,world,,1.0,-0.6753789463623783,5,61,20183,0.010573927755467593,0.010167919912329708,0.10842207074165344,0.06170353223327796,False,world,True
main,world,,1.0,-1.3174003835872714,8,68,20184,0.010584524623118341,0.010030456957311425,0.21844883263111115,1.0886283776816708,True,world,True
main,world,,1.0,-1.4468872682753484,10,79,20185,0.01274487271439284,0.010458958019867917,0.23709049820899963,0.4878460904029227,False,world,True
main,world,,1.0,-1.3976147790196711,5,69,20186,0.011677985033020376,0.010957947372040455,0.21885311603546143,0.03587708044150206,False,world,True
main,world,,1.0,0.5558582116795894,6,44,20187,0.00968183260411024,0.010906791314482689,0.10294755548238754,0.05688519999458874,False,world,True
main,world,,1.0,-0.7098549514575392,2,57,20188,0.010653886973159388,0.010243781486918268,0.12013523280620575,0.04866608980357823,False,world,True
main,world,,1.0,1.9278068622232474,4,52,20189,0.010183246375527233,0.01120241538872226,0.3014858067035675,0.07773068057483323,False,world,True
main,world,,1.0,-1.171854500334307,3,46,20190,0.011644001514650882,0.011211849931303574,0.19246190786361694,0.048320172376862036,False,world,True
main,world,,1.0,1.1194642202355907,4,44,20191,0.010510406002867966,0.012049666944552551,0.17885074019432068,0.060907095953826484,False,world,True
main,world,,1.0,-0.5097928774291856,8,66,20192,0.010043055261485278,0.009389599169618592,0.08716654777526855,0.036453240394859865,False,world,True
main,world,,1.0,1.113849648064933,9,50,20193,0.010433148290030659,0.011345123653300107,0.17584502696990967,0.04197541412691397,False,world,True
main,world,,1.0,0.8564868123044165,7,43,20194,0.009743145038373768,0.012627483231860191,0.14648151397705078,0.04432619435202012,False,world,True
main,world,,1.0,1.0576750396869694,5,64,20195,0.01149349354673177,0.010545825263761799,0.16825568675994873,0.058424285538847265,False,world,True
main,world,,1.0,0.7249626754602986,4,71,20196,0.012032638140954077,0.011184331413332216,0.1026051715016365,0.023054938616522413,False,world,True
main,world,,1.0,-1.1233182227811147,10,67,20197,0.013241502805612981,0.010523697491665719,0.1868760585784912,0.07360558886557156,False,world,True
main,world,,1.0,-1.1329086028906268,8,69,20198,0.00929420831380412,0.010319989653763132,0.1849507987499237,0.08706844221849597,False,world,True
main,world,,1.0,0.8547930832270645,2,60,20199,0.010465757607016712,0.011290020841018607,0.13136176764965057,0.051364029319997506,False,world,True
