threshold,false_positive_rate,true_positive_rate
inf,0.0,0.0
0.06586540681309998,0.0,0.0
0.06396507709287107,0.0,0.01
0.060796259948983786,0.0,0.02
0.059961450193077324,0.0,0.03
0.059810187621042135,0.0,0.04
0.057769300416111946,0.0,0.05
0.05616959552280605,0.0,0.06
0.055193337984383105,0.0,0.07
0.054802465159446,0.0,0.08
0.05426346212625503,0.0,0.09
0.05313440887257457,0.0,0.1
0.05273830695077777,0.0,0.11
0.052010845439508555,0.0,0.12
0.05174200595356524,0.0,0.13
0.05139354686252773,0.0,0.14
0.05095741981640458,0.0,0.15
0.05068850722163916,0.0,0.16
0.05029476904310286,0.0,0.17
0.04964448641985655,0.0,0.18
0.04946951321326196,0.0,0.19
0.048776620021089914,0.0,0.2
0.04840912912040949,0.0,0.21
0.048387682624161245,0.0,0.22
0.046287750848568975,0.0,0.23
0.045858617732301356,0.0,0.24
0.045153331593610346,0.0,0.25
0.044989747717045246,0.0,0.26
0.0447645319160074,0.0,0.27
0.04436470086220652,0.0,0.28
0.044330113241449,0.0,0.29
0.044270493136718866,0.0,0.3
0.04426846634596586,0.0,0.31
0.04390711365267634,0.0,0.32
0.04350745067931712,0.0,0.33
0.041346330638043584,0.0,0.34
0.04085460631176829,0.0,0.35
0.040502221509814265,0.0,0.36
0.03995439219288528,0.0,0.37
0.03979344083927572,0.0,0.38
0.039785564644262195,0.0,0.39
0.039196496619842945,0.0,0.4
0.03888678033836186,0.0,0.41
0.038618368841707704,0.0,0.42
0.03766862710472196,0.0,0.43
0.036112178559415044,0.0,0.44
0.035692450031638144,0.0,0.45
0.03465944570489228,0.0,0.46
0.03463968827854842,0.0,0.47
0.03362387355882675,0.0,0.48
0.033521746098995206,0.0,0.49
0.033468683087266984,0.0,0.5
0.03334514312446117,0.0,0.51
0.032739214366301894,0.0,0.52
0.03238669708371163,0.0,0.53
0.032191153103485706,0.0,0.54
0.0321546683087945,0.0,0.55
0.03211492416448891,0.0,0.56
0.031060671783052385,0.0,0.57
0.030824999371543527,0.0,0.58
0.030606317636556923,0.0,0.59
0.02996037732809782,0.0,0.6
0.029235845478251577,0.0,0.61
0.029107106593437494,0.0,0.62
0.028330516908317803,0.0,0.63
0.02818898349069059,0.0,0.64
0.027485402626916768,0.0,0.65
0.02740644393488765,0.0,0.66
0.02653459252323955,0.0,0.67
0.0264170300681144,0.0,0.68
0.026396461413241923,0.0,0.69
0.025746800936758518,0.0,0.7
0.025467704888433217,0.0,0.71
0.025196370505727827,0.0,0.72
0.025079685263335705,0.0,0.73
0.024638522090390323,0.0,0.74
0.024336062255315483,0.0,0.75
0.024150457023642956,0.0,0.76
0.02404131945222616,0.0,0.77
0.022597118536941706,0.0,0.78
0.022321869083680213,0.0,0.79
0.022298139333724976,0.0,0.8
0.02120120353065431,0.0,0.81
0.020868974435143173,0.0,0.82
0.020315542654134332,0.0,0.83
0.020206840592436492,0.0,0.84
0.020147924404591323,0.0,0.85
0.02011994132772088,0.0,0.86
0.020026539475657044,0.0,0.87
0.019629030115902425,0.0,0.88
0.01937805216293782,0.0,0.89
0.01914867404848337,0.0,0.9
0.018955893442034723,0.0,0.91
0.01870790331158787,0.0,0.92
0.018486037175171076,0.0,0.93
0.018116008304059506,0.0,0.94
0.017927407287061214,0.0,0.95
0.01703158705495298,0.0,0.96
0.016843214933760463,0.0,0.97
0.01632605493068695,0.0,0.98
0.01460744219366461,0.0,0.99
0.013856709003448486,0.0,1.0
0.013241502805612981,0.01,1.0
0.013148948503658175,0.02,1.0
0.013123286515474319,0.03,1.0
0.013020038534887136,0.04,1.0
0.013001386763062329,0.05,1.0
0.012864573742263019,0.06,1.0
0.012834610557183624,0.07,1.0
0.01280611929250881,0.08,1.0
0.01274487271439284,0.09,1.0
0.012729106028564275,0.1,1.0
0.012686055549420417,0.11,1.0
0.012677128141513094,0.12,1.0
0.012465940532274544,0.13,1.0
0.012122224154882132,0.14,1.0
0.012032638140954077,0.15,1.0
0.011940414598211647,0.16,1.0
0.011867516406346113,0.17,1.0
0.011691669665742666,0.18,1.0
0.011677985033020376,0.19,1.0
0.011644001514650882,0.2,1.0
0.011637654295191169,0.21,1.0
0.01158146682428196,0.22,1.0
0.0115623586345464,0.23,1.0
0.011532437079586089,0.24,1.0
0.01149349354673177,0.25,1.0
0.011475479381624609,0.26,1.0
0.01145795757183805,0.27,1.0
0.011457129719201476,0.28,1.0
0.011438428331166506,0.29,1.0
0.011430690751876683,0.3,1.0
0.011400015256367624,0.31,1.0
0.011387657793238758,0.32,1.0
0.011373974627349525,0.33,1.0
0.011348977941088379,0.34,1.0
0.011320757505018264,0.35,1.0
0.011267347785178572,0.36,1.0
0.011160725844092667,0.37,1.0
0.011155607458204032,0.38,1.0
0.011147089069709182,0.39,1.0
0.0111366513883695,0.4,1.0
0.011106806551106274,0.41,1.0
0.011087545927148312,0.42,1.0
0.011085878347512335,0.43,1.0
0.011055840458720923,0.44,1.0
0.011047625384526328,0.45,1.0
0.010877769370563329,0.46,1.0
0.010854666226077826,0.47,1.0
0.010842021065764129,0.48,1.0
0.010765672614797949,0.49,1.0
0.010678357596043497,0.5,1.0
0.010653886973159388,0.51,1.0
0.010641243669670074,0.52,1.0
0.010596634494140745,0.53,1.0
0.010592121933586895,0.54,1.0
0.010584524623118341,0.55,1.0
0.010582711943425239,0.56,1.0
0.010573927755467593,0.57,1.0
0.01056617674184963,0.58,1.0
0.010536298551596702,0.59,1.0
0.010534155811183155,0.6,1.0
0.010510406002867966,0.61,1.0
0.010509582189843058,0.62,1.0
0.010489923402201385,0.63,1.0
0.010465757607016712,0.64,1.0
0.010433148290030659,0.65,1.0
0.01034457612549886,0.66,1.0
0.010276214312762022,0.67,1.0
0.010276112437713892,0.68,1.0
0.010219088266603648,0.69,1.0
0.01020876084221527,0.7,1.0
0.01018673989456147,0.71,1.0
0.010183246375527233,0.72,1.0
0.010161924205021933,0.73,1.0
0.010146002058172598,0.74,1.0
0.010113284725230187,0.75,1.0
0.01008933810517192,0.76,1.0
0.010067783202975989,0.77,1.0
0.010043055261485278,0.78,1.0
0.009976305934833363,0.79,1.0
0.009777051932178437,0.8,1.0
0.009743145038373768,0.81,1.0
0.009698102867696434,0.82,1.0
0.00968183260411024,0.83,1.0
0.00965170600102283,0.84,1.0
0.009578994347248227,0.85,1.0
0.009550718241371214,0.86,1.0
0.009476065798662604,0.87,1.0
0.009464446932543068,0.88,1.0
0.009440212958725169,0.89,1.0
0.009395352425053715,0.9,1.0
0.009333704866003245,0.91,1.0
0.00929420831380412,0.92,1.0
0.009175372379831969,0.93,1.0
0.009086393599864096,0.94,1.0
0.008965840889140963,0.95,1.0
0.008939664525678381,0.96,1.0
0.008544508286286145,0.97,1.0
0.008405743143521249,0.98,1.0
0.008063100825529546,0.99,1.0
-inf,1.0,1.0
