category,triplet,seed,param,factor,torque,duration,body_onset,push_onset,offset_s,onset,verdict,path,delay_s,prev_verdict
body_only,0,80000,m,1.5168103293306219,-2.8659689294076074,11,60,71,0.55,60,body,settled,3.0,body
push_only,0,80000,m,1.5168103293306219,-2.8659689294076074,11,60,71,0.55,71,world,settled,4.3,world
body_push,0,80000,m,1.5168103293306219,-2.8659689294076074,11,60,71,0.55,60,alarm,persistent,10.0,world
body_only,1,80001,m,1.392818740492559,3.700507770448125,11,75,63,-0.6000000000000001,75,body,settled,3.0,body
push_only,1,80001,m,1.392818740492559,3.700507770448125,11,75,63,-0.6000000000000001,63,world,settled,4.25,world
body_push,1,80001,m,1.392818740492559,3.700507770448125,11,75,63,-0.6000000000000001,63,body,settled,4.1000000000000005,body
body_only,2,80002,l,1.5559604863237277,3.817095969499014,17,68,63,-0.25,68,body,settled,3.0,body
push_only,2,80002,l,1.5559604863237277,3.817095969499014,17,68,63,-0.25,63,world,settled,4.15,world
body_push,2,80002,l,1.5559604863237277,3.817095969499014,17,68,63,-0.25,63,world,decayed,10.0,world
body_only,3,80003,l,1.5604499181206761,3.1207481898747633,17,75,109,1.7000000000000002,75,body,settled,3.0,body
push_only,3,80003,l,1.5604499181206761,3.1207481898747633,17,75,109,1.7000000000000002,109,world,settled,4.3,world
body_push,3,80003,l,1.5604499181206761,3.1207481898747633,17,75,109,1.7000000000000002,75,body,settled,5.65,world
body_only,4,80004,l,1.2620518856256433,1.7727327889703572,19,63,52,-0.55,63,body,settled,3.0,body
push_only,4,80004,l,1.2620518856256433,1.7727327889703572,19,63,52,-0.55,52,world,settled,4.6000000000000005,world
body_push,4,80004,l,1.2620518856256433,1.7727327889703572,19,63,52,-0.55,52,body,settled,4.65,body
body_only,5,80005,l,1.341313807065798,3.217789500143657,16,61,46,-0.75,61,body,settled,3.0,body
push_only,5,80005,l,1.341313807065798,3.217789500143657,16,61,46,-0.75,46,world,settled,4.3,world
body_push,5,80005,l,1.341313807065798,3.217789500143657,16,61,46,-0.75,46,world,decayed,10.0,world
body_only,6,80006,m,1.2343247992097046,3.4095935608141077,19,62,60,-0.1,62,body,settled,3.0,body
push_only,6,80006,m,1.2343247992097046,3.4095935608141077,19,62,60,-0.1,60,world,settled,4.1000000000000005,world
body_push,6,80006,m,1.2343247992097046,3.4095935608141077,19,62,60,-0.1,60,body,settled,4.15,body
body_only,7,80007,l,1.2228035103248163,1.9497760205807757,9,65,63,-0.1,65,body,settled,3.0,body
push_only,7,80007,l,1.2228035103248163,1.9497760205807757,9,65,63,-0.1,63,world,settled,4.8500000000000005,world
body_push,7,80007,l,1.2228035103248163,1.9497760205807757,9,65,63,-0.1,63,body,settled,4.9,body
body_only,8,80008,l,1.3991542897954188,1.794707927519839,19,62,48,-0.7000000000000001,62,body,settled,3.0,body
push_only,8,80008,l,1.3991542897954188,1.794707927519839,19,62,48,-0.7000000000000001,48,world,settled,4.65,world
body_push,8,80008,l,1.3991542897954188,1.794707927519839,19,62,48,-0.7000000000000001,48,body,settled,4.65,body
body_only,9,80009,m,1.4162729624887316,-0.9208400812808376,9,63,53,-0.5,63,body,settled,3.0,body
push_only,9,80009,m,1.4162729624887316,-0.9208400812808376,9,63,53,-0.5,53,world,settled,3.0,world
body_push,9,80009,m,1.4162729624887316,-0.9208400812808376,9,63,53,-0.5,53,body,settled,3.0,body
body_only,10,80010,l,1.3407258104400341,1.0243315463925757,18,69,88,0.9500000000000001,69,body,settled,3.0,body
push_only,10,80010,l,1.3407258104400341,1.0243315463925757,18,69,88,0.9500000000000001,88,world,settled,3.0,world
body_push,10,80010,l,1.3407258104400341,1.0243315463925757,18,69,88,0.9500000000000001,69,body,settled,3.0,body
body_only,11,80011,l,1.2739367838225735,2.9368101113947787,18,72,69,-0.15000000000000002,72,body,settled,3.0,body
push_only,11,80011,l,1.2739367838225735,2.9368101113947787,18,72,69,-0.15000000000000002,69,world,settled,4.3,world
body_push,11,80011,l,1.2739367838225735,2.9368101113947787,18,72,69,-0.15000000000000002,69,body,settled,4.3,body
body_only,12,80012,m,1.5026260982662105,-2.828072879151733,19,60,41,-0.9500000000000001,60,body,settled,3.0,body
push_only,12,80012,m,1.5026260982662105,-2.828072879151733,19,60,41,-0.9500000000000001,41,world,settled,4.05,world
body_push,12,80012,m,1.5026260982662105,-2.828072879151733,19,60,41,-0.9500000000000001,41,alarm,persistent,10.0,world
body_only,13,80013,m,1.544706626486533,-3.317188397404389,9,74,95,1.05,74,body,settled,3.0,body
push_only,13,80013,m,1.544706626486533,-3.317188397404389,9,74,95,1.05,95,world,settled,4.65,world
body_push,13,80013,m,1.544706626486533,-3.317188397404389,9,74,95,1.05,74,alarm,persistent,10.0,world
body_only,14,80014,m,1.2153780014238778,1.6050012339892163,12,73,76,0.15000000000000002,73,body,settled,3.0,body
push_only,14,80014,m,1.2153780014238778,1.6050012339892163,12,73,76,0.15000000000000002,76,world,settled,4.8500000000000005,world
body_push,14,80014,m,1.2153780014238778,1.6050012339892163,12,73,76,0.15000000000000002,73,body,settled,5.45,world
body_only,15,80015,m,1.2135848066158579,1.6505956740083434,9,79,72,-0.35000000000000003,79,body,settled,3.0,body
push_only,15,80015,m,1.2135848066158579,1.6505956740083434,9,79,72,-0.35000000000000003,72,world,settled,5.050000000000001,world
body_push,15,80015,m,1.2135848066158579,1.6505956740083434,9,79,72,-0.35000000000000003,72,world,decayed,10.0,world
body_only,16,80016,l,1.2615576013641987,3.2125464457398083,5,72,111,1.9500000000000002,72,body,settled,3.0,body
push_only,16,80016,l,1.2615576013641987,3.2125464457398083,5,72,111,1.9500000000000002,111,world,settled,4.7,world
body_push,16,80016,l,1.2615576013641987,3.2125464457398083,5,72,111,1.9500000000000002,72,body,settled,5.9,world
body_only,17,80017,m,1.409334827641187,1.4545204943390087,13,69,90,1.05,69,body,settled,3.0,body
push_only,17,80017,m,1.409334827641187,1.4545204943390087,13,69,90,1.05,90,world,settled,5.15,world
body_push,17,80017,m,1.409334827641187,1.4545204943390087,13,69,90,1.05,69,alarm,persistent,10.0,world
body_only,18,80018,m,1.480034735766918,-3.767231166356754,5,69,58,-0.55,69,body,settled,3.0,body
push_only,18,80018,m,1.480034735766918,-3.767231166356754,5,69,58,-0.55,58,world,settled,4.55,world
body_push,18,80018,m,1.480034735766918,-3.767231166356754,5,69,58,-0.55,58,alarm,persistent,10.0,world
body_only,19,80019,m,1.3993759430118753,-2.408342122869147,15,65,45,-1.0,65,body,settled,3.0,body
push_only,19,80019,m,1.3993759430118753,-2.408342122869147,15,65,45,-1.0,45,world,settled,4.3500000000000005,world
body_push,19,80019,m,1.3993759430118753,-2.408342122869147,15,65,45,-1.0,45,alarm,persistent,10.0,world
body_only,20,80020,l,1.273424393079948,-1.3206176898025512,20,76,116,2.0,76,body,settled,3.0,body
push_only,20,80020,l,1.273424393079948,-1.3206176898025512,20,76,116,2.0,116,world,settled,4.8500000000000005,world
body_push,20,80020,l,1.273424393079948,-1.3206176898025512,20,76,116,2.0,76,body,settled,5.45,world
body_only,21,80021,l,1.205588434887914,-0.9561046791641883,3,68,61,-0.35000000000000003,68,body,settled,3.0,body
push_only,21,80021,l,1.205588434887914,-0.9561046791641883,3,68,61,-0.35000000000000003,61,world,settled,3.0,world
body_push,21,80021,l,1.205588434887914,-0.9561046791641883,3,68,61,-0.35000000000000003,61,body,settled,3.0,body
body_only,22,80022,l,1.2597460314688667,1.7530064077704615,17,63,60,-0.15000000000000002,63,body,settled,3.0,body
push_only,22,80022,l,1.2597460314688667,1.7530064077704615,17,63,60,-0.15000000000000002,60,world,settled,4.75,world
body_push,22,80022,l,1.2597460314688667,1.7530064077704615,17,63,60,-0.15000000000000002,60,body,settled,4.800000000000001,body
body_only,23,80023,l,1.4840681546201253,-1.6253058291507434,4,69,82,0.65,69,body,settled,3.0,body
push_only,23,80023,l,1.4840681546201253,-1.6253058291507434,4,69,82,0.65,82,world,settled,3.0,world
body_push,23,80023,l,1.4840681546201253,-1.6253058291507434,4,69,82,0.65,69,alarm,persistent,10.0,world
body_only,24,80024,l,1.2532860770699508,-0.8098854015950441,4,60,50,-0.5,60,body,settled,3.0,body
push_only,24,80024,l,1.2532860770699508,-0.8098854015950441,4,60,50,-0.5,50,world,settled,3.0,world
body_push,24,80024,l,1.2532860770699508,-0.8098854015950441,4,60,50,-0.5,50,body,settled,3.0,body
body_only,25,80025,l,1.4950985845733658,1.4569996488548855,4,62,64,0.1,62,body,settled,3.0,body
push_only,25,80025,l,1.4950985845733658,1.4569996488548855,4,62,64,0.1,64,world,settled,3.0,world
body_push,25,80025,l,1.4950985845733658,1.4569996488548855,4,62,64,0.1,62,body,settled,3.0,body
body_only,26,80026,m,1.4065138017635572,-1.794645166598447,14,72,87,0.75,72,body,settled,3.0,body
push_only,26,80026,m,1.4065138017635572,-1.794645166598447,14,72,87,0.75,87,world,settled,4.75,world
body_push,26,80026,m,1.4065138017635572,-1.794645166598447,14,72,87,0.75,72,alarm,persistent,10.0,world
body_only,27,80027,m,1.51912892488828,3.859445210889059,3,74,103,1.4500000000000002,74,body,settled,3.0,body
push_only,27,80027,m,1.51912892488828,3.859445210889059,3,74,103,1.4500000000000002,103,world,settled,4.8500000000000005,world
body_push,27,80027,m,1.51912892488828,3.859445210889059,3,74,103,1.4500000000000002,74,body,settled,3.7,body
body_only,28,80028,m,1.2700221869249517,-3.2549875084402546,10,72,108,1.8,72,body,settled,3.0,body
push_only,28,80028,m,1.2700221869249517,-3.2549875084402546,10,72,108,1.8,108,world,settled,4.3,world
body_push,28,80028,m,1.2700221869249517,-3.2549875084402546,10,72,108,1.8,72,world,decayed,10.0,world
body_only,29,80029,l,1.4836618422871324,3.1676124855329544,2,76,70,-0.30000000000000004,76,body,settled,3.0,body
push_only,29,80029,l,1.4836618422871324,3.1676124855329544,2,76,70,-0.30000000000000004,70,world,settled,3.0,world
body_push,29,80029,l,1.4836618422871324,3.1676124855329544,2,76,70,-0.30000000000000004,70,body,settled,3.0,body
body_only,30,80030,l,1.3069313030088832,-1.9167332204051473,3,69,52,-0.8500000000000001,69,body,settled,3.0,body
push_only,30,80030,l,1.3069313030088832,-1.9167332204051473,3,69,52,-0.8500000000000001,52,world,settled,3.0,world
body_push,30,80030,l,1.3069313030088832,-1.9167332204051473,3,69,52,-0.8500000000000001,52,body,settled,3.0,body
body_only,31,80031,l,1.3352759993193317,-1.5455970602360893,6,71,99,1.4000000000000001,71,body,settled,3.0,body
push_only,31,80031,l,1.3352759993193317,-1.5455970602360893,6,71,99,1.4000000000000001,99,world,settled,3.0,world
body_push,31,80031,l,1.3352759993193317,-1.5455970602360893,6,71,99,1.4000000000000001,71,world,decayed,10.0,world
body_only,32,80032,m,1.2345039643025264,-3.7220666750009546,10,65,84,0.9500000000000001,65,body,settled,3.0,body
push_only,32,80032,m,1.2345039643025264,-3.7220666750009546,10,65,84,0.9500000000000001,84,world,settled,4.25,world
body_push,32,80032,m,1.2345039643025264,-3.7220666750009546,10,65,84,0.9500000000000001,65,body,settled,5.300000000000001,world
body_only,33,80033,l,1.5748636629379305,-3.697792134836281,7,79,116,1.85,79,body,settled,3.0,body
push_only,33,80033,l,1.5748636629379305,-3.697792134836281,7,79,116,1.85,116,world,settled,4.3500000000000005,world
body_push,33,80033,l,1.5748636629379305,-3.697792134836281,7,79,116,1.85,79,alarm,persistent,10.0,world
body_only,34,80034,l,1.3784366030117217,0.8751354061377816,16,72,111,1.9500000000000002,72,body,settled,3.0,body
push_only,34,80034,l,1.3784366030117217,0.8751354061377816,16,72,111,1.9500000000000002,111,world,settled,3.0,world
body_push,34,80034,l,1.3784366030117217,0.8751354061377816,16,72,111,1.9500000000000002,72,body,settled,3.0,body
body_only,35,80035,m,1.3825640045546115,-0.7636075237877813,15,71,110,1.9500000000000002,71,body,settled,3.0,body
push_only,35,80035,m,1.3825640045546115,-0.7636075237877813,15,71,110,1.9500000000000002,110,world,settled,3.0,world
body_push,35,80035,m,1.3825640045546115,-0.7636075237877813,15,71,110,1.9500000000000002,71,alarm,persistent,10.0,world
body_only,36,80036,m,1.3467499939789485,2.678401554072786,16,63,53,-0.5,63,body,settled,3.0,body
push_only,36,80036,m,1.3467499939789485,2.678401554072786,16,63,53,-0.5,53,world,settled,4.3,world
body_push,36,80036,m,1.3467499939789485,2.678401554072786,16,63,53,-0.5,53,body,settled,4.3500000000000005,body
body_only,37,80037,l,1.4388149326598916,1.9935989285788414,11,69,52,-0.8500000000000001,69,body,settled,3.0,body
push_only,37,80037,l,1.4388149326598916,1.9935989285788414,11,69,52,-0.8500000000000001,52,world,settled,4.8500000000000005,world
body_push,37,80037,l,1.4388149326598916,1.9935989285788414,11,69,52,-0.8500000000000001,52,body,settled,4.75,body
body_only,38,80038,l,1.3637622190226417,-1.2002853179342639,6,72,88,0.8,72,body,settled,3.0,body
push_only,38,80038,l,1.3637622190226417,-1.2002853179342639,6,72,88,0.8,88,world,settled,3.0,world
body_push,38,80038,l,1.3637622190226417,-1.2002853179342639,6,72,88,0.8,72,world,decayed,10.0,world
body_only,39,80039,l,1.2839250935536652,-1.111706269352778,18,61,86,1.25,61,body,settled,3.0,body
push_only,39,80039,l,1.2839250935536652,-1.111706269352778,18,61,86,1.25,86,world,settled,4.95,world
body_push,39,80039,l,1.2839250935536652,-1.111706269352778,18,61,86,1.25,61,body,settled,5.6000000000000005,world
body_only,40,80040,m,1.3360794137957617,0.9814039236008352,14,60,80,1.0,60,body,settled,3.0,body
push_only,40,80040,m,1.3360794137957617,0.9814039236008352,14,60,80,1.0,80,world,settled,3.0,world
body_push,40,80040,m,1.3360794137957617,0.9814039236008352,14,60,80,1.0,60,body,settled,3.0,body
body_only,41,80041,l,1.5577303139351955,-0.9011089083974544,19,61,68,0.35000000000000003,61,body,settled,3.0,body
push_only,41,80041,l,1.5577303139351955,-0.9011089083974544,19,61,68,0.35000000000000003,68,world,decayed,10.0,world
body_push,41,80041,l,1.5577303139351955,-0.9011089083974544,19,61,68,0.35000000000000003,61,alarm,persistent,10.0,world
body_only,42,80042,l,1.3731080371814341,-3.0370678734958854,13,66,50,-0.8,66,body,settled,3.0,body
push_only,42,80042,l,1.3731080371814341,-3.0370678734958854,13,66,50,-0.8,50,world,settled,4.2,world
body_push,42,80042,l,1.3731080371814341,-3.0370678734958854,13,66,50,-0.8,50,body,settled,6.2,world
body_only,43,80043,m,1.4528849023910932,1.86049993551481,9,63,60,-0.15000000000000002,63,body,settled,3.0,body
push_only,43,80043,m,1.4528849023910932,1.86049993551481,9,63,60,-0.15000000000000002,60,world,settled,3.1,world
body_push,43,80043,m,1.4528849023910932,1.86049993551481,9,63,60,-0.15000000000000002,60,alarm,persistent,10.0,world
body_only,44,80044,l,1.2599601740453048,3.4689868389258676,8,62,58,-0.2,62,body,settled,3.0,body
push_only,44,80044,l,1.2599601740453048,3.4689868389258676,8,62,58,-0.2,58,world,settled,4.45,world
body_push,44,80044,l,1.2599601740453048,3.4689868389258676,8,62,58,-0.2,58,body,settled,4.45,body
body_only,45,80045,m,1.4510149702972752,0.7983066538288213,15,64,65,0.05,64,body,settled,3.0,body
push_only,45,80045,m,1.4510149702972752,0.7983066538288213,15,64,65,0.05,65,world,settled,3.0,world
body_push,45,80045,m,1.4510149702972752,0.7983066538288213,15,64,65,0.05,64,body,settled,3.0,body
body_only,46,80046,l,1.5167919874162303,-3.339664383633604,9,63,95,1.6,63,body,settled,3.0,body
push_only,46,80046,l,1.5167919874162303,-3.339664383633604,9,63,95,1.6,95,world,settled,4.45,world
body_push,46,80046,l,1.5167919874162303,-3.339664383633604,9,63,95,1.6,63,world,decayed,10.0,world
body_only,47,80047,l,1.5027916656583646,-0.607061716246194,7,77,97,1.0,77,body,settled,3.0,body
push_only,47,80047,l,1.5027916656583646,-0.607061716246194,7,77,97,1.0,97,world,settled,3.0,world
body_push,47,80047,l,1.5027916656583646,-0.607061716246194,7,77,97,1.0,77,body,settled,3.0,body
body_only,48,80048,m,1.2359691973820808,-1.3529110063196303,2,77,57,-1.0,77,body,settled,3.0,body
push_only,48,80048,m,1.2359691973820808,-1.3529110063196303,2,77,57,-1.0,57,world,settled,3.0,world
body_push,48,80048,m,1.2359691973820808,-1.3529110063196303,2,77,57,-1.0,57,body,settled,3.0,body
body_only,49,80049,m,1.4703453223060283,2.3184051096987837,6,61,79,0.9,61,body,settled,3.0,body
push_only,49,80049,m,1.4703453223060283,2.3184051096987837,6,61,79,0.9,79,world,settled,4.9,world
body_push,49,80049,m,1.4703453223060283,2.3184051096987837,6,61,79,0.9,61,alarm,persistent,10.0,world
body_only,50,80050,l,1.3187534343878766,2.3879029620698686,11,70,78,0.4,70,body,settled,3.0,body
push_only,50,80050,l,1.3187534343878766,2.3879029620698686,11,70,78,0.4,78,world,settled,4.65,world
body_push,50,80050,l,1.3187534343878766,2.3879029620698686,11,70,78,0.4,70,body,settled,5.2,world
body_only,51,80051,m,1.3572886423083685,1.1566476553572675,8,63,64,0.05,63,body,settled,3.0,body
push_only,51,80051,m,1.3572886423083685,1.1566476553572675,8,63,64,0.05,64,world,settled,3.0,world
body_push,51,80051,m,1.3572886423083685,1.1566476553572675,8,63,64,0.05,63,body,settled,3.0,body
body_only,52,80052,l,1.4833561960852166,-2.776182968837132,13,60,67,0.35000000000000003,60,body,settled,3.0,body
push_only,52,80052,l,1.4833561960852166,-2.776182968837132,13,60,67,0.35000000000000003,67,world,settled,4.55,world
body_push,52,80052,l,1.4833561960852166,-2.776182968837132,13,60,67,0.35000000000000003,60,body,settled,5.050000000000001,world
body_only,53,80053,l,1.2093085864788597,1.6971965423811541,17,78,77,-0.05,78,body,settled,3.0,body
push_only,53,80053,l,1.2093085864788597,1.6971965423811541,17,78,77,-0.05,77,world,settled,4.95,world
body_push,53,80053,l,1.2093085864788597,1.6971965423811541,17,78,77,-0.05,77,body,settled,4.8500000000000005,body
body_only,54,80054,m,1.4223099330141102,1.3449245709208901,13,61,87,1.3,61,body,settled,3.0,body
push_only,54,80054,m,1.4223099330141102,1.3449245709208901,13,61,87,1.3,87,world,settled,5.2,world
body_push,54,80054,m,1.4223099330141102,1.3449245709208901,13,61,87,1.3,61,alarm,persistent,10.0,world
body_only,55,80055,m,1.2289348027174978,-3.7355086905890227,13,78,78,0.0,78,body,settled,3.0,body
push_only,55,80055,m,1.2289348027174978,-3.7355086905890227,13,78,78,0.0,78,world,settled,4.2,world
body_push,55,80055,m,1.2289348027174978,-3.7355086905890227,13,78,78,0.0,78,body,settled,4.2,body
body_only,56,80056,m,1.4903969884229475,3.9537541797474636,17,62,73,0.55,62,body,settled,3.0,body
push_only,56,80056,m,1.4903969884229475,3.9537541797474636,17,62,73,0.55,73,world,settled,4.15,world
body_push,56,80056,m,1.4903969884229475,3.9537541797474636,17,62,73,0.55,62,body,settled,4.8500000000000005,body
body_only,57,80057,m,1.2725955002396503,-2.9806707334281546,8,65,64,-0.05,65,body,settled,3.0,body
push_only,57,80057,m,1.2725955002396503,-2.9806707334281546,8,65,64,-0.05,64,world,settled,4.5,world
body_push,57,80057,m,1.2725955002396503,-2.9806707334281546,8,65,64,-0.05,64,alarm,persistent,10.0,world
body_only,58,80058,m,1.3792594170672974,-2.1576712441469255,9,73,97,1.2000000000000002,73,body,settled,3.0,body
push_only,58,80058,m,1.3792594170672974,-2.1576712441469255,9,73,97,1.2000000000000002,97,world,settled,4.7,world
body_push,58,80058,m,1.3792594170672974,-2.1576712441469255,9,73,97,1.2000000000000002,73,alarm,persistent,10.0,world
body_only,59,80059,m,1.326318908639357,1.8122850544125861,10,68,83,0.75,68,body,settled,3.0,body
push_only,59,80059,m,1.326318908639357,1.8122850544125861,10,68,83,0.75,83,world,settled,4.75,world
body_push,59,80059,m,1.326318908639357,1.8122850544125861,10,68,83,0.75,68,alarm,persistent,10.0,world
body_only,60,80060,l,1.3015623277038517,0.7912010685250506,16,61,75,0.7000000000000001,61,body,settled,3.0,body
push_only,60,80060,l,1.3015623277038517,0.7912010685250506,16,61,75,0.7000000000000001,75,world,settled,3.0,world
body_push,60,80060,l,1.3015623277038517,0.7912010685250506,16,61,75,0.7000000000000001,61,body,settled,3.0,body
body_only,61,80061,m,1.578063685750512,3.966241699534843,16,77,116,1.9500000000000002,77,body,settled,3.0,body
push_only,61,80061,m,1.578063685750512,3.966241699534843,16,77,116,1.9500000000000002,116,world,settled,4.25,world
body_push,61,80061,m,1.578063685750512,3.966241699534843,16,77,116,1.9500000000000002,77,alarm,persistent,10.0,world
body_only,62,80062,m,1.350174716910053,-3.856002025892476,8,76,63,-0.65,76,body,settled,3.0,body
push_only,62,80062,m,1.350174716910053,-3.856002025892476,8,76,63,-0.65,63,world,settled,4.5,world
body_push,62,80062,m,1.350174716910053,-3.856002025892476,8,76,63,-0.65,63,alarm,persistent,10.0,world
body_only,63,80063,l,1.4651667981753895,-2.625890052626481,3,76,107,1.55,76,body,settled,3.0,body
push_only,63,80063,l,1.4651667981753895,-2.625890052626481,3,76,107,1.55,107,world,settled,3.0,world
body_push,63,80063,l,1.4651667981753895,-2.625890052626481,3,76,107,1.55,76,world,decayed,10.0,world
body_only,64,80064,l,1.4982705356597372,2.9293000474597455,12,67,86,0.9500000000000001,67,body,settled,3.0,body
push_only,64,80064,l,1.4982705356597372,2.9293000474597455,12,67,86,0.9500000000000001,86,world,settled,4.4,world
body_push,64,80064,l,1.4982705356597372,2.9293000474597455,12,67,86,0.9500000000000001,67,world,decayed,10.0,world
body_only,65,80065,m,1.2861637974971187,1.7333297447687748,4,69,58,-0.55,69,body,settled,3.0,body
push_only,65,80065,m,1.2861637974971187,1.7333297447687748,4,69,58,-0.55,58,world,settled,3.0,world
body_push,65,80065,m,1.2861637974971187,1.7333297447687748,4,69,58,-0.55,58,body,settled,3.0,body
body_only,66,80066,l,1.5366812952622406,1.590690545696539,17,70,92,1.1,70,body,settled,3.0,body
push_only,66,80066,l,1.5366812952622406,1.590690545696539,17,70,92,1.1,92,world,settled,4.800000000000001,world
body_push,66,80066,l,1.5366812952622406,1.590690545696539,17,70,92,1.1,70,world,decayed,10.0,world
body_only,67,80067,l,1.4233949822069265,-0.9483853457074469,14,72,80,0.4,72,body,settled,3.0,body
push_only,67,80067,l,1.4233949822069265,-0.9483853457074469,14,72,80,0.4,80,world,settled,5.25,world
body_push,67,80067,l,1.4233949822069265,-0.9483853457074469,14,72,80,0.4,72,world,decayed,10.0,world
body_only,68,80068,l,1.4678489023204162,2.0604634194449623,2,74,92,0.9,74,body,settled,3.0,body
push_only,68,80068,l,1.4678489023204162,2.0604634194449623,2,74,92,0.9,92,world,settled,3.0,world
body_push,68,80068,l,1.4678489023204162,2.0604634194449623,2,74,92,0.9,74,body,settled,3.0,body
body_only,69,80069,l,1.4040814514143032,-3.70713918427428,12,75,88,0.65,75,body,settled,3.0,body
push_only,69,80069,l,1.4040814514143032,-3.70713918427428,12,75,88,0.65,88,world,settled,4.2,world
body_push,69,80069,l,1.4040814514143032,-3.70713918427428,12,75,88,0.65,75,body,settled,5.15,world
body_only,70,80070,l,1.2266973670879189,1.4912660795364445,19,68,98,1.5,68,body,settled,3.0,body
push_only,70,80070,l,1.2266973670879189,1.4912660795364445,19,68,98,1.5,98,world,settled,5.050000000000001,world
body_push,70,80070,l,1.2266973670879189,1.4912660795364445,19,68,98,1.5,68,body,settled,5.75,world
body_only,71,80071,m,1.3311940342395816,3.009143145577606,17,64,104,2.0,64,body,settled,3.0,body
push_only,71,80071,m,1.3311940342395816,3.009143145577606,17,64,104,2.0,104,world,settled,4.5,world
body_push,71,80071,m,1.3311940342395816,3.009143145577606,17,64,104,2.0,64,body,settled,5.4,world
body_only,72,80072,l,1.3556717948246664,2.354946513407017,4,71,78,0.35000000000000003,71,body,settled,3.0,body
push_only,72,80072,l,1.3556717948246664,2.354946513407017,4,71,78,0.35000000000000003,78,world,settled,3.0,world
body_push,72,80072,l,1.3556717948246664,2.354946513407017,4,71,78,0.35000000000000003,71,body,settled,3.1,body
body_only,73,80073,l,1.4978706363009309,-3.4331335784915593,7,62,82,1.0,62,body,settled,3.0,body
push_only,73,80073,l,1.4978706363009309,-3.4331335784915593,7,62,82,1.0,82,world,settled,4.4,world
body_push,73,80073,l,1.4978706363009309,-3.4331335784915593,7,62,82,1.0,62,body,settled,5.65,world
body_only,74,80074,l,1.3347134163952956,1.980696607902964,12,63,90,1.35,63,body,settled,3.0,body
push_only,74,80074,l,1.3347134163952956,1.980696607902964,12,63,90,1.35,90,world,settled,4.65,world
body_push,74,80074,l,1.3347134163952956,1.980696607902964,12,63,90,1.35,63,body,settled,5.75,world
body_only,75,80075,l,1.5847596971094822,-3.296099369575189,10,77,67,-0.5,77,body,settled,3.0,body
push_only,75,80075,l,1.5847596971094822,-3.296099369575189,10,77,67,-0.5,67,world,settled,4.45,world
body_push,75,80075,l,1.5847596971094822,-3.296099369575189,10,77,67,-0.5,67,alarm,persistent,10.0,world
body_only,76,80076,l,1.5399374874142493,3.621437982015002,2,63,99,1.8,63,body,settled,3.0,body
push_only,76,80076,l,1.5399374874142493,3.621437982015002,2,63,99,1.8,99,world,settled,3.0,world
body_push,76,80076,l,1.5399374874142493,3.621437982015002,2,63,99,1.8,63,body,settled,3.0,body
body_only,77,80077,l,1.579840792741542,1.5101784644041159,17,65,66,0.05,65,body,settled,3.0,body
push_only,77,80077,l,1.579840792741542,1.5101784644041159,17,65,66,0.05,66,world,settled,4.9,world
body_push,77,80077,l,1.579840792741542,1.5101784644041159,17,65,66,0.05,65,world,decayed,10.0,world
body_only,78,80078,m,1.2617630664272035,-2.7867410726042463,2,61,48,-0.65,61,body,settled,3.0,body
push_only,78,80078,m,1.2617630664272035,-2.7867410726042463,2,61,48,-0.65,48,world,settled,3.0,world
body_push,78,80078,m,1.2617630664272035,-2.7867410726042463,2,61,48,-0.65,48,body,settled,3.0,body
body_only,79,80079,l,1.595383461710477,3.6363243855826197,16,64,55,-0.45,64,body,settled,3.0,body
push_only,79,80079,l,1.595383461710477,3.6363243855826197,16,64,55,-0.45,55,world,settled,4.15,world
body_push,79,80079,l,1.595383461710477,3.6363243855826197,16,64,55,-0.45,55,alarm,persistent,10.0,world
body_only,80,80080,l,1.3679068472902915,1.7954228119664375,7,68,48,-1.0,68,body,settled,3.0,body
push_only,80,80080,l,1.3679068472902915,1.7954228119664375,7,68,48,-1.0,48,world,settled,3.0,world
body_push,80,80080,l,1.3679068472902915,1.7954228119664375,7,68,48,-1.0,48,body,settled,3.0,body
body_only,81,80081,m,1.5440533692096357,1.9017173522292163,3,77,114,1.85,77,body,settled,3.0,body
push_only,81,80081,m,1.5440533692096357,1.9017173522292163,3,77,114,1.85,114,world,settled,3.0,world
body_push,81,80081,m,1.5440533692096357,1.9017173522292163,3,77,114,1.85,77,body,settled,3.0,body
body_only,82,80082,l,1.5408448064822842,-2.610388313743788,11,60,72,0.6000000000000001,60,body,settled,3.0,body
push_only,82,80082,l,1.5408448064822842,-2.610388313743788,11,60,72,0.6000000000000001,72,world,settled,4.55,world
body_push,82,80082,l,1.5408448064822842,-2.610388313743788,11,60,72,0.6000000000000001,60,world,decayed,10.0,world
body_only,83,80083,m,1.2176453619338508,-3.105699361774136,4,63,53,-0.5,63,body,settled,3.0,body
push_only,83,80083,m,1.2176453619338508,-3.105699361774136,4,63,53,-0.5,53,world,decayed,10.0,world
body_push,83,80083,m,1.2176453619338508,-3.105699361774136,4,63,53,-0.5,53,world,decayed,10.0,world
body_only,84,80084,m,1.255236608079618,-1.7071010401629154,18,76,72,-0.2,76,body,settled,3.0,body
push_only,84,80084,m,1.255236608079618,-1.7071010401629154,18,76,72,-0.2,72,world,settled,4.75,world
body_push,84,80084,m,1.255236608079618,-1.7071010401629154,18,76,72,-0.2,72,world,decayed,10.0,world
body_only,85,80085,m,1.2756951676136143,3.6418723150643673,2,65,60,-0.25,65,body,settled,3.0,body
push_only,85,80085,m,1.2756951676136143,3.6418723150643673,2,65,60,-0.25,60,world,settled,3.0,world
body_push,85,80085,m,1.2756951676136143,3.6418723150643673,2,65,60,-0.25,60,body,settled,3.0,body
body_only,86,80086,m,1.3129228872015326,1.5195383870562917,2,60,96,1.8,60,body,settled,3.0,body
push_only,86,80086,m,1.3129228872015326,1.5195383870562917,2,60,96,1.8,96,world,settled,3.0,world
body_push,86,80086,m,1.3129228872015326,1.5195383870562917,2,60,96,1.8,60,body,settled,3.0,body
body_only,87,80087,m,1.3223426947340973,3.6676141823872332,18,76,57,-0.9500000000000001,76,body,settled,3.0,body
push_only,87,80087,m,1.3223426947340973,3.6676141823872332,18,76,57,-0.9500000000000001,57,world,settled,4.1000000000000005,world
body_push,87,80087,m,1.3223426947340973,3.6676141823872332,18,76,57,-0.9500000000000001,57,body,settled,4.1000000000000005,body
body_only,88,80088,m,1.2521170933603296,3.7557271114182824,7,77,83,0.30000000000000004,77,body,settled,3.0,body
push_only,88,80088,m,1.2521170933603296,3.7557271114182824,7,77,83,0.30000000000000004,83,world,settled,4.4,world
body_push,88,80088,m,1.2521170933603296,3.7557271114182824,7,77,83,0.30000000000000004,77,world,decayed,10.0,world
body_only,89,80089,m,1.338414954963074,-3.676826401425521,10,71,111,2.0,71,body,settled,3.0,body
push_only,89,80089,m,1.338414954963074,-3.676826401425521,10,71,111,2.0,111,world,settled,4.15,world
body_push,89,80089,m,1.338414954963074,-3.676826401425521,10,71,111,2.0,71,alarm,persistent,10.0,world
body_only,90,80090,l,1.4704968085831793,2.885533737325675,13,61,87,1.3,61,body,settled,3.0,body
push_only,90,80090,l,1.4704968085831793,2.885533737325675,13,61,87,1.3,87,world,settled,4.45,world
body_push,90,80090,l,1.4704968085831793,2.885533737325675,13,61,87,1.3,61,alarm,persistent,10.0,world
body_only,91,80091,m,1.423991482355882,-3.5103642683799796,7,73,58,-0.75,73,body,settled,3.0,body
push_only,91,80091,m,1.423991482355882,-3.5103642683799796,7,73,58,-0.75,58,world,settled,4.3500000000000005,world
body_push,91,80091,m,1.423991482355882,-3.5103642683799796,7,73,58,-0.75,58,world,decayed,10.0,world
body_only,92,80092,m,1.353646708462628,-0.9900222084915831,7,80,77,-0.15000000000000002,80,body,settled,3.0,body
push_only,92,80092,m,1.353646708462628,-0.9900222084915831,7,80,77,-0.15000000000000002,77,world,settled,3.0,world
body_push,92,80092,m,1.353646708462628,-0.9900222084915831,7,80,77,-0.15000000000000002,77,body,settled,3.0,body
body_only,93,80093,m,1.5301158216306248,1.762394963105591,9,72,103,1.55,72,body,settled,3.0,body
push_only,93,80093,m,1.5301158216306248,1.762394963105591,9,72,103,1.55,103,world,decayed,10.0,world
body_push,93,80093,m,1.5301158216306248,1.762394963105591,9,72,103,1.55,72,alarm,persistent,10.0,world
body_only,94,80094,m,1.520800939784687,-0.6680521293423627,13,79,69,-0.5,79,body,settled,3.0,body
push_only,94,80094,m,1.520800939784687,-0.6680521293423627,13,79,69,-0.5,69,world,settled,3.0,world
body_push,94,80094,m,1.520800939784687,-0.6680521293423627,13,79,69,-0.5,69,alarm,persistent,10.0,world
body_only,95,80095,m,1.551056921210178,-2.285286551187501,19,66,101,1.75,66,body,settled,3.0,body
push_only,95,80095,m,1.551056921210178,-2.285286551187501,19,66,101,1.75,101,world,settled,4.4,world
body_push,95,80095,m,1.551056921210178,-2.285286551187501,19,66,101,1.75,66,body,settled,5.15,world
body_only,96,80096,m,1.3688458475101886,1.1971698443494945,9,62,68,0.30000000000000004,62,body,settled,3.0,body
push_only,96,80096,m,1.3688458475101886,1.1971698443494945,9,62,68,0.30000000000000004,68,world,settled,3.0,world
body_push,96,80096,m,1.3688458475101886,1.1971698443494945,9,62,68,0.30000000000000004,62,body,settled,3.0,body
body_only,97,80097,l,1.3789450334321238,-2.250702151195925,4,71,54,-0.8500000000000001,71,body,settled,3.0,body
push_only,97,80097,l,1.3789450334321238,-2.250702151195925,4,71,54,-0.8500000000000001,54,world,settled,3.3000000000000003,world
body_push,97,80097,l,1.3789450334321238,-2.250702151195925,4,71,54,-0.8500000000000001,54,body,settled,3.3000000000000003,body
body_only,98,80098,m,1.5692380551854546,-2.171847011816342,7,74,110,1.8,74,body,settled,3.0,body
push_only,98,80098,m,1.5692380551854546,-2.171847011816342,7,74,110,1.8,110,world,settled,4.95,world
body_push,98,80098,m,1.5692380551854546,-2.171847011816342,7,74,110,1.8,74,alarm,persistent,10.0,world
body_only,99,80099,l,1.5218123578713085,1.3013319956369747,4,70,86,0.8,70,body,settled,3.0,body
push_only,99,80099,l,1.5218123578713085,1.3013319956369747,4,70,86,0.8,86,world,settled,3.0,world
body_push,99,80099,l,1.5218123578713085,1.3013319956369747,4,70,86,0.8,70,body,settled,3.0,body
body_only,100,80100,l,1.54682185117468,-3.159751068346914,6,62,92,1.5,62,body,settled,3.0,body
push_only,100,80100,l,1.54682185117468,-3.159751068346914,6,62,92,1.5,92,world,settled,4.65,world
body_push,100,80100,l,1.54682185117468,-3.159751068346914,6,62,92,1.5,62,alarm,persistent,10.0,world
body_only,101,80101,l,1.3326493214432389,2.759387479514472,2,70,73,0.15000000000000002,70,body,settled,3.0,body
push_only,101,80101,l,1.3326493214432389,2.759387479514472,2,70,73,0.15000000000000002,73,world,settled,3.0,world
body_push,101,80101,l,1.3326493214432389,2.759387479514472,2,70,73,0.15000000000000002,70,body,settled,3.0,body
body_only,102,80102,l,1.3216079364974478,-2.2804709638298157,8,69,87,0.9,69,body,settled,3.0,body
push_only,102,80102,l,1.3216079364974478,-2.2804709638298157,8,69,87,0.9,87,world,settled,6.75,world
body_push,102,80102,l,1.3216079364974478,-2.2804709638298157,8,69,87,0.9,69,body,settled,5.75,world
body_only,103,80103,m,1.227105436496223,-3.8704293761157036,10,80,111,1.55,80,body,settled,3.0,body
push_only,103,80103,m,1.227105436496223,-3.8704293761157036,10,80,111,1.55,111,world,settled,4.2,world
body_push,103,80103,m,1.227105436496223,-3.8704293761157036,10,80,111,1.55,80,body,settled,5.2,world
body_only,104,80104,m,1.4469468377502674,3.7951521226049216,20,80,119,1.9500000000000002,80,body,settled,3.0,body
push_only,104,80104,m,1.4469468377502674,3.7951521226049216,20,80,119,1.9500000000000002,119,world,settled,5.4,world
body_push,104,80104,m,1.4469468377502674,3.7951521226049216,20,80,119,1.9500000000000002,80,body,settled,5.1000000000000005,world
body_only,105,80105,l,1.3769258856556155,1.691009486188109,14,76,61,-0.75,76,body,settled,3.0,body
push_only,105,80105,l,1.3769258856556155,1.691009486188109,14,76,61,-0.75,61,world,settled,4.9,world
body_push,105,80105,l,1.3769258856556155,1.691009486188109,14,76,61,-0.75,61,body,settled,4.9,body
body_only,106,80106,l,1.471858421797993,-1.64321813679644,11,74,111,1.85,74,body,settled,3.0,body
push_only,106,80106,l,1.471858421797993,-1.64321813679644,11,74,111,1.85,111,world,settled,4.75,world
body_push,106,80106,l,1.471858421797993,-1.64321813679644,11,74,111,1.85,74,body,settled,5.800000000000001,world
body_only,107,80107,m,1.3943628457996489,-2.1275304119366742,15,71,60,-0.55,71,body,settled,3.0,body
push_only,107,80107,m,1.3943628457996489,-2.1275304119366742,15,71,60,-0.55,60,world,settled,4.45,world
body_push,107,80107,m,1.3943628457996489,-2.1275304119366742,15,71,60,-0.55,60,alarm,persistent,10.0,world
body_only,108,80108,m,1.2352873853888091,-1.0200860536565224,2,67,87,1.0,67,body,settled,3.0,body
push_only,108,80108,m,1.2352873853888091,-1.0200860536565224,2,67,87,1.0,87,world,settled,3.0,world
body_push,108,80108,m,1.2352873853888091,-1.0200860536565224,2,67,87,1.0,67,body,settled,3.0,body
body_only,109,80109,m,1.3400125317242275,0.7312277336598128,12,69,55,-0.7000000000000001,69,body,settled,3.0,body
push_only,109,80109,m,1.3400125317242275,0.7312277336598128,12,69,55,-0.7000000000000001,55,world,settled,3.0,world
body_push,109,80109,m,1.3400125317242275,0.7312277336598128,12,69,55,-0.7000000000000001,55,body,settled,3.0,body
body_only,110,80110,m,1.5883120471849337,-3.9412036177875525,8,64,68,0.2,64,body,settled,3.0,body
push_only,110,80110,m,1.5883120471849337,-3.9412036177875525,8,64,68,0.2,68,world,settled,4.3500000000000005,world
body_push,110,80110,m,1.5883120471849337,-3.9412036177875525,8,64,68,0.2,64,alarm,persistent,10.0,world
body_only,111,80111,l,1.3044299625133546,-2.8100216501270574,20,63,53,-0.5,63,body,settled,3.0,body
push_only,111,80111,l,1.3044299625133546,-2.8100216501270574,20,63,53,-0.5,53,world,settled,4.15,world
body_push,111,80111,l,1.3044299625133546,-2.8100216501270574,20,63,53,-0.5,53,body,settled,5.550000000000001,world
body_only,112,80112,m,1.2828483915993871,-1.1350624387466037,9,70,60,-0.5,70,body,settled,3.0,body
push_only,112,80112,m,1.2828483915993871,-1.1350624387466037,9,70,60,-0.5,60,world,settled,3.5,world
body_push,112,80112,m,1.2828483915993871,-1.1350624387466037,9,70,60,-0.5,60,alarm,persistent,10.0,world
body_only,113,80113,m,1.4443611330920951,-2.985924010464081,16,69,57,-0.6000000000000001,69,body,settled,3.0,body
push_only,113,80113,m,1.4443611330920951,-2.985924010464081,16,69,57,-0.6000000000000001,57,world,settled,4.3500000000000005,world
body_push,113,80113,m,1.4443611330920951,-2.985924010464081,16,69,57,-0.6000000000000001,57,body,settled,4.3,body
body_only,114,80114,l,1.5290402419311038,-2.418633822071734,7,67,70,0.15000000000000002,67,body,settled,3.0,body
push_only,114,80114,l,1.5290402419311038,-2.418633822071734,7,67,70,0.15000000000000002,70,world,settled,4.75,world
body_push,114,80114,l,1.5290402419311038,-2.418633822071734,7,67,70,0.15000000000000002,67,world,decayed,10.0,world
body_only,115,80115,m,1.4910380595790964,2.6822752908273415,20,80,114,1.7000000000000002,80,body,settled,3.0,body
push_only,115,80115,m,1.4910380595790964,2.6822752908273415,20,80,114,1.7000000000000002,114,world,settled,4.4,world
body_push,115,80115,m,1.4910380595790964,2.6822752908273415,20,80,114,1.7000000000000002,80,alarm,persistent,10.0,world
body_only,116,80116,m,1.3520296585104448,2.9293412468054005,19,76,103,1.35,76,body,settled,3.0,body
push_only,116,80116,m,1.3520296585104448,2.9293412468054005,19,76,103,1.35,103,world,settled,4.3,world
body_push,116,80116,m,1.3520296585104448,2.9293412468054005,19,76,103,1.35,76,body,settled,5.3500000000000005,world
body_only,117,80117,l,1.3937129965478412,-2.1342119420393937,5,64,50,-0.7000000000000001,64,body,settled,3.0,body
push_only,117,80117,l,1.3937129965478412,-2.1342119420393937,5,64,50,-0.7000000000000001,50,world,settled,4.95,world
body_push,117,80117,l,1.3937129965478412,-2.1342119420393937,5,64,50,-0.7000000000000001,50,world,decayed,10.0,world
body_only,118,80118,l,1.3566802625046552,-3.937154090846061,6,78,61,-0.8500000000000001,78,body,settled,3.0,body
push_only,118,80118,l,1.3566802625046552,-3.937154090846061,6,78,61,-0.8500000000000001,61,world,settled,4.3,world
body_push,118,80118,l,1.3566802625046552,-3.937154090846061,6,78,61,-0.8500000000000001,61,body,settled,4.25,body
body_only,119,80119,m,1.4143626759319503,3.070075520753098,13,65,103,1.9000000000000001,65,body,settled,3.0,body
push_only,119,80119,m,1.4143626759319503,3.070075520753098,13,65,103,1.9000000000000001,103,world,settled,4.3500000000000005,world
body_push,119,80119,m,1.4143626759319503,3.070075520753098,13,65,103,1.9000000000000001,65,alarm,persistent,10.0,world
body_only,120,80120,m,1.4840932578286647,-3.3031775711118847,10,67,51,-0.8,67,body,settled,3.0,body
push_only,120,80120,m,1.4840932578286647,-3.3031775711118847,10,67,51,-0.8,51,world,settled,4.3500000000000005,world
body_push,120,80120,m,1.4840932578286647,-3.3031775711118847,10,67,51,-0.8,51,alarm,persistent,10.0,world
body_only,121,80121,m,1.5863524450577935,3.94522021676059,6,63,101,1.9000000000000001,63,body,settled,3.0,body
push_only,121,80121,m,1.5863524450577935,3.94522021676059,6,63,101,1.9000000000000001,101,world,settled,4.45,world
body_push,121,80121,m,1.5863524450577935,3.94522021676059,6,63,101,1.9000000000000001,63,alarm,persistent,10.0,world
body_only,122,80122,l,1.338649691422272,2.543435783253728,19,76,69,-0.35000000000000003,76,body,settled,3.0,body
push_only,122,80122,l,1.338649691422272,2.543435783253728,19,76,69,-0.35000000000000003,69,world,settled,4.4,world
body_push,122,80122,l,1.338649691422272,2.543435783253728,19,76,69,-0.35000000000000003,69,body,settled,4.45,body
body_only,123,80123,l,1.5246347439525716,0.8391489094341835,13,65,89,1.2000000000000002,65,body,settled,3.0,body
push_only,123,80123,l,1.5246347439525716,0.8391489094341835,13,65,89,1.2000000000000002,89,world,settled,3.0,world
body_push,123,80123,l,1.5246347439525716,0.8391489094341835,13,65,89,1.2000000000000002,65,body,settled,3.0,body
body_only,124,80124,l,1.2781984912456708,2.5976578951159652,15,61,72,0.55,61,body,settled,3.0,body
push_only,124,80124,l,1.2781984912456708,2.5976578951159652,15,61,72,0.55,72,world,settled,4.3500000000000005,world
body_push,124,80124,l,1.2781984912456708,2.5976578951159652,15,61,72,0.55,61,body,settled,5.2,world
body_only,125,80125,l,1.3004170943545632,-1.6505009759692584,14,76,101,1.25,76,body,settled,3.0,body
push_only,125,80125,l,1.3004170943545632,-1.6505009759692584,14,76,101,1.25,101,world,settled,4.75,world
body_push,125,80125,l,1.3004170943545632,-1.6505009759692584,14,76,101,1.25,76,body,settled,5.65,world
body_only,126,80126,m,1.4903235020221932,0.93412589560304,3,70,50,-1.0,70,body,settled,3.0,body
push_only,126,80126,m,1.4903235020221932,0.93412589560304,3,70,50,-1.0,50,world,settled,3.0,world
body_push,126,80126,m,1.4903235020221932,0.93412589560304,3,70,50,-1.0,50,body,settled,3.0,body
body_only,127,80127,l,1.342239167123063,2.3252664415262636,10,77,57,-1.0,77,body,settled,3.0,body
push_only,127,80127,l,1.342239167123063,2.3252664415262636,10,77,57,-1.0,57,world,settled,4.65,world
body_push,127,80127,l,1.342239167123063,2.3252664415262636,10,77,57,-1.0,57,body,settled,4.55,body
body_only,128,80128,l,1.2821574722862865,3.6475499924253105,10,67,62,-0.25,67,body,settled,3.0,body
push_only,128,80128,l,1.2821574722862865,3.6475499924253105,10,67,62,-0.25,62,world,settled,4.4,world
body_push,128,80128,l,1.2821574722862865,3.6475499924253105,10,67,62,-0.25,62,body,settled,4.3500000000000005,body
body_only,129,80129,m,1.5833660777296679,-2.20056376429996,17,64,67,0.15000000000000002,64,body,settled,3.0,body
push_only,129,80129,m,1.5833660777296679,-2.20056376429996,17,64,67,0.15000000000000002,67,world,settled,4.6000000000000005,world
body_push,129,80129,m,1.5833660777296679,-2.20056376429996,17,64,67,0.15000000000000002,64,alarm,persistent,10.0,world
body_only,130,80130,m,1.2460680445183618,2.6506759258181694,16,62,57,-0.25,62,body,settled,3.0,body
push_only,130,80130,m,1.2460680445183618,2.6506759258181694,16,62,57,-0.25,57,world,settled,4.4,world
body_push,130,80130,m,1.2460680445183618,2.6506759258181694,16,62,57,-0.25,57,body,settled,4.3,body
body_only,131,80131,l,1.3806342031060965,-0.8029844699440014,6,76,98,1.1,76,body,settled,3.0,body
push_only,131,80131,l,1.3806342031060965,-0.8029844699440014,6,76,98,1.1,98,world,settled,3.0,world
body_push,131,80131,l,1.3806342031060965,-0.8029844699440014,6,76,98,1.1,76,body,settled,3.0,body
body_only,132,80132,m,1.3074181990695186,-3.362984936880717,14,67,68,0.05,67,body,settled,3.0,body
push_only,132,80132,m,1.3074181990695186,-3.362984936880717,14,67,68,0.05,68,world,settled,4.25,world
body_push,132,80132,m,1.3074181990695186,-3.362984936880717,14,67,68,0.05,67,body,settled,4.3500000000000005,body
body_only,133,80133,m,1.3751132137002346,-0.8931161840795263,7,72,110,1.9000000000000001,72,body,settled,3.0,body
push_only,133,80133,m,1.3751132137002346,-0.8931161840795263,7,72,110,1.9000000000000001,110,world,settled,3.0,world
body_push,133,80133,m,1.3751132137002346,-0.8931161840795263,7,72,110,1.9000000000000001,72,body,settled,3.0,body
body_only,134,80134,m,1.4557708719977203,2.858829632744555,18,65,87,1.1,65,body,settled,3.0,body
push_only,134,80134,m,1.4557708719977203,2.858829632744555,18,65,87,1.1,87,world,settled,4.3500000000000005,world
body_push,134,80134,m,1.4557708719977203,2.858829632744555,18,65,87,1.1,65,body,settled,5.3500000000000005,world
body_only,135,80135,l,1.2512605947487285,1.0105250521893674,6,66,93,1.35,66,body,settled,3.0,body
push_only,135,80135,l,1.2512605947487285,1.0105250521893674,6,66,93,1.35,93,world,settled,3.0,world
body_push,135,80135,l,1.2512605947487285,1.0105250521893674,6,66,93,1.35,66,body,settled,3.0,body
body_only,136,80136,m,1.5626740292908556,-0.8064417712458397,10,64,82,0.9,64,body,settled,3.0,body
push_only,136,80136,m,1.5626740292908556,-0.8064417712458397,10,64,82,0.9,82,world,settled,3.0,world
body_push,136,80136,m,1.5626740292908556,-0.8064417712458397,10,64,82,0.9,64,alarm,persistent,10.0,world
body_only,137,80137,m,1.3679988666309701,-3.730593827873369,11,77,76,-0.05,77,body,settled,3.0,body
push_only,137,80137,m,1.3679988666309701,-3.730593827873369,11,77,76,-0.05,76,world,settled,4.45,world
body_push,137,80137,m,1.3679988666309701,-3.730593827873369,11,77,76,-0.05,76,body,settled,4.4,body
body_only,138,80138,m,1.3605027485540713,3.5617056891729564,14,65,56,-0.45,65,body,settled,3.0,body
push_only,138,80138,m,1.3605027485540713,3.5617056891729564,14,65,56,-0.45,56,world,settled,4.25,world
body_push,138,80138,m,1.3605027485540713,3.5617056891729564,14,65,56,-0.45,56,body,settled,4.25,body
body_only,139,80139,m,1.338745987417598,3.816017048838867,3,80,86,0.30000000000000004,80,body,settled,3.0,body
push_only,139,80139,m,1.338745987417598,3.816017048838867,3,80,86,0.30000000000000004,86,world,decayed,10.0,world
body_push,139,80139,m,1.338745987417598,3.816017048838867,3,80,86,0.30000000000000004,80,alarm,persistent,10.0,world
body_only,140,80140,m,1.5307531934761134,1.197504189821612,16,74,85,0.55,74,body,settled,3.0,body
push_only,140,80140,m,1.5307531934761134,1.197504189821612,16,74,85,0.55,85,world,settled,3.0,world
body_push,140,80140,m,1.5307531934761134,1.197504189821612,16,74,85,0.55,74,alarm,persistent,10.0,world
body_only,141,80141,m,1.370487255842922,1.539794381414061,7,77,80,0.15000000000000002,77,body,settled,3.0,body
push_only,141,80141,m,1.370487255842922,1.539794381414061,7,77,80,0.15000000000000002,80,world,settled,3.0,world
body_push,141,80141,m,1.370487255842922,1.539794381414061,7,77,80,0.15000000000000002,77,body,settled,3.0500000000000003,body
body_only,142,80142,l,1.5908103407478822,-1.2876407718261265,10,67,96,1.4500000000000002,67,body,settled,3.0,body
push_only,142,80142,l,1.5908103407478822,-1.2876407718261265,10,67,96,1.4500000000000002,96,world,decayed,10.0,world
body_push,142,80142,l,1.5908103407478822,-1.2876407718261265,10,67,96,1.4500000000000002,67,alarm,persistent,10.0,world
body_only,143,80143,m,1.422876739920314,-3.9455846495400597,18,71,79,0.4,71,body,settled,3.0,body
push_only,143,80143,m,1.422876739920314,-3.9455846495400597,18,71,79,0.4,79,world,settled,7.65,world
body_push,143,80143,m,1.422876739920314,-3.9455846495400597,18,71,79,0.4,71,body,settled,4.55,body
body_only,144,80144,l,1.5727615549660312,-3.493722584578316,19,76,98,1.1,76,body,settled,3.0,body
push_only,144,80144,l,1.5727615549660312,-3.493722584578316,19,76,98,1.1,98,world,settled,6.2,world
body_push,144,80144,l,1.5727615549660312,-3.493722584578316,19,76,98,1.1,76,alarm,persistent,10.0,world
body_only,145,80145,l,1.2420765541874637,-3.0981626082546088,17,65,101,1.8,65,body,settled,3.0,body
push_only,145,80145,l,1.2420765541874637,-3.0981626082546088,17,65,101,1.8,101,world,settled,4.25,world
body_push,145,80145,l,1.2420765541874637,-3.0981626082546088,17,65,101,1.8,65,body,settled,5.25,world
body_only,146,80146,l,1.407016787907028,-0.9643772101455264,17,80,101,1.05,80,body,settled,3.0,body
push_only,146,80146,l,1.407016787907028,-0.9643772101455264,17,80,101,1.05,101,world,settled,5.15,world
body_push,146,80146,l,1.407016787907028,-0.9643772101455264,17,80,101,1.05,80,world,decayed,10.0,world
body_only,147,80147,m,1.4851534125692787,-3.0875694826546645,18,61,83,1.1,61,body,settled,3.0,body
push_only,147,80147,m,1.4851534125692787,-3.0875694826546645,18,61,83,1.1,83,world,settled,4.2,world
body_push,147,80147,m,1.4851534125692787,-3.0875694826546645,18,61,83,1.1,61,body,settled,5.1000000000000005,world
body_only,148,80148,m,1.497870572986884,-1.171978967149992,18,69,97,1.4000000000000001,69,body,settled,3.0,body
push_only,148,80148,m,1.497870572986884,-1.171978967149992,18,69,97,1.4000000000000001,97,world,settled,5.0,world
body_push,148,80148,m,1.497870572986884,-1.171978967149992,18,69,97,1.4000000000000001,69,alarm,persistent,10.0,world
body_only,149,80149,m,1.3048760698644037,-1.2240882120842855,2,71,53,-0.9,71,body,settled,3.0,body
push_only,149,80149,m,1.3048760698644037,-1.2240882120842855,2,71,53,-0.9,53,world,settled,3.0,world
body_push,149,80149,m,1.3048760698644037,-1.2240882120842855,2,71,53,-0.9,53,body,settled,3.0,body
body_only,150,80150,l,1.5856535166749381,-3.995575281289915,11,73,54,-0.9500000000000001,73,body,settled,3.0,body
push_only,150,80150,l,1.5856535166749381,-3.995575281289915,11,73,54,-0.9500000000000001,54,world,settled,4.3500000000000005,world
body_push,150,80150,l,1.5856535166749381,-3.995575281289915,11,73,54,-0.9500000000000001,54,alarm,persistent,10.0,world
body_only,151,80151,m,1.4299267466004717,-2.1522101530776547,18,80,80,0.0,80,body,settled,3.0,body
push_only,151,80151,m,1.4299267466004717,-2.1522101530776547,18,80,80,0.0,80,world,settled,4.45,world
body_push,151,80151,m,1.4299267466004717,-2.1522101530776547,18,80,80,0.0,80,body,settled,4.55,body
body_only,152,80152,m,1.2242653422560952,-1.8088830233794095,2,62,60,-0.1,62,body,settled,3.0,body
push_only,152,80152,m,1.2242653422560952,-1.8088830233794095,2,62,60,-0.1,60,world,settled,3.0,world
body_push,152,80152,m,1.2242653422560952,-1.8088830233794095,2,62,60,-0.1,60,body,settled,3.0,body
body_only,153,80153,m,1.4090853610776415,-0.9262326681169508,4,76,70,-0.30000000000000004,76,body,settled,3.0,body
push_only,153,80153,m,1.4090853610776415,-0.9262326681169508,4,76,70,-0.30000000000000004,70,world,settled,3.0,world
body_push,153,80153,m,1.4090853610776415,-0.9262326681169508,4,76,70,-0.30000000000000004,70,body,settled,3.0,body
body_only,154,80154,l,1.2243123741429665,2.0891148829563577,15,77,112,1.75,77,body,settled,3.0,body
push_only,154,80154,l,1.2243123741429665,2.0891148829563577,15,77,112,1.75,112,world,settled,4.6000000000000005,world
body_push,154,80154,l,1.2243123741429665,2.0891148829563577,15,77,112,1.75,77,body,settled,5.65,world
body_only,155,80155,m,1.2920372277015582,-3.13700571262686,17,72,56,-0.8,72,body,settled,3.0,body
push_only,155,80155,m,1.2920372277015582,-3.13700571262686,17,72,56,-0.8,56,world,settled,4.15,world
body_push,155,80155,m,1.2920372277015582,-3.13700571262686,17,72,56,-0.8,56,body,settled,4.1000000000000005,body
body_only,156,80156,l,1.3317333999799505,-3.2335236706241886,4,65,92,1.35,65,body,settled,3.0,body
push_only,156,80156,l,1.3317333999799505,-3.2335236706241886,4,65,92,1.35,92,world,settled,4.75,world
body_push,156,80156,l,1.3317333999799505,-3.2335236706241886,4,65,92,1.35,65,world,decayed,10.0,world
body_only,157,80157,l,1.2097964621442603,2.0735470986781275,20,72,76,0.2,72,body,settled,3.0,body
push_only,157,80157,l,1.2097964621442603,2.0735470986781275,20,72,76,0.2,76,world,settled,4.5,world
body_push,157,80157,l,1.2097964621442603,2.0735470986781275,20,72,76,0.2,72,body,settled,5.0,body
body_only,158,80158,l,1.5948296024344466,-0.8183082738649848,14,69,60,-0.45,69,body,settled,3.0,body
push_only,158,80158,l,1.5948296024344466,-0.8183082738649848,14,69,60,-0.45,60,world,settled,3.0,world
body_push,158,80158,l,1.5948296024344466,-0.8183082738649848,14,69,60,-0.45,60,alarm,persistent,10.0,world
body_only,159,80159,l,1.47880453204843,0.7447071579333566,10,74,97,1.1500000000000001,74,body,settled,3.0,body
push_only,159,80159,l,1.47880453204843,0.7447071579333566,10,74,97,1.1500000000000001,97,world,settled,3.0,world
body_push,159,80159,l,1.47880453204843,0.7447071579333566,10,74,97,1.1500000000000001,74,body,settled,3.0,body
body_only,160,80160,m,1.3214004812081468,-1.3558054345945332,12,80,77,-0.15000000000000002,80,body,settled,3.0,body
push_only,160,80160,m,1.3214004812081468,-1.3558054345945332,12,80,77,-0.15000000000000002,77,world,settled,5.1000000000000005,world
body_push,160,80160,m,1.3214004812081468,-1.3558054345945332,12,80,77,-0.15000000000000002,77,alarm,persistent,10.0,world
body_only,161,80161,l,1.4762726592262179,-0.9709183832276826,3,73,100,1.35,73,body,settled,3.0,body
push_only,161,80161,l,1.4762726592262179,-0.9709183832276826,3,73,100,1.35,100,world,settled,3.0,world
body_push,161,80161,l,1.4762726592262179,-0.9709183832276826,3,73,100,1.35,73,body,settled,3.0,body
body_only,162,80162,l,1.4263360475120384,1.1630186156475424,13,79,100,1.05,79,body,settled,3.0,body
push_only,162,80162,l,1.4263360475120384,1.1630186156475424,13,79,100,1.05,100,world,settled,3.0,world
body_push,162,80162,l,1.4263360475120384,1.1630186156475424,13,79,100,1.05,79,body,settled,3.0,body
body_only,163,80163,l,1.5712736832043288,2.94841295916397,13,67,63,-0.2,67,body,settled,3.0,body
push_only,163,80163,l,1.5712736832043288,2.94841295916397,13,67,63,-0.2,63,world,settled,4.3500000000000005,world
body_push,163,80163,l,1.5712736832043288,2.94841295916397,13,67,63,-0.2,63,body,settled,4.65,body
body_only,164,80164,m,1.4909867033528206,-2.710374801423995,2,62,44,-0.9,62,body,settled,3.0,body
push_only,164,80164,m,1.4909867033528206,-2.710374801423995,2,62,44,-0.9,44,world,settled,3.0,world
body_push,164,80164,m,1.4909867033528206,-2.710374801423995,2,62,44,-0.9,44,body,settled,3.0,body
body_only,165,80165,l,1.4953595065272898,2.9614572166509205,11,73,108,1.75,73,body,settled,3.0,body
push_only,165,80165,l,1.4953595065272898,2.9614572166509205,11,73,108,1.75,108,world,settled,4.4,world
body_push,165,80165,l,1.4953595065272898,2.9614572166509205,11,73,108,1.75,73,alarm,persistent,10.0,world
body_only,166,80166,m,1.4027644701781268,-1.8316008731407263,2,68,63,-0.25,68,body,settled,3.0,body
push_only,166,80166,m,1.4027644701781268,-1.8316008731407263,2,68,63,-0.25,63,world,settled,3.0,world
body_push,166,80166,m,1.4027644701781268,-1.8316008731407263,2,68,63,-0.25,63,body,settled,3.0,body
body_only,167,80167,l,1.230340162216076,2.317632085909402,2,69,100,1.55,69,body,settled,3.0,body
push_only,167,80167,l,1.230340162216076,2.317632085909402,2,69,100,1.55,100,world,settled,3.0,world
body_push,167,80167,l,1.230340162216076,2.317632085909402,2,69,100,1.55,69,body,settled,3.0,body
body_only,168,80168,l,1.4085141157844623,3.5368860875171024,4,76,98,1.1,76,body,settled,3.0,body
push_only,168,80168,l,1.4085141157844623,3.5368860875171024,4,76,98,1.1,98,world,settled,4.800000000000001,world
body_push,168,80168,l,1.4085141157844623,3.5368860875171024,4,76,98,1.1,76,body,settled,3.75,body
body_only,169,80169,m,1.5038158456426647,-1.6610684757063634,8,67,76,0.45,67,body,settled,3.0,body
push_only,169,80169,m,1.5038158456426647,-1.6610684757063634,8,67,76,0.45,76,world,settled,4.75,world
body_push,169,80169,m,1.5038158456426647,-1.6610684757063634,8,67,76,0.45,67,alarm,persistent,10.0,world
body_only,170,80170,m,1.3416074842715617,0.8761786859848462,5,71,90,0.9500000000000001,71,body,settled,3.0,body
push_only,170,80170,m,1.3416074842715617,0.8761786859848462,5,71,90,0.9500000000000001,90,world,settled,3.0,world
body_push,170,80170,m,1.3416074842715617,0.8761786859848462,5,71,90,0.9500000000000001,71,body,settled,3.0,body
body_only,171,80171,m,1.2011116084729716,3.866535515071005,19,69,60,-0.45,69,body,settled,3.0,body
push_only,171,80171,m,1.2011116084729716,3.866535515071005,19,69,60,-0.45,60,world,settled,6.25,world
body_push,171,80171,m,1.2011116084729716,3.866535515071005,19,69,60,-0.45,60,world,decayed,10.0,world
body_only,172,80172,l,1.3646903371116377,-3.83893645692554,9,62,59,-0.15000000000000002,62,body,settled,3.0,body
push_only,172,80172,l,1.3646903371116377,-3.83893645692554,9,62,59,-0.15000000000000002,59,world,settled,4.3500000000000005,world
body_push,172,80172,l,1.3646903371116377,-3.83893645692554,9,62,59,-0.15000000000000002,59,body,settled,4.3500000000000005,body
body_only,173,80173,m,1.2062512810765205,-2.6740466347849066,19,66,68,0.1,66,body,settled,3.0,body
push_only,173,80173,m,1.2062512810765205,-2.6740466347849066,19,66,68,0.1,68,world,settled,4.2,world
body_push,173,80173,m,1.2062512810765205,-2.6740466347849066,19,66,68,0.1,66,body,settled,4.3500000000000005,body
body_only,174,80174,m,1.3804734856170233,0.5614931534507703,3,77,92,0.75,77,body,settled,3.0,body
push_only,174,80174,m,1.3804734856170233,0.5614931534507703,3,77,92,0.75,92,world,settled,3.0,world
body_push,174,80174,m,1.3804734856170233,0.5614931534507703,3,77,92,0.75,77,body,settled,3.0,body
body_only,175,80175,l,1.3356740132597882,1.593680090553906,14,72,112,2.0,72,body,settled,3.0,body
push_only,175,80175,l,1.3356740132597882,1.593680090553906,14,72,112,2.0,112,world,settled,4.800000000000001,world
body_push,175,80175,l,1.3356740132597882,1.593680090553906,14,72,112,2.0,72,body,settled,5.800000000000001,world
body_only,176,80176,l,1.4611869442203793,-2.391449386207232,18,62,51,-0.55,62,body,settled,3.0,body
push_only,176,80176,l,1.4611869442203793,-2.391449386207232,18,62,51,-0.55,51,world,settled,4.3500000000000005,world
body_push,176,80176,l,1.4611869442203793,-2.391449386207232,18,62,51,-0.55,51,alarm,persistent,10.0,world
body_only,177,80177,l,1.4719003559666723,2.9222524655504336,18,79,90,0.55,79,body,settled,3.0,body
push_only,177,80177,l,1.4719003559666723,2.9222524655504336,18,79,90,0.55,90,world,settled,4.3,world
body_push,177,80177,l,1.4719003559666723,2.9222524655504336,18,79,90,0.55,79,body,settled,5.300000000000001,world
body_only,178,80178,l,1.5603022533734479,-0.960973145547994,10,80,74,-0.30000000000000004,80,body,settled,3.0,body
push_only,178,80178,l,1.5603022533734479,-0.960973145547994,10,80,74,-0.30000000000000004,74,world,settled,3.0,world
body_push,178,80178,l,1.5603022533734479,-0.960973145547994,10,80,74,-0.30000000000000004,74,world,decayed,10.0,world
body_only,179,80179,l,1.3449296306120841,-0.9736453019143814,18,64,73,0.45,64,body,settled,3.0,body
push_only,179,80179,l,1.3449296306120841,-0.9736453019143814,18,64,73,0.45,73,world,settled,5.550000000000001,world
body_push,179,80179,l,1.3449296306120841,-0.9736453019143814,18,64,73,0.45,64,world,decayed,10.0,world
body_only,180,80180,m,1.4076386383350257,3.5164489550983613,7,79,78,-0.05,79,body,settled,3.0,body
push_only,180,80180,m,1.4076386383350257,3.5164489550983613,7,79,78,-0.05,78,world,settled,4.4,world
body_push,180,80180,m,1.4076386383350257,3.5164489550983613,7,79,78,-0.05,78,alarm,persistent,10.0,world
body_only,181,80181,m,1.4320777680751384,-3.0271093968688723,3,65,103,1.9000000000000001,65,body,settled,3.0,body
push_only,181,80181,m,1.4320777680751384,-3.0271093968688723,3,65,103,1.9000000000000001,103,world,settled,5.050000000000001,world
body_push,181,80181,m,1.4320777680751384,-3.0271093968688723,3,65,103,1.9000000000000001,65,alarm,persistent,10.0,world
body_only,182,80182,l,1.5481690380392283,3.242620595530007,14,62,59,-0.15000000000000002,62,body,settled,3.0,body
push_only,182,80182,l,1.5481690380392283,3.242620595530007,14,62,59,-0.15000000000000002,59,world,settled,4.25,world
body_push,182,80182,l,1.5481690380392283,3.242620595530007,14,62,59,-0.15000000000000002,59,body,settled,4.5,body
body_only,183,80183,m,1.3228468366577153,-3.2089507473046632,6,72,63,-0.45,72,body,settled,3.0,body
push_only,183,80183,m,1.3228468366577153,-3.2089507473046632,6,72,63,-0.45,63,world,settled,6.2,world
body_push,183,80183,m,1.3228468366577153,-3.2089507473046632,6,72,63,-0.45,63,alarm,persistent,10.0,world
body_only,184,80184,l,1.3944066047762191,-3.7114514472416276,7,72,94,1.1,72,body,settled,3.0,body
push_only,184,80184,l,1.3944066047762191,-3.7114514472416276,7,72,94,1.1,94,world,settled,4.5,world
body_push,184,80184,l,1.3944066047762191,-3.7114514472416276,7,72,94,1.1,72,body,settled,5.6000000000000005,world
body_only,185,80185,m,1.429433232101796,-3.790378832454624,19,78,67,-0.55,78,body,settled,3.0,body
push_only,185,80185,m,1.429433232101796,-3.790378832454624,19,78,67,-0.55,67,world,settled,5.7,world
body_push,185,80185,m,1.429433232101796,-3.790378832454624,19,78,67,-0.55,67,alarm,persistent,10.0,world
body_only,186,80186,l,1.2389607230219308,-1.2431704701297268,5,61,95,1.7000000000000002,61,body,settled,3.0,body
push_only,186,80186,l,1.2389607230219308,-1.2431704701297268,5,61,95,1.7000000000000002,95,world,settled,3.0,world
body_push,186,80186,l,1.2389607230219308,-1.2431704701297268,5,61,95,1.7000000000000002,61,body,settled,3.0,body
body_only,187,80187,m,1.4228064601407426,-2.5537234588703273,5,79,60,-0.9500000000000001,79,body,settled,3.0,body
push_only,187,80187,m,1.4228064601407426,-2.5537234588703273,5,79,60,-0.9500000000000001,60,world,settled,5.2,world
body_push,187,80187,m,1.4228064601407426,-2.5537234588703273,5,79,60,-0.9500000000000001,60,alarm,persistent,10.0,world
body_only,188,80188,m,1.3842246829674332,-2.157050938808116,13,62,69,0.35000000000000003,62,body,settled,3.0,body
push_only,188,80188,m,1.3842246829674332,-2.157050938808116,13,62,69,0.35000000000000003,69,world,settled,4.6000000000000005,world
body_push,188,80188,m,1.3842246829674332,-2.157050938808116,13,62,69,0.35000000000000003,62,alarm,persistent,10.0,world
body_only,189,80189,l,1.2400142695331104,2.8082750562233407,8,65,71,0.30000000000000004,65,body,settled,3.0,body
push_only,189,80189,l,1.2400142695331104,2.8082750562233407,8,65,71,0.30000000000000004,71,world,settled,4.55,world
body_push,189,80189,l,1.2400142695331104,2.8082750562233407,8,65,71,0.30000000000000004,65,world,decayed,10.0,world
body_only,190,80190,l,1.3628731612120901,-0.6869934703808835,2,72,94,1.1,72,body,settled,3.0,body
push_only,190,80190,l,1.3628731612120901,-0.6869934703808835,2,72,94,1.1,94,world,settled,3.0,world
body_push,190,80190,l,1.3628731612120901,-0.6869934703808835,2,72,94,1.1,72,body,settled,3.0,body
body_only,191,80191,l,1.376514494856916,-3.9935098359317784,2,69,97,1.4000000000000001,69,body,settled,3.0,body
push_only,191,80191,l,1.376514494856916,-3.9935098359317784,2,69,97,1.4000000000000001,97,world,settled,5.15,world
body_push,191,80191,l,1.376514494856916,-3.9935098359317784,2,69,97,1.4000000000000001,69,body,settled,3.6,body
body_only,192,80192,m,1.479480046040075,1.7687108303430377,8,67,65,-0.1,67,body,settled,3.0,body
push_only,192,80192,m,1.479480046040075,1.7687108303430377,8,67,65,-0.1,65,world,settled,3.5,world
body_push,192,80192,m,1.479480046040075,1.7687108303430377,8,67,65,-0.1,65,alarm,persistent,10.0,world
body_only,193,80193,m,1.4142488052468083,-1.7243551270847748,14,79,103,1.2000000000000002,79,body,settled,3.0,body
push_only,193,80193,m,1.4142488052468083,-1.7243551270847748,14,79,103,1.2000000000000002,103,world,settled,9.700000000000001,world
body_push,193,80193,m,1.4142488052468083,-1.7243551270847748,14,79,103,1.2000000000000002,79,alarm,persistent,10.0,world
body_only,194,80194,l,1.5147816973408514,3.2544382353102197,15,73,79,0.30000000000000004,73,body,settled,3.0,body
push_only,194,80194,l,1.5147816973408514,3.2544382353102197,15,73,79,0.30000000000000004,79,world,settled,4.25,world
body_push,194,80194,l,1.5147816973408514,3.2544382353102197,15,73,79,0.30000000000000004,73,body,settled,5.1000000000000005,world
body_only,195,80195,m,1.3726099130654474,3.6535063463733413,10,67,53,-0.7000000000000001,67,body,settled,3.0,body
push_only,195,80195,m,1.3726099130654474,3.6535063463733413,10,67,53,-0.7000000000000001,53,world,settled,4.3,world
body_push,195,80195,m,1.3726099130654474,3.6535063463733413,10,67,53,-0.7000000000000001,53,body,settled,4.3,body
body_only,196,80196,m,1.2380939274718261,-2.117389590137593,8,76,109,1.6500000000000001,76,body,settled,3.0,body
push_only,196,80196,m,1.2380939274718261,-2.117389590137593,8,76,109,1.6500000000000001,109,world,settled,4.7,world
body_push,196,80196,m,1.2380939274718261,-2.117389590137593,8,76,109,1.6500000000000001,76,world,decayed,10.0,world
body_only,197,80197,m,1.266215955333077,-3.120326903380245,2,66,56,-0.5,66,body,settled,3.0,body
push_only,197,80197,m,1.266215955333077,-3.120326903380245,2,66,56,-0.5,56,world,settled,3.0,world
body_push,197,80197,m,1.266215955333077,-3.120326903380245,2,66,56,-0.5,56,body,settled,3.0,body
body_only,198,80198,l,1.2535214897704823,2.393226941912972,19,77,108,1.55,77,body,settled,3.0,body
push_only,198,80198,l,1.2535214897704823,2.393226941912972,19,77,108,1.55,108,world,settled,4.5,world
body_push,198,80198,l,1.2535214897704823,2.393226941912972,19,77,108,1.55,77,body,settled,5.45,world
body_only,199,80199,m,1.3262767970212874,0.6711949720522523,7,77,63,-0.7000000000000001,77,body,settled,3.0,body
push_only,199,80199,m,1.3262767970212874,0.6711949720522523,7,77,63,-0.7000000000000001,63,world,settled,3.0,world
body_push,199,80199,m,1.3262767970212874,0.6711949720522523,7,77,63,-0.7000000000000001,63,body,settled,3.0,body
undisturbed,-1,90000,,1.0,0.0,0,-1,-1,0.0,79,world,settled,3.0,world
undisturbed,-1,90001,,1.0,0.0,0,-1,-1,0.0,75,world,settled,3.0,world
undisturbed,-1,90002,,1.0,0.0,0,-1,-1,0.0,65,world,settled,3.0,world
undisturbed,-1,90003,,1.0,0.0,0,-1,-1,0.0,61,world,settled,3.0,world
undisturbed,-1,90004,,1.0,0.0,0,-1,-1,0.0,76,world,settled,3.0,world
undisturbed,-1,90005,,1.0,0.0,0,-1,-1,0.0,79,world,settled,3.0,world
undisturbed,-1,90006,,1.0,0.0,0,-1,-1,0.0,74,world,settled,3.0,world
undisturbed,-1,90007,,1.0,0.0,0,-1,-1,0.0,79,world,settled,3.0,world
undisturbed,-1,90008,,1.0,0.0,0,-1,-1,0.0,62,world,settled,3.0,world
undisturbed,-1,90009,,1.0,0.0,0,-1,-1,0.0,74,world,settled,3.0,world
undisturbed,-1,90010,,1.0,0.0,0,-1,-1,0.0,72,world,settled,3.0,world
undisturbed,-1,90011,,1.0,0.0,0,-1,-1,0.0,71,world,settled,3.0,world
undisturbed,-1,90012,,1.0,0.0,0,-1,-1,0.0,62,world,settled,3.0,world
undisturbed,-1,90013,,1.0,0.0,0,-1,-1,0.0,68,world,settled,3.0,world
undisturbed,-1,90014,,1.0,0.0,0,-1,-1,0.0,80,world,settled,3.0,world
undisturbed,-1,90015,,1.0,0.0,0,-1,-1,0.0,76,world,settled,3.0,world
undisturbed,-1,90016,,1.0,0.0,0,-1,-1,0.0,76,world,settled,3.0,world
undisturbed,-1,90017,,1.0,0.0,0,-1,-1,0.0,74,world,settled,3.0,world
undisturbed,-1,90018,,1.0,0.0,0,-1,-1,0.0,66,world,settled,3.0,world
undisturbed,-1,90019,,1.0,0.0,0,-1,-1,0.0,66,world,settled,3.0,world
undisturbed,-1,90020,,1.0,0.0,0,-1,-1,0.0,73,world,settled,3.0,world
undisturbed,-1,90021,,1.0,0.0,0,-1,-1,0.0,74,world,settled,3.0,world
undisturbed,-1,90022,,1.0,0.0,0,-1,-1,0.0,66,world,settled,3.0,world
undisturbed,-1,90023,,1.0,0.0,0,-1,-1,0.0,75,world,settled,3.0,world
undisturbed,-1,90024,,1.0,0.0,0,-1,-1,0.0,73,world,settled,3.0,world
undisturbed,-1,90025,,1.0,0.0,0,-1,-1,0.0,68,world,settled,3.0,world
undisturbed,-1,90026,,1.0,0.0,0,-1,-1,0.0,73,world,settled,3.0,world
undisturbed,-1,90027,,1.0,0.0,0,-1,-1,0.0,61,world,settled,3.0,world
undisturbed,-1,90028,,1.0,0.0,0,-1,-1,0.0,71,world,settled,3.0,world
undisturbed,-1,90029,,1.0,0.0,0,-1,-1,0.0,60,world,settled,3.0,world
undisturbed,-1,90030,,1.0,0.0,0,-1,-1,0.0,72,world,settled,3.0,world
undisturbed,-1,90031,,1.0,0.0,0,-1,-1,0.0,65,world,settled,3.0,world
undisturbed,-1,90032,,1.0,0.0,0,-1,-1,0.0,78,world,settled,3.0,world
undisturbed,-1,90033,,1.0,0.0,0,-1,-1,0.0,74,world,settled,3.0,world
undisturbed,-1,90034,,1.0,0.0,0,-1,-1,0.0,63,world,settled,3.0,world
undisturbed,-1,90035,,1.0,0.0,0,-1,-1,0.0,66,world,settled,3.0,world
undisturbed,-1,90036,,1.0,0.0,0,-1,-1,0.0,61,world,settled,3.0,world
undisturbed,-1,90037,,1.0,0.0,0,-1,-1,0.0,69,world,settled,3.0,world
undisturbed,-1,90038,,1.0,0.0,0,-1,-1,0.0,63,world,settled,3.0,world
undisturbed,-1,90039,,1.0,0.0,0,-1,-1,0.0,63,world,settled,3.0,world
undisturbed,-1,90040,,1.0,0.0,0,-1,-1,0.0,66,world,settled,3.0,world
undisturbed,-1,90041,,1.0,0.0,0,-1,-1,0.0,71,world,settled,3.0,world
undisturbed,-1,90042,,1.0,0.0,0,-1,-1,0.0,64,world,settled,3.0,world
undisturbed,-1,90043,,1.0,0.0,0,-1,-1,0.0,79,world,settled,3.0,world
undisturbed,-1,90044,,1.0,0.0,0,-1,-1,0.0,65,world,settled,3.0,world
undisturbed,-1,90045,,1.0,0.0,0,-1,-1,0.0,64,world,settled,3.0,world
undisturbed,-1,90046,,1.0,0.0,0,-1,-1,0.0,73,world,settled,3.0,world
undisturbed,-1,90047,,1.0,0.0,0,-1,-1,0.0,66,world,settled,3.0,world
undisturbed,-1,90048,,1.0,0.0,0,-1,-1,0.0,76,world,settled,3.0,world
undisturbed,-1,90049,,1.0,0.0,0,-1,-1,0.0,76,world,settled,3.0,world
