config,cell,seed,has_body,has_push,param,factor,torque,duration_name,offset_s,onset,verdict,correct,path,verdict_time_s,settled,settled_score,settle_time_s,late_block_median,late_frac_above_alarm
medium_none,neither,90000,False,False,,1.0,0.0,,0.0,79,world,True,settled,3.0,True,0.06178741529583931,3.0,0.06482745707035065,1.0
medium_none,neither,90001,False,False,,1.0,0.0,,0.0,75,world,True,settled,3.0,True,0.08168278634548187,3.0,0.06300605833530426,1.0
medium_none,neither,90002,False,False,,1.0,0.0,,0.0,65,world,True,settled,3.0,True,0.06696268916130066,3.0,0.06552742421627045,1.0
medium_none,neither,90003,False,False,,1.0,0.0,,0.0,61,world,True,settled,3.0,True,0.060882650315761566,3.0,0.06794226914644241,1.0
medium_none,neither,90004,False,False,,1.0,0.0,,0.0,76,world,True,settled,3.0,True,0.08477190881967545,3.0,0.07000808417797089,1.0
medium_none,neither,90005,False,False,,1.0,0.0,,0.0,79,world,True,settled,3.0,True,0.0656566470861435,3.0,0.06838579475879669,1.0
medium_none,neither,90006,False,False,,1.0,0.0,,0.0,74,world,True,settled,3.0,True,0.06965075433254242,3.0,0.06110140681266785,1.0
medium_none,neither,90007,False,False,,1.0,0.0,,0.0,79,world,True,settled,3.0,True,0.06513606011867523,3.0,0.06984666734933853,1.0
medium_none,neither,90008,False,False,,1.0,0.0,,0.0,62,world,True,settled,3.0,True,0.0730767697095871,3.0,0.06082872301340103,1.0
medium_none,neither,90009,False,False,,1.0,0.0,,0.0,74,world,True,settled,3.0,True,0.06081341579556465,3.0,0.06855179369449615,1.0
medium_none,neither,90010,False,False,,1.0,0.0,,0.0,72,world,True,settled,3.0,True,0.07099513709545135,3.0,0.07221090793609619,1.0
medium_none,neither,90011,False,False,,1.0,0.0,,0.0,71,world,True,settled,3.0,True,0.05264880135655403,3.0,0.07148484885692596,1.0
medium_none,neither,90012,False,False,,1.0,0.0,,0.0,62,world,True,settled,3.0,True,0.05825895816087723,3.0,0.06670761853456497,1.0
medium_none,neither,90013,False,False,,1.0,0.0,,0.0,68,world,True,settled,3.0,True,0.07786013185977936,3.0,0.07350119203329086,1.0
medium_none,neither,90014,False,False,,1.0,0.0,,0.0,80,world,True,settled,3.0,True,0.0646602213382721,3.0,0.06626355648040771,1.0
medium_none,neither,90015,False,False,,1.0,0.0,,0.0,76,world,True,settled,3.0,True,0.06111188977956772,3.0,0.06555456668138504,1.0
medium_none,neither,90016,False,False,,1.0,0.0,,0.0,76,world,True,settled,3.0,True,0.062222350388765335,3.0,0.058613598346710205,1.0
medium_none,neither,90017,False,False,,1.0,0.0,,0.0,74,world,True,settled,3.0,True,0.06080072000622749,3.0,0.06489553302526474,1.0
medium_none,neither,90018,False,False,,1.0,0.0,,0.0,66,world,True,settled,3.0,True,0.06819731742143631,3.0,0.07175976037979126,1.0
medium_none,neither,90019,False,False,,1.0,0.0,,0.0,66,world,True,settled,3.0,True,0.06349637359380722,3.0,0.06639999151229858,1.0
medium_none,neither,90020,False,False,,1.0,0.0,,0.0,73,world,True,settled,3.0,True,0.06601881980895996,3.0,0.07655699551105499,1.0
medium_none,neither,90021,False,False,,1.0,0.0,,0.0,74,world,True,decayed,10.0,False,nan,nan,0.027741137892007828,0.2
medium_none,neither,90022,False,False,,1.0,0.0,,0.0,66,world,True,settled,3.0,True,0.0765715017914772,3.0,0.06875847280025482,1.0
medium_none,neither,90023,False,False,,1.0,0.0,,0.0,75,world,True,settled,3.0,True,0.07024487853050232,3.0,0.06551577895879745,1.0
medium_none,neither,90024,False,False,,1.0,0.0,,0.0,73,world,True,settled,3.0,True,0.06483381241559982,3.0,0.0678410604596138,1.0
medium_none,neither,90025,False,False,,1.0,0.0,,0.0,68,world,True,settled,3.0,True,0.056590355932712555,3.0,0.05862302705645561,1.0
medium_none,neither,90026,False,False,,1.0,0.0,,0.0,73,world,True,settled,3.0,True,0.08195505291223526,3.0,0.06848616898059845,1.0
medium_none,neither,90027,False,False,,1.0,0.0,,0.0,61,world,True,settled,3.0,True,0.07245290279388428,3.0,0.0612512044608593,1.0
medium_none,neither,90028,False,False,,1.0,0.0,,0.0,71,world,True,settled,3.0,True,0.07046618312597275,3.0,0.07028486579656601,1.0
medium_none,neither,90029,False,False,,1.0,0.0,,0.0,60,world,True,settled,3.0,True,0.07186372578144073,3.0,0.0700349509716034,1.0
medium_none,neither,90030,False,False,,1.0,0.0,,0.0,72,world,True,settled,3.0,True,0.07107847183942795,3.0,0.06593141704797745,1.0
medium_none,neither,90031,False,False,,1.0,0.0,,0.0,65,world,True,settled,3.0,True,0.0750441774725914,3.0,0.06548775732517242,1.0
medium_none,neither,90032,False,False,,1.0,0.0,,0.0,78,world,True,settled,3.0,True,0.06537391245365143,3.0,0.06433859467506409,1.0
medium_none,neither,90033,False,False,,1.0,0.0,,0.0,74,world,True,settled,3.0,True,0.06793852895498276,3.0,0.06099345162510872,1.0
medium_none,neither,90034,False,False,,1.0,0.0,,0.0,63,world,True,settled,3.0,True,0.0772760659456253,3.0,0.06868162751197815,1.0
medium_none,neither,90035,False,False,,1.0,0.0,,0.0,66,world,True,settled,3.0,True,0.06847614794969559,3.0,0.06996063888072968,1.0
medium_none,neither,90036,False,False,,1.0,0.0,,0.0,61,world,True,settled,3.0,True,0.05907607078552246,3.0,0.06274209171533585,1.0
medium_none,neither,90037,False,False,,1.0,0.0,,0.0,69,world,True,settled,3.0,True,0.0760001689195633,3.0,0.06640841066837311,1.0
medium_none,neither,90038,False,False,,1.0,0.0,,0.0,63,world,True,settled,3.0,True,0.07241982221603394,3.0,0.06831344217061996,1.0
medium_none,neither,90039,False,False,,1.0,0.0,,0.0,63,world,True,settled,3.0,True,0.07118630409240723,3.0,0.06203758716583252,1.0
medium_none,neither,90040,False,False,,1.0,0.0,,0.0,66,world,True,settled,3.0,True,0.06835012137889862,3.0,0.07075881212949753,1.0
medium_none,neither,90041,False,False,,1.0,0.0,,0.0,71,world,True,settled,3.0,True,0.062374480068683624,3.0,0.06047031283378601,1.0
medium_none,neither,90042,False,False,,1.0,0.0,,0.0,64,world,True,settled,3.0,True,0.06182577461004257,3.0,0.0637134537100792,1.0
medium_none,neither,90043,False,False,,1.0,0.0,,0.0,79,world,True,decayed,10.0,False,nan,nan,0.030700761824846268,0.2
medium_none,neither,90044,False,False,,1.0,0.0,,0.0,65,world,True,settled,3.0,True,0.076959989964962,3.0,0.06499585509300232,1.0
medium_none,neither,90045,False,False,,1.0,0.0,,0.0,64,world,True,settled,3.0,True,0.059295881539583206,3.0,0.06840284168720245,1.0
medium_none,neither,90046,False,False,,1.0,0.0,,0.0,73,world,True,settled,3.0,True,0.07188141345977783,3.0,0.056827444583177567,1.0
medium_none,neither,90047,False,False,,1.0,0.0,,0.0,66,world,True,settled,3.0,True,0.05958280712366104,3.0,0.06377031654119492,1.0
medium_none,neither,90048,False,False,,1.0,0.0,,0.0,76,world,True,settled,3.0,True,0.07509705424308777,3.0,0.06454577296972275,1.0
medium_none,neither,90049,False,False,,1.0,0.0,,0.0,76,world,True,settled,3.0,True,0.0717850774526596,3.0,0.0676700696349144,1.0
medium_none,neither,90050,False,False,,1.0,0.0,,0.0,60,world,True,settled,3.0,True,0.06286446750164032,3.0,0.06480181217193604,1.0
medium_none,neither,90051,False,False,,1.0,0.0,,0.0,76,world,True,settled,3.0,True,0.06483586132526398,3.0,0.06510986387729645,1.0
medium_none,neither,90052,False,False,,1.0,0.0,,0.0,68,world,True,settled,3.0,True,0.05897054076194763,3.0,0.0648486539721489,1.0
medium_none,neither,90053,False,False,,1.0,0.0,,0.0,72,world,True,settled,3.0,True,0.06791286170482635,3.0,0.06774745881557465,1.0
medium_none,neither,90054,False,False,,1.0,0.0,,0.0,65,world,True,settled,3.0,True,0.05776883289217949,3.0,0.06141800433397293,1.0
medium_none,neither,90055,False,False,,1.0,0.0,,0.0,68,world,True,settled,3.0,True,0.05653442069888115,3.0,0.06465209275484085,1.0
medium_none,neither,90056,False,False,,1.0,0.0,,0.0,68,world,True,settled,3.0,True,0.07147983461618423,3.0,0.06597237288951874,1.0
medium_none,neither,90057,False,False,,1.0,0.0,,0.0,76,world,True,settled,3.0,True,0.06647898256778717,3.0,0.06201336532831192,1.0
medium_none,neither,90058,False,False,,1.0,0.0,,0.0,61,world,True,settled,3.0,True,0.06904508918523788,3.0,0.06684089452028275,1.0
medium_none,neither,90059,False,False,,1.0,0.0,,0.0,62,world,True,settled,3.0,True,0.06644485145807266,3.0,0.06937873363494873,1.0
medium_none,neither,90060,False,False,,1.0,0.0,,0.0,62,world,True,settled,3.0,True,0.05721437931060791,3.0,0.06861136853694916,1.0
medium_none,neither,90061,False,False,,1.0,0.0,,0.0,80,world,True,settled,3.0,True,0.07470542192459106,3.0,0.06425915658473969,1.0
medium_none,neither,90062,False,False,,1.0,0.0,,0.0,66,world,True,settled,3.0,True,0.07304302603006363,3.0,0.06586288660764694,1.0
medium_none,neither,90063,False,False,,1.0,0.0,,0.0,62,world,True,settled,3.0,True,0.07624050229787827,3.0,0.06608862429857254,1.0
medium_none,neither,90064,False,False,,1.0,0.0,,0.0,72,world,True,settled,3.0,True,0.07114040851593018,3.0,0.06345300376415253,1.0
medium_none,neither,90065,False,False,,1.0,0.0,,0.0,63,world,True,settled,3.0,True,0.058785200119018555,3.0,0.06615103781223297,1.0
medium_none,neither,90066,False,False,,1.0,0.0,,0.0,61,world,True,settled,3.0,True,0.07230434566736221,3.0,0.06421851366758347,1.0
medium_none,neither,90067,False,False,,1.0,0.0,,0.0,71,world,True,settled,3.0,True,0.06054466962814331,3.0,0.06375439465045929,1.0
medium_none,neither,90068,False,False,,1.0,0.0,,0.0,76,world,True,settled,3.0,True,0.07537245750427246,3.0,0.06828714907169342,1.0
medium_none,neither,90069,False,False,,1.0,0.0,,0.0,70,world,True,settled,3.0,True,0.06600526720285416,3.0,0.04495736211538315,0.6
medium_none,neither,90070,False,False,,1.0,0.0,,0.0,76,world,True,settled,3.0,True,0.06845162063837051,3.0,0.07267040014266968,1.0
medium_none,neither,90071,False,False,,1.0,0.0,,0.0,77,world,True,settled,3.0,True,0.05730004981160164,3.0,0.06373892724514008,1.0
medium_none,neither,90072,False,False,,1.0,0.0,,0.0,70,world,True,settled,3.0,True,0.06813032925128937,3.0,0.06444859504699707,1.0
medium_none,neither,90073,False,False,,1.0,0.0,,0.0,80,world,True,settled,3.0,True,0.06797859817743301,3.0,0.06101743131875992,1.0
medium_none,neither,90074,False,False,,1.0,0.0,,0.0,67,world,True,settled,3.0,True,0.06542998552322388,3.0,0.06380940973758698,1.0
medium_none,neither,90075,False,False,,1.0,0.0,,0.0,71,world,True,settled,3.0,True,0.059462111443281174,3.0,0.0697186216711998,1.0
medium_none,neither,90076,False,False,,1.0,0.0,,0.0,75,world,True,settled,3.0,True,0.060734838247299194,3.0,0.0710396021604538,1.0
medium_none,neither,90077,False,False,,1.0,0.0,,0.0,63,world,True,settled,3.0,True,0.06779678165912628,3.0,0.06494046002626419,1.0
medium_none,neither,90078,False,False,,1.0,0.0,,0.0,63,world,True,settled,3.0,True,0.058570392429828644,3.0,0.07697470486164093,1.0
medium_none,neither,90079,False,False,,1.0,0.0,,0.0,64,world,True,settled,3.0,True,0.060420721769332886,3.0,0.06384989619255066,1.0
medium_none,neither,90080,False,False,,1.0,0.0,,0.0,78,world,True,settled,3.0,True,0.07707177847623825,3.0,0.06299924105405807,1.0
medium_none,neither,90081,False,False,,1.0,0.0,,0.0,79,world,True,settled,3.0,True,0.07338429987430573,3.0,0.06879346817731857,1.0
medium_none,neither,90082,False,False,,1.0,0.0,,0.0,76,world,True,settled,3.0,True,0.0633806362748146,3.0,0.07252717018127441,1.0
medium_none,neither,90083,False,False,,1.0,0.0,,0.0,74,world,True,settled,3.0,True,0.07097280770540237,3.0,0.06297311931848526,1.0
medium_none,neither,90084,False,False,,1.0,0.0,,0.0,73,world,True,settled,3.0,True,0.05962933972477913,3.0,0.07219687849283218,1.0
medium_none,neither,90085,False,False,,1.0,0.0,,0.0,72,world,True,settled,3.0,True,0.07427055388689041,3.0,0.060748983174562454,1.0
medium_none,neither,90086,False,False,,1.0,0.0,,0.0,63,world,True,settled,3.0,True,0.06719928979873657,3.0,0.06394688040018082,1.0
medium_none,neither,90087,False,False,,1.0,0.0,,0.0,66,world,True,settled,3.0,True,0.07476440072059631,3.0,0.06878694891929626,1.0
medium_none,neither,90088,False,False,,1.0,0.0,,0.0,75,world,True,settled,3.0,True,0.07247883826494217,3.0,0.07054756581783295,1.0
medium_none,neither,90089,False,False,,1.0,0.0,,0.0,62,world,True,settled,3.0,True,0.06905479729175568,3.0,0.06509632617235184,1.0
medium_none,neither,90090,False,False,,1.0,0.0,,0.0,68,world,True,settled,3.0,True,0.07259248197078705,3.0,0.06531040370464325,1.0
medium_none,neither,90091,False,False,,1.0,0.0,,0.0,77,world,True,settled,3.0,True,0.0566646084189415,3.0,0.059429727494716644,1.0
medium_none,neither,90092,False,False,,1.0,0.0,,0.0,68,world,True,settled,3.0,True,0.0681903138756752,3.0,0.0684392899274826,1.0
medium_none,neither,90093,False,False,,1.0,0.0,,0.0,64,world,True,settled,3.0,True,0.06950806081295013,3.0,0.06557655334472656,1.0
medium_none,neither,90094,False,False,,1.0,0.0,,0.0,69,world,True,settled,3.0,True,0.0691559910774231,3.0,0.07320228219032288,1.0
medium_none,neither,90095,False,False,,1.0,0.0,,0.0,61,world,True,settled,3.0,True,0.06924676895141602,3.0,0.05828766152262688,1.0
medium_none,neither,90096,False,False,,1.0,0.0,,0.0,62,world,True,settled,3.0,True,0.060063593089580536,3.0,0.06952521204948425,1.0
medium_none,neither,90097,False,False,,1.0,0.0,,0.0,61,world,True,settled,3.0,True,0.076184943318367,3.0,0.07440884411334991,1.0
medium_none,neither,90098,False,False,,1.0,0.0,,0.0,70,world,True,settled,3.0,True,0.06442253291606903,3.0,0.06480484455823898,1.0
medium_none,neither,90099,False,False,,1.0,0.0,,0.0,79,world,True,settled,3.0,True,0.06703382730484009,3.0,0.06566891074180603,1.0
medium_none,neither,90100,False,False,,1.0,0.0,,0.0,62,world,True,settled,3.0,True,0.06905122101306915,3.0,0.07028251141309738,1.0
medium_none,neither,90101,False,False,,1.0,0.0,,0.0,62,world,True,settled,3.0,True,0.05994497612118721,3.0,0.07413879036903381,1.0
medium_none,neither,90102,False,False,,1.0,0.0,,0.0,63,world,True,settled,3.0,True,0.06745702028274536,3.0,0.06780917942523956,1.0
medium_none,neither,90103,False,False,,1.0,0.0,,0.0,62,world,True,settled,3.0,True,0.06258197128772736,3.0,0.0670979768037796,1.0
medium_none,neither,90104,False,False,,1.0,0.0,,0.0,72,world,True,settled,3.0,True,0.06146371364593506,3.0,0.0681440681219101,1.0
medium_none,neither,90105,False,False,,1.0,0.0,,0.0,74,world,True,settled,3.0,True,0.058958858251571655,3.0,0.07768785208463669,1.0
medium_none,neither,90106,False,False,,1.0,0.0,,0.0,79,world,True,settled,3.0,True,0.06520172953605652,3.0,0.06085991859436035,1.0
medium_none,neither,90107,False,False,,1.0,0.0,,0.0,79,world,True,settled,3.0,True,0.08312086760997772,3.0,0.06616600602865219,1.0
medium_none,neither,90108,False,False,,1.0,0.0,,0.0,64,world,True,settled,3.0,True,0.06488685309886932,3.0,0.06398729979991913,1.0
medium_none,neither,90109,False,False,,1.0,0.0,,0.0,66,world,True,settled,3.0,True,0.057135604321956635,3.0,0.06731873005628586,1.0
medium_none,neither,90110,False,False,,1.0,0.0,,0.0,60,world,True,settled,3.0,True,0.05724930763244629,3.0,0.07048182189464569,1.0
medium_none,neither,90111,False,False,,1.0,0.0,,0.0,76,world,True,settled,3.0,True,0.07007136195898056,3.0,0.06063027307391167,1.0
medium_none,neither,90112,False,False,,1.0,0.0,,0.0,69,world,True,settled,3.0,True,0.07628586143255234,3.0,0.07432252913713455,1.0
medium_none,neither,90113,False,False,,1.0,0.0,,0.0,60,world,True,decayed,10.0,False,nan,nan,0.03504602983593941,0.4
medium_none,neither,90114,False,False,,1.0,0.0,,0.0,65,world,True,settled,3.0,True,0.05321290343999863,3.0,0.06766335666179657,1.0
medium_none,neither,90115,False,False,,1.0,0.0,,0.0,77,world,True,settled,3.0,True,0.07058817148208618,3.0,0.06668616086244583,1.0
medium_none,neither,90116,False,False,,1.0,0.0,,0.0,75,world,True,settled,3.0,True,0.06569378077983856,3.0,0.06195569038391113,1.0
medium_none,neither,90117,False,False,,1.0,0.0,,0.0,79,world,True,settled,3.0,True,0.0653119683265686,3.0,0.06708712875843048,1.0
medium_none,neither,90118,False,False,,1.0,0.0,,0.0,68,world,True,settled,3.0,True,0.08129991590976715,3.0,0.06536620110273361,1.0
medium_none,neither,90119,False,False,,1.0,0.0,,0.0,69,world,True,settled,3.0,True,0.06496032327413559,3.0,0.07143308222293854,1.0
medium_none,body_only,90120,True,False,m,1.5891995503048728,0.0,,0.0,74,world,False,decayed,10.0,False,nan,nan,0.016536083072423935,0.0
medium_none,body_only,90121,True,False,l,1.4812383451425903,0.0,,0.0,60,world,False,decayed,10.0,False,nan,nan,0.016653113067150116,0.0
medium_none,body_only,90122,True,False,m,1.577333311441059,0.0,,0.0,60,world,False,decayed,10.0,False,nan,nan,0.018045563250780106,0.0
medium_none,body_only,90123,True,False,l,1.2659873041674827,0.0,,0.0,78,world,False,decayed,10.0,False,nan,nan,0.016217615455389023,0.0
medium_none,body_only,90124,True,False,m,1.4143549642821072,0.0,,0.0,79,world,False,decayed,10.0,False,nan,nan,0.022082466632127762,0.0
medium_none,body_only,90125,True,False,l,1.4086180240535773,0.0,,0.0,63,world,False,decayed,10.0,False,nan,nan,0.01794932410120964,0.0
medium_none,body_only,90126,True,False,m,1.6448408546174003,0.0,,0.0,68,world,False,decayed,10.0,False,nan,nan,0.01695609837770462,0.0
medium_none,body_only,90127,True,False,l,1.4986137896780058,0.0,,0.0,61,world,False,decayed,10.0,False,nan,nan,0.015597661957144737,0.0
medium_none,body_only,90128,True,False,m,1.416558817025714,0.0,,0.0,64,world,False,decayed,10.0,False,nan,nan,0.018206052482128143,0.0
medium_none,body_only,90129,True,False,l,1.38378853736242,0.0,,0.0,68,world,False,decayed,10.0,False,nan,nan,0.017398247495293617,0.0
medium_none,body_only,90130,True,False,m,1.4756383192437175,0.0,,0.0,71,world,False,decayed,10.0,False,nan,nan,0.018377656117081642,0.0
medium_none,body_only,90131,True,False,l,1.3606013397692742,0.0,,0.0,80,world,False,decayed,10.0,False,nan,nan,0.016141213476657867,0.0
medium_none,body_only,90132,True,False,m,1.3052923183294922,0.0,,0.0,64,world,False,decayed,10.0,False,nan,nan,0.017115850001573563,0.0
medium_none,body_only,90133,True,False,l,1.3207448067237653,0.0,,0.0,67,world,False,decayed,10.0,False,nan,nan,0.01739383675158024,0.0
medium_none,body_only,90134,True,False,m,1.4561368550822151,0.0,,0.0,64,world,False,decayed,10.0,False,nan,nan,0.01658971607685089,0.0
medium_none,body_only,90135,True,False,l,1.4036352699808552,0.0,,0.0,79,world,False,decayed,10.0,False,nan,nan,0.017444033175706863,0.0
medium_none,body_only,90136,True,False,m,1.3752498406372067,0.0,,0.0,68,world,False,decayed,10.0,False,nan,nan,0.024948474019765854,0.0
medium_none,body_only,90137,True,False,l,1.3180944856558197,0.0,,0.0,66,world,False,decayed,10.0,False,nan,nan,0.01690807193517685,0.0
medium_none,body_only,90138,True,False,m,1.3737292058898571,0.0,,0.0,76,world,False,decayed,10.0,False,nan,nan,0.019441019743680954,0.0
medium_none,body_only,90139,True,False,l,1.2231365368057392,0.0,,0.0,78,world,False,decayed,10.0,False,nan,nan,0.017418140545487404,0.0
medium_none,body_only,90140,True,False,m,1.5903123576273737,0.0,,0.0,77,world,False,decayed,10.0,False,nan,nan,0.018051965162158012,0.0
medium_none,body_only,90141,True,False,l,1.3983126255738383,0.0,,0.0,68,world,False,decayed,10.0,False,nan,nan,0.015316654928028584,0.2
medium_none,body_only,90142,True,False,m,1.5588960124158446,0.0,,0.0,77,world,False,decayed,10.0,False,nan,nan,0.0187277402728796,0.0
medium_none,body_only,90143,True,False,l,1.3381767659159343,0.0,,0.0,76,world,False,decayed,10.0,False,nan,nan,0.016112180426716805,0.0
medium_none,body_only,90144,True,False,m,1.4340779419258376,0.0,,0.0,78,world,False,decayed,10.0,False,nan,nan,0.018758246675133705,0.0
medium_none,body_only,90145,True,False,l,1.3732457116762027,0.0,,0.0,79,world,False,decayed,10.0,False,nan,nan,0.017669666558504105,0.0
medium_none,body_only,90146,True,False,m,1.4659264726975494,0.0,,0.0,73,world,False,decayed,10.0,False,nan,nan,0.017472168430685997,0.0
medium_none,body_only,90147,True,False,l,1.3697174281168265,0.0,,0.0,61,world,False,decayed,10.0,False,nan,nan,0.01663191057741642,0.0
medium_none,body_only,90148,True,False,m,1.3038571531689942,0.0,,0.0,77,world,False,decayed,10.0,False,nan,nan,0.02302451804280281,0.0
medium_none,body_only,90149,True,False,l,1.2823864181574816,0.0,,0.0,69,world,False,decayed,10.0,False,nan,nan,0.017367620021104813,0.0
medium_none,body_only,90150,True,False,m,1.371260065573264,0.0,,0.0,77,world,False,decayed,10.0,False,nan,nan,0.023478461429476738,0.0
medium_none,body_only,90151,True,False,l,1.2751118713228489,0.0,,0.0,67,world,False,decayed,10.0,False,nan,nan,0.018372587859630585,0.0
medium_none,body_only,90152,True,False,m,1.3717293620024857,0.0,,0.0,77,world,False,decayed,10.0,False,nan,nan,0.018604826182127,0.0
medium_none,body_only,90153,True,False,l,1.3777582765834164,0.0,,0.0,63,world,False,decayed,10.0,False,nan,nan,0.01805075630545616,0.0
medium_none,body_only,90154,True,False,m,1.3240528558094946,0.0,,0.0,61,world,False,decayed,10.0,False,nan,nan,0.022006087005138397,0.0
medium_none,body_only,90155,True,False,l,1.2616156540457863,0.0,,0.0,75,world,False,decayed,10.0,False,nan,nan,0.015931617468595505,0.0
medium_none,body_only,90156,True,False,m,1.53054519222226,0.0,,0.0,80,world,False,decayed,10.0,False,nan,nan,0.01897961087524891,0.0
medium_none,body_only,90157,True,False,l,1.488929027680533,0.0,,0.0,67,world,False,decayed,10.0,False,nan,nan,0.017070291563868523,0.0
medium_none,body_only,90158,True,False,m,1.4010988441285952,0.0,,0.0,76,world,False,decayed,10.0,False,nan,nan,0.020544834434986115,0.0
medium_none,body_only,90159,True,False,l,1.3983826888544335,0.0,,0.0,76,world,False,decayed,10.0,False,nan,nan,0.01467121671885252,0.0
medium_none,body_only,90160,True,False,m,1.6346395142175347,0.0,,0.0,78,world,False,decayed,10.0,False,nan,nan,0.01854330115020275,0.0
medium_none,body_only,90161,True,False,l,1.4627355647267428,0.0,,0.0,75,world,False,decayed,10.0,False,nan,nan,0.017921756953001022,0.0
medium_none,body_only,90162,True,False,m,1.3110427449584228,0.0,,0.0,70,world,False,decayed,10.0,False,nan,nan,0.020377615466713905,0.0
medium_none,body_only,90163,True,False,l,1.4308898612160117,0.0,,0.0,78,world,False,decayed,10.0,False,nan,nan,0.014138559810817242,0.0
medium_none,body_only,90164,True,False,m,1.439856144676443,0.0,,0.0,68,world,False,decayed,10.0,False,nan,nan,0.020480623468756676,0.0
medium_none,body_only,90165,True,False,l,1.2997648895781109,0.0,,0.0,62,world,False,decayed,10.0,False,nan,nan,0.01904558762907982,0.0
medium_none,body_only,90166,True,False,m,1.679679815459025,0.0,,0.0,64,world,False,decayed,10.0,False,nan,nan,0.01759394444525242,0.0
medium_none,body_only,90167,True,False,l,1.3590101711106688,0.0,,0.0,72,world,False,decayed,10.0,False,nan,nan,0.01790059544146061,0.0
medium_none,body_only,90168,True,False,m,1.6457533914678304,0.0,,0.0,77,world,False,decayed,10.0,False,nan,nan,0.01740315929055214,0.0
medium_none,body_only,90169,True,False,l,1.372684860076075,0.0,,0.0,63,world,False,decayed,10.0,False,nan,nan,0.01731443963944912,0.0
medium_none,body_only,90170,True,False,m,1.5110806219967274,0.0,,0.0,77,world,False,decayed,10.0,False,nan,nan,0.021736888214945793,0.0
medium_none,body_only,90171,True,False,l,1.3393346079674444,0.0,,0.0,80,world,False,decayed,10.0,False,nan,nan,0.019452769309282303,0.0
medium_none,body_only,90172,True,False,m,1.5992541406103382,0.0,,0.0,69,world,False,decayed,10.0,False,nan,nan,0.017249856144189835,0.0
medium_none,body_only,90173,True,False,l,1.2909310796297793,0.0,,0.0,74,world,False,decayed,10.0,False,nan,nan,0.016708869487047195,0.0
medium_none,body_only,90174,True,False,m,1.4992846063269814,0.0,,0.0,60,world,False,decayed,10.0,False,nan,nan,0.01796012930572033,0.0
medium_none,body_only,90175,True,False,l,1.375063495490151,0.0,,0.0,67,world,False,decayed,10.0,False,nan,nan,0.01613721065223217,0.0
medium_none,body_only,90176,True,False,m,1.3570155774731387,0.0,,0.0,71,world,False,decayed,10.0,False,nan,nan,0.02096746489405632,0.0
medium_none,body_only,90177,True,False,l,1.2641200458110455,0.0,,0.0,62,world,False,decayed,10.0,False,nan,nan,0.016773905605077744,0.0
medium_none,body_only,90178,True,False,m,1.5240608064758356,0.0,,0.0,68,world,False,decayed,10.0,False,nan,nan,0.017592238262295723,0.0
medium_none,body_only,90179,True,False,l,1.4207768660969622,0.0,,0.0,63,world,False,decayed,10.0,False,nan,nan,0.01991152949631214,0.2
medium_none,body_only,90180,True,False,m,1.6834084531201725,0.0,,0.0,70,world,False,decayed,10.0,False,nan,nan,0.019390221685171127,0.0
medium_none,body_only,90181,True,False,l,1.3164236438723707,0.0,,0.0,75,world,False,settled,3.0,True,0.08232618868350983,3.0,0.032406531274318695,0.4
medium_none,body_only,90182,True,False,m,1.3450601064988406,0.0,,0.0,60,world,False,decayed,10.0,False,nan,nan,0.022084379568696022,0.0
medium_none,body_only,90183,True,False,l,1.3429357517410216,0.0,,0.0,67,world,False,decayed,10.0,False,nan,nan,0.018686790019273758,0.0
medium_none,body_only,90184,True,False,m,1.6568892806087865,0.0,,0.0,73,world,False,decayed,10.0,False,nan,nan,0.01878391206264496,0.0
medium_none,body_only,90185,True,False,l,1.43334245437914,0.0,,0.0,67,world,False,decayed,10.0,False,nan,nan,0.01768496260046959,0.0
medium_none,body_only,90186,True,False,m,1.6331529059433587,0.0,,0.0,70,world,False,decayed,10.0,False,nan,nan,0.018138892948627472,0.0
medium_none,body_only,90187,True,False,l,1.3141636302230804,0.0,,0.0,65,world,False,decayed,10.0,False,nan,nan,0.01932012289762497,0.0
medium_none,body_only,90188,True,False,m,1.68271261290117,0.0,,0.0,72,world,False,decayed,10.0,False,nan,nan,0.019280843436717987,0.0
medium_none,body_only,90189,True,False,l,1.2673551846296478,0.0,,0.0,69,world,False,decayed,10.0,False,nan,nan,0.02021545171737671,0.0
medium_none,body_only,90190,True,False,m,1.4616304439624153,0.0,,0.0,61,world,False,decayed,10.0,False,nan,nan,0.017236772924661636,0.0
medium_none,body_only,90191,True,False,l,1.3598610545526153,0.0,,0.0,75,world,False,decayed,10.0,False,nan,nan,0.01707920804619789,0.2
medium_none,body_only,90192,True,False,m,1.6394540644586693,0.0,,0.0,73,world,False,decayed,10.0,False,nan,nan,0.01628556288778782,0.0
medium_none,body_only,90193,True,False,l,1.2806965176607972,0.0,,0.0,79,world,False,decayed,10.0,False,nan,nan,0.017622504383325577,0.0
medium_none,body_only,90194,True,False,m,1.3882151295384004,0.0,,0.0,72,world,False,decayed,10.0,False,nan,nan,0.021315664052963257,0.0
medium_none,body_only,90195,True,False,l,1.4070168029723402,0.0,,0.0,68,world,False,decayed,10.0,False,nan,nan,0.015727946534752846,0.0
medium_none,body_only,90196,True,False,m,1.4747105385822876,0.0,,0.0,78,world,False,decayed,10.0,False,nan,nan,0.018792638555169106,0.0
medium_none,body_only,90197,True,False,l,1.3111555143573217,0.0,,0.0,62,world,False,decayed,10.0,False,nan,nan,0.01775575987994671,0.0
medium_none,body_only,90198,True,False,m,1.379640047296776,0.0,,0.0,79,world,False,decayed,10.0,False,nan,nan,0.02101428247988224,0.0
medium_none,body_only,90199,True,False,l,1.4868269255907973,0.0,,0.0,73,world,False,decayed,10.0,False,nan,nan,0.015759287402033806,0.0
medium_none,body_only,90200,True,False,m,1.568789452616487,0.0,,0.0,75,world,False,decayed,10.0,False,nan,nan,0.019714510068297386,0.0
medium_none,body_only,90201,True,False,l,1.237480856854104,0.0,,0.0,74,world,False,decayed,10.0,False,nan,nan,0.018938638269901276,0.0
medium_none,body_only,90202,True,False,m,1.589816924085751,0.0,,0.0,69,world,False,decayed,10.0,False,nan,nan,0.0156625434756279,0.0
medium_none,body_only,90203,True,False,l,1.2163108575505985,0.0,,0.0,68,world,False,settled,3.0,True,0.0727037787437439,3.0,0.09384766221046448,0.8
medium_none,body_only,90204,True,False,m,1.577624770964431,0.0,,0.0,61,world,False,decayed,10.0,False,nan,nan,0.02068999782204628,0.0
medium_none,body_only,90205,True,False,l,1.3675497082151145,0.0,,0.0,65,world,False,decayed,10.0,False,nan,nan,0.01696193590760231,0.0
medium_none,body_only,90206,True,False,m,1.5176465510618466,0.0,,0.0,74,world,False,decayed,10.0,False,nan,nan,0.018465716391801834,0.0
medium_none,body_only,90207,True,False,l,1.2488637580931352,0.0,,0.0,80,world,False,decayed,10.0,False,nan,nan,0.020007727667689323,0.0
medium_none,body_only,90208,True,False,m,1.4834364114696996,0.0,,0.0,66,world,False,decayed,10.0,False,nan,nan,0.01897813193500042,0.0
medium_none,body_only,90209,True,False,l,1.263629522578016,0.0,,0.0,60,world,False,decayed,10.0,False,nan,nan,0.017342422157526016,0.0
medium_none,body_only,90210,True,False,m,1.3346147837212192,0.0,,0.0,73,world,False,decayed,10.0,False,nan,nan,0.017766525968909264,0.0
medium_none,body_only,90211,True,False,l,1.30656153459059,0.0,,0.0,71,world,False,decayed,10.0,False,nan,nan,0.018560616299510002,0.0
medium_none,body_only,90212,True,False,m,1.6930851814175538,0.0,,0.0,60,world,False,decayed,10.0,False,nan,nan,0.01902102865278721,0.0
medium_none,body_only,90213,True,False,l,1.3559979569855254,0.0,,0.0,66,world,False,decayed,10.0,False,nan,nan,0.018125178292393684,0.0
medium_none,body_only,90214,True,False,m,1.3935857870234445,0.0,,0.0,60,world,False,decayed,10.0,False,nan,nan,0.020444780588150024,0.0
medium_none,body_only,90215,True,False,l,1.3131198647094737,0.0,,0.0,80,world,False,decayed,10.0,False,nan,nan,0.01722211018204689,0.0
medium_none,body_only,90216,True,False,m,1.681261135717984,0.0,,0.0,66,world,False,decayed,10.0,False,nan,nan,0.018449796363711357,0.0
medium_none,body_only,90217,True,False,l,1.413471960665546,0.0,,0.0,75,world,False,decayed,10.0,False,nan,nan,0.016110552474856377,0.0
medium_none,body_only,90218,True,False,m,1.584896311018346,0.0,,0.0,74,world,False,decayed,10.0,False,nan,nan,0.01856393925845623,0.0
medium_none,body_only,90219,True,False,l,1.3119810143159762,0.0,,0.0,70,world,False,decayed,10.0,False,nan,nan,0.017858175560832024,0.0
medium_none,body_only,90220,True,False,m,1.300500753923412,0.0,,0.0,65,world,False,decayed,10.0,False,nan,nan,0.019359305500984192,0.0
medium_none,body_only,90221,True,False,l,1.325946290087466,0.0,,0.0,69,world,False,decayed,10.0,False,nan,nan,0.01869256980717182,0.0
medium_none,body_only,90222,True,False,m,1.3799548422979533,0.0,,0.0,63,world,False,decayed,10.0,False,nan,nan,0.016698550432920456,0.2
medium_none,body_only,90223,True,False,l,1.2088747342560058,0.0,,0.0,66,world,False,decayed,10.0,False,nan,nan,0.019655948504805565,0.0
medium_none,body_only,90224,True,False,m,1.3689372681649405,0.0,,0.0,67,world,False,decayed,10.0,False,nan,nan,0.021528109908103943,0.0
medium_none,body_only,90225,True,False,l,1.4190999555086545,0.0,,0.0,76,world,False,decayed,10.0,False,nan,nan,0.014295728877186775,0.0
medium_none,body_only,90226,True,False,m,1.3666051873938825,0.0,,0.0,68,world,False,decayed,10.0,False,nan,nan,0.01800355687737465,0.0
medium_none,body_only,90227,True,False,l,1.2089853713110907,0.0,,0.0,76,world,False,decayed,10.0,False,nan,nan,0.018257878720760345,0.0
medium_none,body_only,90228,True,False,m,1.3941552835422104,0.0,,0.0,76,world,False,decayed,10.0,False,nan,nan,0.0224775243550539,0.0
medium_none,body_only,90229,True,False,l,1.4129882265602367,0.0,,0.0,60,world,False,decayed,10.0,False,nan,nan,0.01609768345952034,0.0
medium_none,body_only,90230,True,False,m,1.387380358400205,0.0,,0.0,62,world,False,decayed,10.0,False,nan,nan,0.02284238114953041,0.0
medium_none,body_only,90231,True,False,l,1.2736796593502162,0.0,,0.0,79,world,False,decayed,10.0,False,nan,nan,0.017430540174245834,0.0
medium_none,body_only,90232,True,False,m,1.3398772042708087,0.0,,0.0,65,world,False,decayed,10.0,False,nan,nan,0.018838001415133476,0.0
medium_none,body_only,90233,True,False,l,1.2151805568406018,0.0,,0.0,74,world,False,decayed,10.0,False,nan,nan,0.01705014891922474,0.0
medium_none,body_only,90234,True,False,m,1.412785576783788,0.0,,0.0,80,world,False,decayed,10.0,False,nan,nan,0.02003508247435093,0.0
medium_none,body_only,90235,True,False,l,1.4243033807217698,0.0,,0.0,60,world,False,decayed,10.0,False,nan,nan,0.01747748628258705,0.0
medium_none,body_only,90236,True,False,m,1.6997035312296203,0.0,,0.0,64,world,False,decayed,10.0,False,nan,nan,0.019430994987487793,0.0
medium_none,body_only,90237,True,False,l,1.376968432617344,0.0,,0.0,75,world,False,decayed,10.0,False,nan,nan,0.01641812175512314,0.0
medium_none,body_only,90238,True,False,m,1.5968317899030746,0.0,,0.0,62,world,False,decayed,10.0,False,nan,nan,0.017838452011346817,0.0
medium_none,body_only,90239,True,False,l,1.3434682340044826,0.0,,0.0,67,world,False,decayed,10.0,False,nan,nan,0.01744886301457882,0.0
medium_none,world_only,90240,False,True,,1.0,1.0,short,-0.05,59,world,True,settled,3.0,True,0.06592052429914474,3.0,0.06643269956111908,1.0
medium_none,world_only,90241,False,True,,1.0,1.0,medium,0.1,75,world,True,settled,3.0,True,0.0654960498213768,3.0,0.06679413467645645,1.0
medium_none,world_only,90242,False,True,,1.0,-2.0,short,0.2,69,world,True,decayed,10.0,False,nan,nan,0.023367224261164665,0.0
medium_none,world_only,90243,False,True,,1.0,2.0,medium,0.05,68,body,False,settled,3.1,True,0.099822998046875,3.1,0.06398870050907135,1.0
medium_none,world_only,90244,False,True,,1.0,-4.0,short,0.05,65,world,True,decayed,10.0,False,nan,nan,0.02644515596330166,0.0
medium_none,world_only,90245,False,True,,1.0,4.0,medium,0.25,65,world,True,decayed,10.0,False,nan,nan,0.02643662691116333,0.0
medium_none,world_only,90246,False,True,,1.0,-1.0,short,0.1,75,world,True,settled,3.0,True,0.06481949985027313,3.0,0.06216878816485405,1.0
medium_none,world_only,90247,False,True,,1.0,-1.0,medium,-0.15000000000000002,77,world,True,decayed,10.0,False,nan,nan,0.027679089456796646,0.0
medium_none,world_only,90248,False,True,,1.0,-2.0,short,0.15000000000000002,70,world,True,decayed,10.0,False,nan,nan,0.02625504694879055,0.0
medium_none,world_only,90249,False,True,,1.0,2.0,medium,-0.25,60,world,True,settled,3.0500000000000003,True,0.07048910856246948,3.0500000000000003,0.06537936627864838,1.0
medium_none,world_only,90250,False,True,,1.0,4.0,short,0.05,68,world,True,settled,3.3000000000000003,True,0.06776164472103119,3.3000000000000003,0.06553389877080917,1.0
medium_none,world_only,90251,False,True,,1.0,-4.0,medium,0.15000000000000002,77,world,True,decayed,10.0,False,nan,nan,0.023012280464172363,0.0
medium_none,world_only,90252,False,True,,1.0,-1.0,short,-0.05,78,world,True,decayed,10.0,False,nan,nan,0.03958924859762192,0.4
medium_none,world_only,90253,False,True,,1.0,1.0,medium,-0.05,60,world,True,settled,3.0,True,0.0675879642367363,3.0,0.06791806221008301,1.0
medium_none,world_only,90254,False,True,,1.0,2.0,short,0.1,75,world,True,settled,3.0,True,0.06558507680892944,3.0,0.06042031571269035,1.0
medium_none,world_only,90255,False,True,,1.0,2.0,medium,0.25,70,world,True,settled,3.0500000000000003,True,0.06858661025762558,3.0500000000000003,0.06536597013473511,1.0
medium_none,world_only,90256,False,True,,1.0,-4.0,short,-0.2,70,world,True,decayed,10.0,False,nan,nan,0.025195851922035217,0.0
medium_none,world_only,90257,False,True,,1.0,-4.0,medium,-0.05,64,world,True,decayed,10.0,False,nan,nan,0.02683231234550476,0.0
medium_none,world_only,90258,False,True,,1.0,-1.0,short,0.25,67,world,True,settled,3.0,True,0.07683533430099487,3.0,0.07032059133052826,1.0
medium_none,world_only,90259,False,True,,1.0,1.0,medium,-0.25,71,world,True,settled,3.0,True,0.05726710706949234,3.0,0.06623859703540802,1.0
medium_none,world_only,90260,False,True,,1.0,-2.0,short,-0.05,78,world,True,decayed,10.0,False,nan,nan,0.028847645968198776,0.0
medium_none,world_only,90261,False,True,,1.0,-2.0,medium,0.15000000000000002,76,alarm,False,persistent,10.0,False,nan,nan,0.051517266780138016,1.0
medium_none,world_only,90262,False,True,,1.0,-4.0,short,0.1,68,world,True,decayed,10.0,False,nan,nan,0.02631271257996559,0.0
medium_none,world_only,90263,False,True,,1.0,-4.0,medium,-0.15000000000000002,76,world,True,decayed,10.0,False,nan,nan,0.029421215876936913,0.0
medium_none,world_only,90264,False,True,,1.0,1.0,short,-0.15000000000000002,76,world,True,settled,3.0,True,0.07269233465194702,3.0,0.07464490830898285,1.0
medium_none,world_only,90265,False,True,,1.0,1.0,medium,-0.05,73,world,True,settled,3.0,True,0.057460516691207886,3.0,0.06592437624931335,1.0
medium_none,world_only,90266,False,True,,1.0,2.0,short,0.1,80,world,True,settled,3.0,True,0.059400737285614014,3.0,0.07238645851612091,1.0
medium_none,world_only,90267,False,True,,1.0,2.0,medium,-0.05,73,world,True,settled,3.0500000000000003,True,0.07232336699962616,3.0500000000000003,0.06698117405176163,1.0
medium_none,world_only,90268,False,True,,1.0,-4.0,short,-0.1,69,world,True,decayed,10.0,False,nan,nan,0.033703602850437164,0.2
medium_none,world_only,90269,False,True,,1.0,4.0,medium,0.0,74,world,True,decayed,10.0,False,nan,nan,0.023876316845417023,0.0
medium_none,world_only,90270,False,True,,1.0,-1.0,short,0.1,81,world,True,settled,3.0,True,0.07385244965553284,3.0,0.05982161685824394,1.0
medium_none,world_only,90271,False,True,,1.0,1.0,medium,-0.15000000000000002,77,world,True,settled,3.0,True,0.07441210001707077,3.0,0.06884274631738663,1.0
medium_none,world_only,90272,False,True,,1.0,-2.0,short,-0.2,58,world,True,decayed,10.0,False,nan,nan,0.026545744389295578,0.0
medium_none,world_only,90273,False,True,,1.0,2.0,medium,-0.2,71,world,True,settled,3.1,True,0.08671331405639648,3.1,0.06629501283168793,1.0
medium_none,world_only,90274,False,True,,1.0,4.0,short,-0.15000000000000002,60,world,True,settled,3.0,True,0.06208654120564461,3.0,0.0688561350107193,1.0
medium_none,world_only,90275,False,True,,1.0,4.0,medium,0.2,76,world,True,decayed,10.0,False,nan,nan,0.025579819455742836,0.0
medium_none,world_only,90276,False,True,,1.0,1.0,short,-0.1,69,world,True,settled,3.0,True,0.06641500443220139,3.0,0.0637262761592865,1.0
medium_none,world_only,90277,False,True,,1.0,-1.0,medium,0.25,75,alarm,False,persistent,10.0,False,nan,nan,0.050764866173267365,1.0
medium_none,world_only,90278,False,True,,1.0,2.0,short,0.2,64,world,True,settled,3.0,True,0.06714187562465668,3.0,0.06459886580705643,1.0
medium_none,world_only,90279,False,True,,1.0,-2.0,medium,-0.15000000000000002,63,world,True,decayed,10.0,False,nan,nan,0.02967878058552742,0.0
medium_none,world_only,90280,False,True,,1.0,4.0,short,0.2,77,world,True,settled,3.0,True,0.07571661472320557,3.0,0.05974825471639633,1.0
medium_none,world_only,90281,False,True,,1.0,4.0,medium,0.1,77,world,True,decayed,10.0,False,nan,nan,0.02442958578467369,0.0
medium_none,world_only,90282,False,True,,1.0,1.0,short,0.15000000000000002,68,world,True,settled,3.0,True,0.06262482702732086,3.0,0.06711627542972565,1.0
medium_none,world_only,90283,False,True,,1.0,-1.0,medium,-0.05,74,world,True,decayed,10.0,False,nan,nan,0.02734537422657013,0.2
medium_none,world_only,90284,False,True,,1.0,2.0,short,-0.2,72,world,True,settled,3.0,True,0.06345239281654358,3.0,0.06790383160114288,1.0
medium_none,world_only,90285,False,True,,1.0,-2.0,medium,-0.2,73,world,True,decayed,10.0,False,nan,nan,0.040887393057346344,0.6
medium_none,world_only,90286,False,True,,1.0,4.0,short,-0.1,67,world,True,settled,3.3000000000000003,True,0.06567375361919403,3.3000000000000003,0.061608534306287766,1.0
medium_none,world_only,90287,False,True,,1.0,4.0,medium,0.2,79,world,True,decayed,10.0,False,nan,nan,0.027338126674294472,0.0
medium_none,world_only,90288,False,True,,1.0,-1.0,short,-0.05,78,world,True,settled,3.0,True,0.06234772130846977,3.0,0.06543786823749542,1.0
medium_none,world_only,90289,False,True,,1.0,1.0,medium,-0.05,64,world,True,settled,3.0,True,0.09138735383749008,3.0,0.07168643176555634,1.0
medium_none,world_only,90290,False,True,,1.0,2.0,short,0.1,66,world,True,settled,3.0,True,0.06997030973434448,3.0,0.0727960467338562,1.0
medium_none,world_only,90291,False,True,,1.0,-2.0,medium,0.15000000000000002,75,world,True,decayed,10.0,False,nan,nan,0.03537231311202049,0.4
medium_none,world_only,90292,False,True,,1.0,-4.0,short,0.1,74,alarm,False,persistent,10.0,False,nan,nan,0.0490570142865181,0.8
medium_none,world_only,90293,False,True,,1.0,4.0,medium,0.1,69,world,True,decayed,10.0,False,nan,nan,0.027412274852395058,0.0
medium_none,world_only,90294,False,True,,1.0,-1.0,short,-0.1,70,world,True,settled,3.0,True,0.06743671000003815,3.0,0.046795617789030075,0.8
medium_none,world_only,90295,False,True,,1.0,1.0,medium,0.2,64,world,True,settled,3.0,True,0.07069438695907593,3.0,0.06557507067918777,1.0
medium_none,world_only,90296,False,True,,1.0,-2.0,short,0.25,84,world,True,decayed,10.0,False,nan,nan,0.032427363097667694,0.4
medium_none,world_only,90297,False,True,,1.0,2.0,medium,-0.05,62,world,True,settled,3.1,True,0.06506413221359253,3.1,0.06823422759771347,1.0
medium_none,world_only,90298,False,True,,1.0,4.0,short,0.05,62,world,True,settled,3.0,True,0.06418476998806,3.0,0.06688794493675232,1.0
medium_none,world_only,90299,False,True,,1.0,-4.0,medium,0.05,67,world,True,decayed,10.0,False,nan,nan,0.027626553550362587,0.0
medium_none,world_only,90300,False,True,,1.0,-1.0,short,-0.15000000000000002,67,world,True,settled,3.0,True,0.05702860280871391,3.0,0.0674627274274826,1.0
medium_none,world_only,90301,False,True,,1.0,-1.0,medium,-0.25,72,world,True,decayed,10.0,False,nan,nan,0.032530706375837326,0.2
medium_none,world_only,90302,False,True,,1.0,-2.0,short,0.2,78,world,True,decayed,10.0,False,nan,nan,0.024072078987956047,0.0
medium_none,world_only,90303,False,True,,1.0,2.0,medium,-0.15000000000000002,59,world,True,settled,3.0500000000000003,True,0.0737907737493515,3.0500000000000003,0.06871653348207474,1.0
medium_none,world_only,90304,False,True,,1.0,4.0,short,0.05,80,world,True,settled,3.0,True,0.07066819816827774,3.0,0.07239296287298203,1.0
medium_none,world_only,90305,False,True,,1.0,-4.0,medium,-0.25,73,world,True,decayed,10.0,False,nan,nan,0.026296094059944153,0.0
medium_none,world_only,90306,False,True,,1.0,1.0,short,-0.15000000000000002,64,world,True,settled,3.0,True,0.06812277436256409,3.0,0.06504964828491211,1.0
medium_none,world_only,90307,False,True,,1.0,1.0,medium,-0.05,72,world,True,settled,3.0,True,0.0663624182343483,3.0,0.0659867376089096,1.0
medium_none,world_only,90308,False,True,,1.0,-2.0,short,-0.25,62,world,True,decayed,10.0,False,nan,nan,0.02603248320519924,0.0
medium_none,world_only,90309,False,True,,1.0,2.0,medium,0.25,65,world,True,settled,3.0500000000000003,True,0.07721652090549469,3.0500000000000003,0.06407856196165085,1.0
medium_none,world_only,90310,False,True,,1.0,4.0,short,0.15000000000000002,70,world,True,settled,3.6,True,0.08882427215576172,3.6,0.06500184535980225,1.0
medium_none,world_only,90311,False,True,,1.0,-4.0,medium,-0.05,66,world,True,decayed,10.0,False,nan,nan,0.027068207040429115,0.0
medium_none,world_only,90312,False,True,,1.0,1.0,short,0.2,69,world,True,settled,3.0,True,0.06285135447978973,3.0,0.06503583490848541,1.0
medium_none,world_only,90313,False,True,,1.0,-1.0,medium,-0.2,66,world,True,decayed,10.0,False,nan,nan,0.025207161903381348,0.0
medium_none,world_only,90314,False,True,,1.0,2.0,short,-0.05,66,world,True,settled,3.0,True,0.059567440301179886,3.0,0.06922701746225357,1.0
medium_none,world_only,90315,False,True,,1.0,2.0,medium,0.0,65,world,True,settled,3.0500000000000003,True,0.07699911296367645,3.0500000000000003,0.06625507771968842,1.0
medium_none,world_only,90316,False,True,,1.0,4.0,short,-0.05,63,world,True,settled,3.0,True,0.06715265661478043,3.0,0.06690315902233124,1.0
medium_none,world_only,90317,False,True,,1.0,4.0,medium,0.25,84,world,True,decayed,10.0,False,nan,nan,0.023321527987718582,0.0
medium_none,world_only,90318,False,True,,1.0,-1.0,short,0.1,75,world,True,settled,3.0,True,0.06380561739206314,3.0,0.06793231517076492,1.0
medium_none,world_only,90319,False,True,,1.0,1.0,medium,-0.25,65,world,True,settled,3.0,True,0.06259462982416153,3.0,0.07174309343099594,1.0
medium_none,world_only,90320,False,True,,1.0,2.0,short,0.25,76,world,True,settled,3.0,True,0.056683383882045746,3.0,0.0629461258649826,1.0
medium_none,world_only,90321,False,True,,1.0,2.0,medium,-0.15000000000000002,57,world,True,settled,3.0500000000000003,True,0.09037432074546814,3.0500000000000003,0.06790358573198318,1.0
medium_none,world_only,90322,False,True,,1.0,4.0,short,-0.1,74,world,True,settled,3.0,True,0.07733847200870514,3.0,0.05075415223836899,1.0
medium_none,world_only,90323,False,True,,1.0,-4.0,medium,-0.05,75,world,True,decayed,10.0,False,nan,nan,0.024661792442202568,0.0
medium_none,world_only,90324,False,True,,1.0,1.0,short,-0.05,72,alarm,False,persistent,10.0,False,nan,nan,0.043173082172870636,0.8
medium_none,world_only,90325,False,True,,1.0,1.0,medium,0.05,80,world,True,settled,3.0,True,0.06704660505056381,3.0,0.06634276360273361,1.0
medium_none,world_only,90326,False,True,,1.0,2.0,short,0.1,73,world,True,settled,3.0,True,0.0651358813047409,3.0,0.06310030072927475,1.0
medium_none,world_only,90327,False,True,,1.0,-2.0,medium,0.25,78,world,True,decayed,10.0,False,nan,nan,0.024807680398225784,0.0
medium_none,world_only,90328,False,True,,1.0,-4.0,short,0.15000000000000002,74,world,True,decayed,10.0,False,nan,nan,0.0308673232793808,0.0
medium_none,world_only,90329,False,True,,1.0,4.0,medium,0.15000000000000002,75,world,True,decayed,10.0,False,nan,nan,0.0271423552185297,0.0
medium_none,world_only,90330,False,True,,1.0,1.0,short,0.1,82,world,True,settled,3.0,True,0.062300801277160645,3.0,0.058245278894901276,1.0
medium_none,world_only,90331,False,True,,1.0,1.0,medium,-0.05,61,world,True,settled,3.0,True,0.07245083153247833,3.0,0.06271440535783768,1.0
medium_none,world_only,90332,False,True,,1.0,-2.0,short,-0.1,70,world,True,decayed,10.0,False,nan,nan,0.03435885161161423,0.4
medium_none,world_only,90333,False,True,,1.0,2.0,medium,0.1,72,world,True,settled,3.0500000000000003,True,0.0793062150478363,3.0500000000000003,0.0638439953327179,1.0
medium_none,world_only,90334,False,True,,1.0,4.0,short,0.05,61,world,True,settled,3.0,True,0.08587781339883804,3.0,0.06656868755817413,1.0
medium_none,world_only,90335,False,True,,1.0,-4.0,medium,0.1,77,world,True,decayed,10.0,False,nan,nan,0.0226560328155756,0.0
medium_none,world_only,90336,False,True,,1.0,-1.0,short,-0.15000000000000002,76,world,True,settled,4.3,True,0.05337321758270264,4.3,0.07249942421913147,1.0
medium_none,world_only,90337,False,True,,1.0,1.0,medium,-0.25,60,world,True,settled,3.0,True,0.06613914668560028,3.0,0.06664588302373886,1.0
medium_none,world_only,90338,False,True,,1.0,2.0,short,-0.1,58,world,True,settled,3.0,True,0.06296203285455704,3.0,0.06968887150287628,1.0
medium_none,world_only,90339,False,True,,1.0,2.0,medium,-0.05,61,world,True,settled,3.0500000000000003,True,0.06615827977657318,3.0500000000000003,0.06331754475831985,1.0
medium_none,world_only,90340,False,True,,1.0,4.0,short,-0.2,57,world,True,settled,3.0,True,0.05783744901418686,3.0,0.06836459785699844,1.0
medium_none,world_only,90341,False,True,,1.0,4.0,medium,0.15000000000000002,71,world,True,decayed,10.0,False,nan,nan,0.027462879195809364,0.0
medium_none,world_only,90342,False,True,,1.0,1.0,short,-0.2,69,world,True,settled,3.0,True,0.05650864914059639,3.0,0.06952086836099625,1.0
medium_none,world_only,90343,False,True,,1.0,1.0,medium,-0.1,70,world,True,settled,3.0,True,0.058529388159513474,3.0,0.07352466881275177,1.0
medium_none,world_only,90344,False,True,,1.0,2.0,short,0.2,65,world,True,settled,3.0,True,0.06485110521316528,3.0,0.073396235704422,1.0
medium_none,world_only,90345,False,True,,1.0,-2.0,medium,0.0,75,world,True,decayed,10.0,False,nan,nan,0.029914412647485733,0.0
medium_none,world_only,90346,False,True,,1.0,4.0,short,-0.2,59,world,True,settled,3.0,True,0.07472061365842819,3.0,0.06365744769573212,1.0
medium_none,world_only,90347,False,True,,1.0,-4.0,medium,-0.2,63,world,True,decayed,10.0,False,nan,nan,0.023849887773394585,0.0
medium_none,world_only,90348,False,True,,1.0,-1.0,short,0.25,77,world,True,decayed,10.0,False,nan,nan,0.040547486394643784,0.6
medium_none,world_only,90349,False,True,,1.0,1.0,medium,0.05,63,world,True,settled,3.0,True,0.06861577183008194,3.0,0.06350009143352509,1.0
medium_none,world_only,90350,False,True,,1.0,-2.0,short,0.05,79,world,True,decayed,10.0,False,nan,nan,0.03432408720254898,0.0
medium_none,world_only,90351,False,True,,1.0,2.0,medium,0.25,75,world,True,settled,3.0500000000000003,True,0.0634177178144455,3.0500000000000003,0.05770086124539375,1.0
medium_none,world_only,90352,False,True,,1.0,-4.0,short,0.2,76,world,True,decayed,10.0,False,nan,nan,0.02524689771234989,0.0
medium_none,world_only,90353,False,True,,1.0,-4.0,medium,-0.05,65,world,True,decayed,10.0,False,nan,nan,0.02519259974360466,0.0
medium_none,world_only,90354,False,True,,1.0,-1.0,short,-0.25,72,world,True,decayed,10.0,False,nan,nan,0.043912313878536224,0.6
medium_none,world_only,90355,False,True,,1.0,1.0,medium,0.0,71,world,True,settled,3.0,True,0.061151087284088135,3.0,0.07309190183877945,1.0
medium_none,world_only,90356,False,True,,1.0,2.0,short,0.2,78,world,True,settled,3.0,True,0.060102201998233795,3.0,0.06883876025676727,1.0
medium_none,world_only,90357,False,True,,1.0,-2.0,medium,-0.1,69,world,True,decayed,10.0,False,nan,nan,0.028758984059095383,0.0
medium_none,world_only,90358,False,True,,1.0,4.0,short,-0.15000000000000002,74,world,True,settled,3.0,True,0.07131955772638321,3.0,0.06964655965566635,1.0
medium_none,world_only,90359,False,True,,1.0,-4.0,medium,-0.2,57,world,True,decayed,10.0,False,nan,nan,0.026057476177811623,0.0
medium_none,body_world,90360,True,True,m,1.436507707360915,1.0,short,-0.15000000000000002,74,world,False,decayed,10.0,False,nan,nan,0.020342810079455376,0.0
medium_none,body_world,90361,True,True,l,1.4256287739373548,-1.0,medium,-0.25,60,world,False,decayed,10.0,False,nan,nan,0.017245108261704445,0.0
medium_none,body_world,90362,True,True,m,1.4329806398316671,-2.0,short,0.2,74,world,False,decayed,10.0,False,nan,nan,0.021880939602851868,0.0
medium_none,body_world,90363,True,True,l,1.210563351806276,-2.0,medium,-0.15000000000000002,77,world,False,decayed,10.0,False,nan,nan,0.01634262688457966,0.0
medium_none,body_world,90364,True,True,m,1.372696280105733,-4.0,short,-0.15000000000000002,58,world,False,decayed,10.0,False,nan,nan,0.01983179710805416,0.0
medium_none,body_world,90365,True,True,l,1.2749895656307437,-4.0,medium,-0.2,74,world,False,decayed,10.0,False,nan,nan,0.0175686776638031,0.0
medium_none,body_world,90366,True,True,m,1.3066897985826524,-1.0,short,-0.15000000000000002,69,world,False,decayed,10.0,False,nan,nan,0.02252182550728321,0.0
medium_none,body_world,90367,True,True,l,1.3576619828175316,1.0,medium,0.15000000000000002,62,world,False,decayed,10.0,False,nan,nan,0.028314808383584023,0.4
medium_none,body_world,90368,True,True,m,1.4143053583788585,2.0,short,0.05,60,world,False,decayed,10.0,False,nan,nan,0.02149159274995327,0.0
medium_none,body_world,90369,True,True,l,1.3743712386074276,-2.0,medium,0.1,67,world,False,decayed,10.0,False,nan,nan,0.015425695106387138,0.0
medium_none,body_world,90370,True,True,m,1.5116611087725051,4.0,short,-0.25,61,world,False,decayed,10.0,False,nan,nan,0.0200080256909132,0.2
medium_none,body_world,90371,True,True,l,1.462891218935012,4.0,medium,0.2,69,world,False,decayed,10.0,False,nan,nan,0.015671059489250183,0.0
medium_none,body_world,90372,True,True,m,1.6331779731038802,-1.0,short,-0.1,65,world,False,decayed,10.0,False,nan,nan,0.019793685525655746,0.0
medium_none,body_world,90373,True,True,l,1.2018022497580947,-1.0,medium,0.1,66,world,False,decayed,10.0,False,nan,nan,0.01867618039250374,0.0
medium_none,body_world,90374,True,True,m,1.3280228263513763,-2.0,short,0.1,73,world,False,decayed,10.0,False,nan,nan,0.021233145147562027,0.0
medium_none,body_world,90375,True,True,l,1.308876304017658,2.0,medium,-0.25,65,world,False,decayed,10.0,False,nan,nan,0.018474366515874863,0.0
medium_none,body_world,90376,True,True,m,1.5016949779873145,4.0,short,0.2,70,world,False,decayed,10.0,False,nan,nan,0.024691687896847725,0.2
medium_none,body_world,90377,True,True,l,1.2414565409093206,-4.0,medium,0.25,66,world,False,decayed,10.0,False,nan,nan,0.01907796785235405,0.0
medium_none,body_world,90378,True,True,m,1.4238236120964585,1.0,short,0.25,66,world,False,decayed,10.0,False,nan,nan,0.019166044890880585,0.0
medium_none,body_world,90379,True,True,l,1.2836548774066676,-1.0,medium,-0.25,64,world,False,decayed,10.0,False,nan,nan,0.018055450171232224,0.0
medium_none,body_world,90380,True,True,m,1.3621236417497946,2.0,short,0.2,70,world,False,decayed,10.0,False,nan,nan,0.02139773964881897,0.0
medium_none,body_world,90381,True,True,l,1.3983378082528164,-2.0,medium,-0.2,74,world,False,decayed,10.0,False,nan,nan,0.017402227967977524,0.0
medium_none,body_world,90382,True,True,m,1.3509200717074077,-4.0,short,-0.2,74,world,False,decayed,10.0,False,nan,nan,0.020528439432382584,0.0
medium_none,body_world,90383,True,True,l,1.2311925915846564,4.0,medium,-0.2,58,world,False,decayed,10.0,False,nan,nan,0.020634222775697708,0.0
medium_none,body_world,90384,True,True,m,1.524037917146982,-1.0,short,0.25,63,world,False,decayed,10.0,False,nan,nan,0.01708878017961979,0.0
medium_none,body_world,90385,True,True,l,1.3531822605860213,1.0,medium,-0.2,58,world,False,decayed,10.0,False,nan,nan,0.01737852580845356,0.0
medium_none,body_world,90386,True,True,m,1.3095845696334245,2.0,short,0.1,61,world,False,decayed,10.0,False,nan,nan,0.020960934460163116,0.0
medium_none,body_world,90387,True,True,l,1.3723802328668413,-2.0,medium,-0.2,61,world,False,decayed,10.0,False,nan,nan,0.01388192642480135,0.0
medium_none,body_world,90388,True,True,m,1.6369604542264304,4.0,short,0.25,64,world,False,decayed,10.0,False,nan,nan,0.017222195863723755,0.0
medium_none,body_world,90389,True,True,l,1.4434986184388112,4.0,medium,0.1,68,world,False,decayed,10.0,False,nan,nan,0.015795068815350533,0.0
medium_none,body_world,90390,True,True,m,1.628686273513856,1.0,short,-0.25,63,world,False,decayed,10.0,False,nan,nan,0.01880759187042713,0.0
medium_none,body_world,90391,True,True,l,1.4997252692437577,-1.0,medium,-0.25,60,world,False,decayed,10.0,False,nan,nan,0.015695050358772278,0.0
medium_none,body_world,90392,True,True,m,1.4793682183432437,2.0,short,-0.2,56,world,False,decayed,10.0,False,nan,nan,0.017729822546243668,0.0
medium_none,body_world,90393,True,True,l,1.373838534697687,-2.0,medium,0.2,80,world,False,decayed,10.0,False,nan,nan,0.017074350267648697,0.0
medium_none,body_world,90394,True,True,m,1.374879786515465,4.0,short,-0.2,58,world,False,decayed,10.0,False,nan,nan,0.018046395853161812,0.0
medium_none,body_world,90395,True,True,l,1.2278138310881848,-4.0,medium,-0.2,72,world,False,decayed,10.0,False,nan,nan,0.018591338768601418,0.0
medium_none,body_world,90396,True,True,m,1.5997246997728216,1.0,short,-0.15000000000000002,76,world,False,decayed,10.0,False,nan,nan,0.019528603181242943,0.0
medium_none,body_world,90397,True,True,l,1.2083810902658325,1.0,medium,0.15000000000000002,74,world,False,decayed,10.0,False,nan,nan,0.018444685265421867,0.2
medium_none,body_world,90398,True,True,m,1.605681322392905,2.0,short,-0.05,61,world,False,decayed,10.0,False,nan,nan,0.0196488369256258,0.0
medium_none,body_world,90399,True,True,l,1.216354811034764,-2.0,medium,-0.25,60,world,False,decayed,10.0,False,nan,nan,0.01699734665453434,0.0
medium_none,body_world,90400,True,True,m,1.3999353886758357,4.0,short,-0.05,71,world,False,decayed,10.0,False,nan,nan,0.022355234250426292,0.2
medium_none,body_world,90401,True,True,l,1.3909618610188579,-4.0,medium,0.2,64,world,False,decayed,10.0,False,nan,nan,0.01720963604748249,0.0
medium_none,body_world,90402,True,True,m,1.4765881692612393,-1.0,short,-0.15000000000000002,72,world,False,decayed,10.0,False,nan,nan,0.019091177731752396,0.0
medium_none,body_world,90403,True,True,l,1.2287348099119875,1.0,medium,-0.1,60,world,False,settled,3.0,True,0.08405600488185883,3.0,0.020972635596990585,0.2
medium_none,body_world,90404,True,True,m,1.5959684874168683,-2.0,short,-0.2,61,world,False,decayed,10.0,False,nan,nan,0.018098073080182076,0.0
medium_none,body_world,90405,True,True,l,1.4263406910614387,-2.0,medium,-0.15000000000000002,77,world,False,decayed,10.0,False,nan,nan,0.015173465013504028,0.0
medium_none,body_world,90406,True,True,m,1.5761825745829299,-4.0,short,0.25,68,world,False,decayed,10.0,False,nan,nan,0.01983625814318657,0.0
medium_none,body_world,90407,True,True,l,1.3075505965528191,-4.0,medium,0.25,60,world,False,decayed,10.0,False,nan,nan,0.018298741430044174,0.0
medium_none,body_world,90408,True,True,m,1.5508532757037867,1.0,short,-0.25,74,world,False,decayed,10.0,False,nan,nan,0.016368988901376724,0.0
medium_none,body_world,90409,True,True,l,1.386472676208235,1.0,medium,0.05,62,world,False,decayed,10.0,False,nan,nan,0.023960288614034653,0.4
medium_none,body_world,90410,True,True,m,1.305798982810204,2.0,short,0.0,73,world,False,decayed,10.0,False,nan,nan,0.01829875260591507,0.0
medium_none,body_world,90411,True,True,l,1.201605261104429,-2.0,medium,0.15000000000000002,64,world,False,decayed,10.0,False,nan,nan,0.01801581121981144,0.0
medium_none,body_world,90412,True,True,m,1.6785527327767333,-4.0,short,-0.2,66,world,False,decayed,10.0,False,nan,nan,0.01660502701997757,0.0
medium_none,body_world,90413,True,True,l,1.497413653722908,4.0,medium,-0.05,68,world,False,decayed,10.0,False,nan,nan,0.014732897281646729,0.0
medium_none,body_world,90414,True,True,m,1.6384059842206313,-1.0,short,-0.1,67,world,False,decayed,10.0,False,nan,nan,0.017236877232789993,0.0
medium_none,body_world,90415,True,True,l,1.4445958942354706,1.0,medium,-0.15000000000000002,61,world,False,decayed,10.0,False,nan,nan,0.01725142076611519,0.2
medium_none,body_world,90416,True,True,m,1.4228738912776615,-2.0,short,-0.05,70,world,False,decayed,10.0,False,nan,nan,0.020994650200009346,0.0
medium_none,body_world,90417,True,True,l,1.412003609654068,-2.0,medium,-0.15000000000000002,63,world,False,decayed,10.0,False,nan,nan,0.017595557495951653,0.0
medium_none,body_world,90418,True,True,m,1.6633408277228265,4.0,short,0.25,65,world,False,decayed,10.0,False,nan,nan,0.01770924963057041,0.0
medium_none,body_world,90419,True,True,l,1.4868039659450991,-4.0,medium,0.25,75,world,False,decayed,10.0,False,nan,nan,0.014220806770026684,0.0
medium_none,body_world,90420,True,True,m,1.5449902128447706,1.0,short,-0.05,63,world,False,decayed,10.0,False,nan,nan,0.0193056408315897,0.0
medium_none,body_world,90421,True,True,l,1.3429074718778478,1.0,medium,-0.05,68,world,False,decayed,10.0,False,nan,nan,0.018255585804581642,0.0
medium_none,body_world,90422,True,True,m,1.4859152920245902,2.0,short,-0.2,56,world,False,decayed,10.0,False,nan,nan,0.021310841664671898,0.0
medium_none,body_world,90423,True,True,l,1.4537628318674107,-2.0,medium,0.0,61,world,False,decayed,10.0,False,nan,nan,0.016800198704004288,0.0
medium_none,body_world,90424,True,True,m,1.5039422662674549,-4.0,short,-0.2,72,world,False,decayed,10.0,False,nan,nan,0.018511531874537468,0.0
medium_none,body_world,90425,True,True,l,1.484051795950852,4.0,medium,0.0,66,world,False,decayed,10.0,False,nan,nan,0.015941331163048744,0.0
medium_none,body_world,90426,True,True,m,1.499613542769097,-1.0,short,-0.2,68,world,False,decayed,10.0,False,nan,nan,0.01692313700914383,0.0
medium_none,body_world,90427,True,True,l,1.2434438593395136,1.0,medium,0.05,67,world,False,decayed,10.0,False,nan,nan,0.018021225929260254,0.0
medium_none,body_world,90428,True,True,m,1.5747146197091175,2.0,short,0.25,64,world,False,decayed,10.0,False,nan,nan,0.02124948613345623,0.0
medium_none,body_world,90429,True,True,l,1.4646053079069046,-2.0,medium,0.1,67,world,False,decayed,10.0,False,nan,nan,0.014312845654785633,0.0
medium_none,body_world,90430,True,True,m,1.6725099978259204,-4.0,short,0.1,62,world,False,decayed,10.0,False,nan,nan,0.01682630553841591,0.0
medium_none,body_world,90431,True,True,l,1.3236542402011626,-4.0,medium,0.1,67,world,False,decayed,10.0,False,nan,nan,0.015751684084534645,0.0
medium_none,body_world,90432,True,True,m,1.3642720743548598,-1.0,short,0.15000000000000002,61,world,False,decayed,10.0,False,nan,nan,0.018136998638510704,0.0
medium_none,body_world,90433,True,True,l,1.3743791243103016,-1.0,medium,0.05,77,world,False,decayed,10.0,False,nan,nan,0.01745704375207424,0.0
medium_none,body_world,90434,True,True,m,1.4747028802268096,2.0,short,-0.05,62,world,False,decayed,10.0,False,nan,nan,0.01990070566534996,0.0
medium_none,body_world,90435,True,True,l,1.3038106075252267,-2.0,medium,-0.2,60,world,False,decayed,10.0,False,nan,nan,0.020180273801088333,0.0
medium_none,body_world,90436,True,True,m,1.6168586909623586,4.0,short,-0.05,79,world,False,decayed,10.0,False,nan,nan,0.01668712869286537,0.0
medium_none,body_world,90437,True,True,l,1.3291113567705524,-4.0,medium,0.15000000000000002,77,world,False,decayed,10.0,False,nan,nan,0.01797572709619999,0.0
medium_none,body_world,90438,True,True,m,1.329008599029527,-1.0,short,0.05,80,world,False,decayed,10.0,False,nan,nan,0.019500460475683212,0.0
medium_none,body_world,90439,True,True,l,1.445391509411858,1.0,medium,0.0,66,world,False,decayed,10.0,False,nan,nan,0.014926502481102943,0.2
medium_none,body_world,90440,True,True,m,1.5564106744089927,2.0,short,0.25,74,world,False,decayed,10.0,False,nan,nan,0.01918294094502926,0.0
medium_none,body_world,90441,True,True,l,1.3070596772413094,2.0,medium,0.2,71,body,True,settled,3.1,True,0.10470733791589737,3.1,0.021124394610524178,0.2
medium_none,body_world,90442,True,True,m,1.6269524228642334,4.0,short,0.25,74,world,False,decayed,10.0,False,nan,nan,0.01659039594233036,0.0
medium_none,body_world,90443,True,True,l,1.378277312801848,-4.0,medium,-0.1,72,world,False,decayed,10.0,False,nan,nan,0.015259584411978722,0.0
medium_none,body_world,90444,True,True,m,1.453510197141481,1.0,short,0.0,71,world,False,decayed,10.0,False,nan,nan,0.02001083269715309,0.0
medium_none,body_world,90445,True,True,l,1.3665797638238526,-1.0,medium,0.0,62,world,False,decayed,10.0,False,nan,nan,0.016583280637860298,0.0
medium_none,body_world,90446,True,True,m,1.33490869903924,-2.0,short,-0.25,64,world,False,decayed,10.0,False,nan,nan,0.01822436973452568,0.0
medium_none,body_world,90447,True,True,l,1.360545744961593,2.0,medium,0.25,71,body,True,settled,3.35,True,0.10306848585605621,3.35,0.04013849422335625,0.4
medium_none,body_world,90448,True,True,m,1.3926898559008811,4.0,short,0.0,79,world,False,decayed,10.0,False,nan,nan,0.01641925424337387,0.0
medium_none,body_world,90449,True,True,l,1.4996288562259714,4.0,medium,-0.15000000000000002,69,world,False,decayed,10.0,False,nan,nan,0.01728825643658638,0.0
medium_none,body_world,90450,True,True,m,1.6497126455801099,-1.0,short,-0.15000000000000002,68,world,False,decayed,10.0,False,nan,nan,0.01809300296008587,0.0
medium_none,body_world,90451,True,True,l,1.4011624978174013,-1.0,medium,-0.1,69,world,False,decayed,10.0,False,nan,nan,0.016838012263178825,0.0
medium_none,body_world,90452,True,True,m,1.3459971515369575,2.0,short,0.0,75,world,False,decayed,10.0,False,nan,nan,0.02207178622484207,0.0
medium_none,body_world,90453,True,True,l,1.3128410648573021,-2.0,medium,-0.2,60,world,False,decayed,10.0,False,nan,nan,0.016142241656780243,0.0
medium_none,body_world,90454,True,True,m,1.4532800695650452,4.0,short,0.25,80,world,False,decayed,10.0,False,nan,nan,0.02131803333759308,0.2
medium_none,body_world,90455,True,True,l,1.4639866887179158,4.0,medium,0.1,63,world,False,decayed,10.0,False,nan,nan,0.01611497811973095,0.0
medium_none,body_world,90456,True,True,m,1.437503394575647,1.0,short,-0.05,71,world,False,decayed,10.0,False,nan,nan,0.018156755715608597,0.0
medium_none,body_world,90457,True,True,l,1.433005966120608,-1.0,medium,0.1,79,world,False,decayed,10.0,False,nan,nan,0.017991866916418076,0.0
medium_none,body_world,90458,True,True,m,1.5714723561915191,-2.0,short,0.1,75,world,False,decayed,10.0,False,nan,nan,0.019625743851065636,0.0
medium_none,body_world,90459,True,True,l,1.423809978213943,-2.0,medium,-0.15000000000000002,75,world,False,decayed,10.0,False,nan,nan,0.016893625259399414,0.0
medium_none,body_world,90460,True,True,m,1.501503010941712,-4.0,short,0.1,65,world,False,decayed,10.0,False,nan,nan,0.01705966517329216,0.0
medium_none,body_world,90461,True,True,l,1.4979893620177673,-4.0,medium,-0.05,68,world,False,decayed,10.0,False,nan,nan,0.015163997188210487,0.0
medium_none,body_world,90462,True,True,m,1.32405485767968,-1.0,short,0.15000000000000002,61,world,False,decayed,10.0,False,nan,nan,0.017081549391150475,0.0
medium_none,body_world,90463,True,True,l,1.2959566174498844,1.0,medium,-0.05,60,body,True,settled,3.0,True,0.09804155677556992,3.0,0.019584979861974716,0.2
medium_none,body_world,90464,True,True,m,1.5484915809048363,-2.0,short,0.25,68,world,False,decayed,10.0,False,nan,nan,0.016800012439489365,0.0
medium_none,body_world,90465,True,True,l,1.428408630737959,-2.0,medium,-0.25,69,world,False,decayed,10.0,False,nan,nan,0.01631217822432518,0.0
medium_none,body_world,90466,True,True,m,1.3278826334953207,4.0,short,0.1,72,world,False,decayed,10.0,False,nan,nan,0.02206145040690899,0.0
medium_none,body_world,90467,True,True,l,1.224242705022093,-4.0,medium,0.2,67,world,False,decayed,10.0,False,nan,nan,0.019061127677559853,0.0
medium_none,body_world,90468,True,True,m,1.377155487281401,1.0,short,0.25,65,world,False,decayed,10.0,False,nan,nan,0.023725833743810654,0.0
medium_none,body_world,90469,True,True,l,1.2775926055522053,-1.0,medium,-0.2,67,world,False,decayed,10.0,False,nan,nan,0.016516800969839096,0.0
medium_none,body_world,90470,True,True,m,1.5219750255884492,2.0,short,-0.05,70,world,False,decayed,10.0,False,nan,nan,0.017888151109218597,0.2
medium_none,body_world,90471,True,True,l,1.2543795609592172,2.0,medium,0.0,63,world,False,settled,3.0500000000000003,True,0.08961497247219086,3.0500000000000003,0.02994365058839321,0.4
medium_none,body_world,90472,True,True,m,1.523888147333015,4.0,short,0.25,77,world,False,decayed,10.0,False,nan,nan,0.018332071602344513,0.2
medium_none,body_world,90473,True,True,l,1.4189126139922845,-4.0,medium,-0.25,63,world,False,decayed,10.0,False,nan,nan,0.01567288115620613,0.0
medium_none,body_world,90474,True,True,m,1.3393605416224226,1.0,short,0.0,80,world,False,decayed,10.0,False,nan,nan,0.025580575689673424,0.0
medium_none,body_world,90475,True,True,l,1.4134205728523153,1.0,medium,0.1,66,world,False,decayed,10.0,False,nan,nan,0.021772442385554314,0.4
medium_none,body_world,90476,True,True,m,1.3814810158500825,-2.0,short,0.0,70,world,False,decayed,10.0,False,nan,nan,0.02158353477716446,0.0
medium_none,body_world,90477,True,True,l,1.4674729887667173,2.0,medium,0.1,78,world,False,decayed,10.0,False,nan,nan,0.019792728126049042,0.4
medium_none,body_world,90478,True,True,m,1.5027032697774165,4.0,short,0.0,80,world,False,decayed,10.0,False,nan,nan,0.022837061434984207,0.0
medium_none,body_world,90479,True,True,l,1.3850046666885212,-4.0,medium,0.0,66,world,False,decayed,10.0,False,nan,nan,0.01878773607313633,0.0
medium_none,calib,90480,False,False,,1.0,0.0,,0.0,64,world,True,settled,3.0,True,0.061069339513778687,3.0,0.06910352408885956,1.0
medium_none,calib,90481,False,False,,1.0,0.0,,0.0,76,world,True,settled,3.0,True,0.061323899775743484,3.0,0.06855908781290054,1.0
medium_none,calib,90482,False,False,,1.0,0.0,,0.0,79,world,True,settled,3.0,True,0.07567986100912094,3.0,0.06429678201675415,1.0
medium_none,calib,90483,False,False,,1.0,0.0,,0.0,70,world,True,settled,3.0,True,0.06660047918558121,3.0,0.06812525540590286,1.0
medium_none,calib,90484,False,False,,1.0,0.0,,0.0,69,world,True,settled,3.0,True,0.07005481421947479,3.0,0.06596575677394867,1.0
medium_none,calib,90485,False,False,,1.0,0.0,,0.0,78,world,True,settled,3.0,True,0.06874741613864899,3.0,0.07412727922201157,1.0
medium_none,calib,90486,False,False,,1.0,0.0,,0.0,79,world,True,settled,3.0,True,0.06461568176746368,3.0,0.07186758518218994,1.0
medium_none,calib,90487,False,False,,1.0,0.0,,0.0,74,world,True,settled,3.0,True,0.05930508300662041,3.0,0.05698408558964729,1.0
medium_none,calib,90488,False,False,,1.0,0.0,,0.0,62,world,True,settled,3.0,True,0.06814344227313995,3.0,0.06670193374156952,1.0
medium_none,calib,90489,False,False,,1.0,0.0,,0.0,65,world,True,settled,3.0,True,0.07193274796009064,3.0,0.06409187614917755,1.0
medium_none,calib,90490,False,False,,1.0,0.0,,0.0,70,world,True,settled,3.0,True,0.06871803849935532,3.0,0.06458763033151627,1.0
medium_none,calib,90491,False,False,,1.0,0.0,,0.0,63,world,True,settled,3.0,True,0.07557718455791473,3.0,0.0653754472732544,1.0
medium_none,calib,90492,False,False,,1.0,0.0,,0.0,66,world,True,settled,3.0,True,0.06775689870119095,3.0,0.0625549703836441,1.0
medium_none,calib,90493,False,False,,1.0,0.0,,0.0,80,world,True,settled,3.0,True,0.06125254184007645,3.0,0.06796032190322876,1.0
medium_none,calib,90494,False,False,,1.0,0.0,,0.0,79,world,True,settled,3.0,True,0.06262686848640442,3.0,0.0635075718164444,1.0
medium_none,calib,90495,False,False,,1.0,0.0,,0.0,75,world,True,settled,3.0,True,0.07488825172185898,3.0,0.0625699907541275,1.0
medium_none,calib,90496,False,False,,1.0,0.0,,0.0,76,world,True,settled,3.0,True,0.06964172422885895,3.0,0.06732043623924255,1.0
medium_none,calib,90497,False,False,,1.0,0.0,,0.0,68,world,True,settled,3.0,True,0.06001743674278259,3.0,0.06228174641728401,1.0
medium_none,calib,90498,False,False,,1.0,0.0,,0.0,70,world,True,settled,3.0,True,0.07947313785552979,3.0,0.06461028009653091,1.0
medium_none,calib,90499,False,False,,1.0,0.0,,0.0,79,world,True,settled,3.0,True,0.06619863212108612,3.0,0.059722620993852615,1.0
medium_none,calib,90500,False,False,,1.0,0.0,,0.0,72,world,True,settled,3.0,True,0.06753311306238174,3.0,0.06604508310556412,1.0
medium_none,calib,90501,False,False,,1.0,0.0,,0.0,76,world,True,settled,3.0,True,0.06853657960891724,3.0,0.05757180601358414,1.0
medium_none,calib,90502,False,False,,1.0,0.0,,0.0,76,world,True,settled,3.0,True,0.061896614730358124,3.0,0.05603599548339844,1.0
medium_none,calib,90503,False,False,,1.0,0.0,,0.0,63,world,True,settled,3.0,True,0.0673474669456482,3.0,0.06222175806760788,1.0
medium_none,calib,90504,False,False,,1.0,0.0,,0.0,72,world,True,settled,3.0,True,0.06207544729113579,3.0,0.06894427537918091,1.0
medium_none,calib,90505,False,False,,1.0,0.0,,0.0,75,world,True,settled,3.0,True,0.07344934344291687,3.0,0.06701020151376724,1.0
medium_none,calib,90506,False,False,,1.0,0.0,,0.0,78,world,True,settled,3.0,True,0.07985459268093109,3.0,0.06670229882001877,1.0
medium_none,calib,90507,False,False,,1.0,0.0,,0.0,72,world,True,settled,3.0,True,0.0769539326429367,3.0,0.07178723067045212,1.0
medium_none,calib,90508,False,False,,1.0,0.0,,0.0,68,world,True,settled,3.0,True,0.07362460345029831,3.0,0.06966559588909149,1.0
medium_none,calib,90509,False,False,,1.0,0.0,,0.0,69,world,True,settled,3.0,True,0.0725490003824234,3.0,0.06685101240873337,1.0
medium_none,calib,90510,False,False,,1.0,0.0,,0.0,60,world,True,settled,3.0,True,0.06379587948322296,3.0,0.06661243736743927,1.0
medium_none,calib,90511,False,False,,1.0,0.0,,0.0,67,world,True,settled,3.0,True,0.07435689866542816,3.0,0.06174756959080696,1.0
medium_none,calib,90512,False,False,,1.0,0.0,,0.0,65,world,True,settled,3.0,True,0.05727352946996689,3.0,0.06368595361709595,1.0
medium_none,calib,90513,False,False,,1.0,0.0,,0.0,79,world,True,settled,3.0,True,0.07723818719387054,3.0,0.06734935194253922,1.0
medium_none,calib,90514,False,False,,1.0,0.0,,0.0,62,world,True,settled,3.0,True,0.07106222212314606,3.0,0.05942230299115181,1.0
medium_none,calib,90515,False,False,,1.0,0.0,,0.0,75,world,True,settled,3.0,True,0.06916142255067825,3.0,0.06529649347066879,1.0
medium_none,calib,90516,False,False,,1.0,0.0,,0.0,71,world,True,settled,3.0,True,0.05925234034657478,3.0,0.06148701161146164,1.0
medium_none,calib,90517,False,False,,1.0,0.0,,0.0,77,world,True,settled,3.0,True,0.06590436398983002,3.0,0.06825315207242966,1.0
medium_none,calib,90518,False,False,,1.0,0.0,,0.0,72,world,True,settled,3.0,True,0.061970096081495285,3.0,0.07325479388237,1.0
medium_none,calib,90519,False,False,,1.0,0.0,,0.0,76,world,True,settled,3.0,True,0.0646686777472496,3.0,0.06742146611213684,1.0
medium_none,calib,90520,False,False,,1.0,0.0,,0.0,76,world,True,settled,3.0,True,0.06987349689006805,3.0,0.0652603730559349,1.0
medium_none,calib,90521,False,False,,1.0,0.0,,0.0,64,world,True,settled,3.0,True,0.074398472905159,3.0,0.07836983352899551,1.0
medium_none,calib,90522,False,False,,1.0,0.0,,0.0,80,world,True,settled,3.0,True,0.059936296194791794,3.0,0.0659450814127922,1.0
medium_none,calib,90523,False,False,,1.0,0.0,,0.0,64,world,True,settled,3.0,True,0.06204218789935112,3.0,0.06320042163133621,1.0
medium_none,calib,90524,False,False,,1.0,0.0,,0.0,60,world,True,settled,3.0,True,0.05430176854133606,3.0,0.06821181625127792,1.0
medium_none,calib,90525,False,False,,1.0,0.0,,0.0,74,world,True,settled,3.0,True,0.06468255072832108,3.0,0.06610669195652008,1.0
medium_none,calib,90526,False,False,,1.0,0.0,,0.0,64,world,True,settled,3.0,True,0.06088179349899292,3.0,0.06817647814750671,1.0
medium_none,calib,90527,False,False,,1.0,0.0,,0.0,77,world,True,settled,3.0,True,0.06168912723660469,3.0,0.07027573883533478,1.0
medium_none,calib,90528,False,False,,1.0,0.0,,0.0,69,world,True,settled,3.0,True,0.06030820682644844,3.0,0.06988803297281265,1.0
medium_none,calib,90529,False,False,,1.0,0.0,,0.0,61,world,True,settled,3.0,True,0.06849364191293716,3.0,0.07014579325914383,1.0
