config,cell,seed,has_body,has_push,param,factor,torque,duration_name,onset,score_original,settled_original,verdict_original,score_regime_all,settled_regime_all,verdict_regime_all,score_regime_2k,settled_regime_2k,verdict_regime_2k
soft_none,neither,90000,False,False,,1.0,0.0,,79,0.08965184539556503,0.07938705384731293,world,0.030600324273109436,0.02029632031917572,world,0.03141254559159279,0.02072959765791893,world
soft_none,neither,90001,False,False,,1.0,0.0,,75,0.09241573512554169,0.10017800331115723,world,0.03009270504117012,0.03534163162112236,world,0.031194394454360008,0.03711668401956558,world
soft_none,neither,90002,False,False,,1.0,0.0,,65,0.09134645760059357,0.08324724435806274,world,0.027865570038557053,0.01918300986289978,world,0.02971062995493412,0.021228313446044922,world
soft_none,neither,90003,False,False,,1.0,0.0,,61,0.08981321007013321,0.07729773968458176,world,0.0314234122633934,0.024433905258774757,world,0.0330384261906147,0.02589520253241062,world
soft_none,neither,90004,False,False,,1.0,0.0,,76,0.08734241873025894,0.08683216571807861,world,0.01690046116709709,0.01964917778968811,world,0.017314517870545387,0.020338531583547592,world
soft_none,neither,90005,False,False,,1.0,0.0,,79,0.09598317742347717,0.09060140699148178,world,0.028741758316755295,0.019991526380181313,world,0.031868062913417816,0.02345801331102848,world
soft_none,neither,90006,False,False,,1.0,0.0,,74,0.0841025561094284,0.08605731278657913,world,0.01592470332980156,0.01788298413157463,world,0.017402509227395058,0.018259486183524132,world
soft_none,neither,90007,False,False,,1.0,0.0,,79,0.091368667781353,0.0894240140914917,world,0.03184397146105766,0.032501690089702606,world,0.03193332999944687,0.033636778593063354,world
soft_none,neither,90008,False,False,,1.0,0.0,,62,0.09465925395488739,0.08907340466976166,world,0.03424013778567314,0.032032378017902374,world,0.035549096763134,0.03310822322964668,world
soft_none,neither,90009,False,False,,1.0,0.0,,74,0.09303352981805801,0.08877886086702347,world,0.032415468245744705,0.03281475976109505,world,0.03284353017807007,0.03089446946978569,world
soft_none,neither,90010,False,False,,1.0,0.0,,72,0.08275477588176727,0.08251314610242844,world,0.024701032787561417,0.02002860978245735,world,0.02762894704937935,0.022468391805887222,world
soft_none,neither,90011,False,False,,1.0,0.0,,71,0.09745009988546371,0.09912554919719696,world,0.03971093147993088,0.039217326790094376,world,0.04164566472172737,0.04185250774025917,world
soft_none,neither,90012,False,False,,1.0,0.0,,62,0.09713837504386902,0.1053880900144577,world,0.0380965881049633,0.046761900186538696,world,0.04111544042825699,0.05257366970181465,world
soft_none,neither,90013,False,False,,1.0,0.0,,68,0.08079081773757935,0.08221454918384552,world,0.0219802837818861,0.024349823594093323,world,0.022571995854377747,0.024041835218667984,world
soft_none,neither,90014,False,False,,1.0,0.0,,80,0.09354336559772491,0.10821567475795746,world,0.028936415910720825,0.036865055561065674,world,0.030338892713189125,0.0380447581410408,world
soft_none,neither,90015,False,False,,1.0,0.0,,76,0.09524448961019516,0.09055551141500473,world,0.033058129251003265,0.029122674837708473,world,0.031910400837659836,0.02718653343617916,world
soft_none,neither,90016,False,False,,1.0,0.0,,76,0.08587507903575897,0.08653464913368225,world,0.02136331982910633,0.023558015003800392,world,0.022391285747289658,0.02431781403720379,world
soft_none,neither,90017,False,False,,1.0,0.0,,74,0.08868169784545898,0.08833406120538712,world,0.02544500306248665,0.02551211789250374,world,0.026175837963819504,0.02540174126625061,world
soft_none,neither,90018,False,False,,1.0,0.0,,66,0.09164197742938995,0.09172993153333664,world,0.02986912429332733,0.03795579820871353,world,0.031188393011689186,0.03793762996792793,world
soft_none,neither,90019,False,False,,1.0,0.0,,66,0.0911821499466896,0.09727169573307037,world,0.023381512612104416,0.032795973122119904,world,0.02441326342523098,0.033152174204587936,world
soft_none,neither,90020,False,False,,1.0,0.0,,73,0.08808760344982147,0.08607824146747589,world,0.02798878774046898,0.03064761497080326,world,0.028253117576241493,0.030420992523431778,world
soft_none,neither,90021,False,False,,1.0,0.0,,74,0.0995953232049942,0.08897653967142105,world,0.03850327432155609,0.02983120083808899,world,0.038801949471235275,0.03132528066635132,world
soft_none,neither,90022,False,False,,1.0,0.0,,66,0.08643078804016113,0.08466331660747528,world,0.026974324136972427,0.0213401447981596,world,0.027854105457663536,0.022151779383420944,world
soft_none,neither,90023,False,False,,1.0,0.0,,75,0.09952712059020996,0.09711410850286484,world,0.03670386224985123,0.030345270410180092,world,0.038434308022260666,0.03263768553733826,world
soft_none,neither,90024,False,False,,1.0,0.0,,73,0.09713555872440338,0.10685427486896515,world,0.03311942145228386,0.03879525512456894,world,0.034286465495824814,0.04157688096165657,world
soft_none,neither,90025,False,False,,1.0,0.0,,68,0.10385553538799286,0.10955584049224854,body,0.04325493052601814,0.04694070667028427,world,0.0462668314576149,0.04957178235054016,body
soft_none,neither,90026,False,False,,1.0,0.0,,73,0.10454408824443817,0.10847040265798569,body,0.038498979061841965,0.047811154276132584,world,0.04041634127497673,0.05022373050451279,world
soft_none,neither,90027,False,False,,1.0,0.0,,61,0.09429653733968735,0.10003916174173355,world,0.028917038813233376,0.03015706315636635,world,0.031427353620529175,0.03349020704627037,world
soft_none,neither,90028,False,False,,1.0,0.0,,71,0.09506123512983322,0.1050664409995079,world,0.03290506824851036,0.042349327355623245,world,0.034476421773433685,0.04292802885174751,world
soft_none,neither,90029,False,False,,1.0,0.0,,60,0.08779216557741165,0.08301280438899994,world,0.02557428553700447,0.02049676515161991,world,0.026363378390669823,0.02121034450829029,world
soft_none,neither,90030,False,False,,1.0,0.0,,72,0.09013763815164566,0.08026735484600067,world,0.03521474823355675,0.031931113451719284,world,0.03581780567765236,0.03270452097058296,world
soft_none,neither,90031,False,False,,1.0,0.0,,65,0.09327229112386703,0.09382058680057526,world,0.02857360802590847,0.02883538044989109,world,0.029122862964868546,0.03098900243639946,world
soft_none,neither,90032,False,False,,1.0,0.0,,78,0.09421328455209732,0.08395157009363174,world,0.03121120296418667,0.02373402565717697,world,0.034223075956106186,0.02543184719979763,world
soft_none,neither,90033,False,False,,1.0,0.0,,74,0.0888938456773758,0.08304201066493988,world,0.02439212054014206,0.015005236491560936,world,0.025065530091524124,0.014164668507874012,world
soft_none,neither,90034,False,False,,1.0,0.0,,63,0.09748098999261856,0.0861828476190567,world,0.03335690498352051,0.0238382276147604,world,0.035153768956661224,0.025034943595528603,world
soft_none,neither,90035,False,False,,1.0,0.0,,66,0.09006689488887787,0.0920238271355629,world,0.029535606503486633,0.026888150721788406,world,0.030385350808501244,0.030679550021886826,world
soft_none,neither,90036,False,False,,1.0,0.0,,61,0.09312095493078232,0.10004814714193344,world,0.02574104629456997,0.036401912569999695,world,0.02590852975845337,0.03654352203011513,world
soft_none,neither,90037,False,False,,1.0,0.0,,69,0.1088741272687912,0.10932187736034393,body,0.045612070709466934,0.042360030114650726,body,0.04717675596475601,0.04340718314051628,body
soft_none,neither,90038,False,False,,1.0,0.0,,63,0.08481297641992569,0.0875360295176506,world,0.03043394163250923,0.0300569087266922,world,0.032085638493299484,0.031619466841220856,world
soft_none,neither,90039,False,False,,1.0,0.0,,63,0.08875512331724167,0.09569752216339111,world,0.026319175958633423,0.03137509152293205,world,0.025855302810668945,0.029937410727143288,world
soft_none,neither,90040,False,False,,1.0,0.0,,66,0.08788610994815826,0.09696632623672485,world,0.02697041630744934,0.03460649028420448,world,0.026860784739255905,0.03437631577253342,world
soft_none,neither,90041,False,False,,1.0,0.0,,71,0.08594977855682373,0.08789348602294922,world,0.01886751316487789,0.01905655302107334,world,0.020408663898706436,0.021552611142396927,world
soft_none,neither,90042,False,False,,1.0,0.0,,64,0.09389689564704895,0.08498135954141617,world,0.02996237203478813,0.024188796058297157,world,0.031575608998537064,0.026233017444610596,world
soft_none,neither,90043,False,False,,1.0,0.0,,79,0.09024111926555634,0.0917588621377945,world,0.0311269648373127,0.029714176431298256,world,0.03011736273765564,0.02967790886759758,world
soft_none,neither,90044,False,False,,1.0,0.0,,65,0.09216892719268799,0.10332994163036346,world,0.027005236595869064,0.035309381783008575,world,0.02790811099112034,0.03667744994163513,world
soft_none,neither,90045,False,False,,1.0,0.0,,64,0.08447431027889252,0.08279774338006973,world,0.01805378869175911,0.019676610827445984,world,0.018486415967345238,0.02100117690861225,world
soft_none,neither,90046,False,False,,1.0,0.0,,73,0.08739525079727173,0.08586760610342026,world,0.024308910593390465,0.025804441422224045,world,0.027404779568314552,0.029020512476563454,world
soft_none,neither,90047,False,False,,1.0,0.0,,66,0.09041242301464081,0.09808032214641571,world,0.025873029604554176,0.034072957932949066,world,0.027376096695661545,0.03557613864541054,world
soft_none,neither,90048,False,False,,1.0,0.0,,76,0.09742852300405502,0.09660644829273224,world,0.035931121557950974,0.032533444464206696,world,0.037268511950969696,0.03160615637898445,world
soft_none,neither,90049,False,False,,1.0,0.0,,76,0.09580367803573608,0.10159820318222046,world,0.03383388742804527,0.036280374974012375,world,0.03610419109463692,0.03845219686627388,world
soft_none,neither,90050,False,False,,1.0,0.0,,60,0.09748843312263489,0.11220500618219376,world,0.0292753167450428,0.04236345738172531,world,0.030708516016602516,0.04461250081658363,world
soft_none,neither,90051,False,False,,1.0,0.0,,76,0.08412697911262512,0.0870589092373848,world,0.0209050215780735,0.02317204512655735,world,0.022092511877417564,0.024792885407805443,world
soft_none,neither,90052,False,False,,1.0,0.0,,68,0.08524775505065918,0.08532589673995972,world,0.022893108427524567,0.022488698363304138,world,0.025329921394586563,0.024824712425470352,world
soft_none,neither,90053,False,False,,1.0,0.0,,72,0.10891256481409073,0.11403632164001465,body,0.04271562770009041,0.04185546189546585,world,0.0462651252746582,0.04827868193387985,body
soft_none,neither,90054,False,False,,1.0,0.0,,65,0.08874525874853134,0.08737345039844513,world,0.027426281943917274,0.029879484325647354,world,0.028480326756834984,0.030401330441236496,world
soft_none,neither,90055,False,False,,1.0,0.0,,68,0.08504175394773483,0.08239729702472687,world,0.018122408539056778,0.016909539699554443,world,0.019020015373826027,0.016924869269132614,world
soft_none,neither,90056,False,False,,1.0,0.0,,68,0.09150973707437515,0.08337037265300751,world,0.03061666712164879,0.023462889716029167,world,0.032277680933475494,0.023592038080096245,world
soft_none,neither,90057,False,False,,1.0,0.0,,76,0.09650243818759918,0.0921357050538063,world,0.03240201622247696,0.02628057263791561,world,0.034738484770059586,0.028090383857488632,world
soft_none,neither,90058,False,False,,1.0,0.0,,61,0.08683302998542786,0.08795464038848877,world,0.020001109689474106,0.019382890313863754,world,0.02205883525311947,0.0208415724337101,world
soft_none,neither,90059,False,False,,1.0,0.0,,62,0.08138204365968704,0.08030543476343155,world,0.017493750900030136,0.018028482794761658,world,0.01779419742524624,0.018223635852336884,world
soft_none,neither,90060,False,False,,1.0,0.0,,62,0.08510886132717133,0.08302457630634308,world,0.020929107442498207,0.021581217646598816,world,0.02161078341305256,0.022033443674445152,world
soft_none,neither,90061,False,False,,1.0,0.0,,80,0.09013351052999496,0.08459095656871796,world,0.03468957543373108,0.035638850182294846,world,0.03646612912416458,0.03896930441260338,world
soft_none,neither,90062,False,False,,1.0,0.0,,66,0.08813782036304474,0.08628705888986588,world,0.026660311967134476,0.02742866799235344,world,0.025882184505462646,0.027264708653092384,world
soft_none,neither,90063,False,False,,1.0,0.0,,62,0.09428456425666809,0.1028924435377121,world,0.029424145817756653,0.03723994642496109,world,0.030434738844633102,0.03788965940475464,world
soft_none,neither,90064,False,False,,1.0,0.0,,72,0.08844764530658722,0.08329112082719803,world,0.03028089925646782,0.027767937630414963,world,0.03051404282450676,0.02720496617257595,world
soft_none,neither,90065,False,False,,1.0,0.0,,63,0.08328856527805328,0.0842059999704361,world,0.021720852702856064,0.021476149559020996,world,0.022958867251873016,0.0226142518222332,world
soft_none,neither,90066,False,False,,1.0,0.0,,61,0.08206746727228165,0.08546561002731323,world,0.015060042962431908,0.011877745389938354,world,0.01616358570754528,0.013297343626618385,world
soft_none,neither,90067,False,False,,1.0,0.0,,71,0.08758511394262314,0.09412316977977753,world,0.02428739331662655,0.030050933361053467,world,0.026415664702653885,0.03258242458105087,world
soft_none,neither,90068,False,False,,1.0,0.0,,76,0.08774962276220322,0.08804275840520859,world,0.022313114255666733,0.029605548828840256,world,0.022970501333475113,0.030026590451598167,world
soft_none,neither,90069,False,False,,1.0,0.0,,70,0.10212749242782593,0.10390676558017731,world,0.036963582038879395,0.03750603273510933,world,0.0399271622300148,0.0399235375225544,world
soft_none,neither,90070,False,False,,1.0,0.0,,76,0.09642259776592255,0.10323741286993027,world,0.030175764113664627,0.034667037427425385,world,0.031609635800123215,0.03763009235262871,world
soft_none,neither,90071,False,False,,1.0,0.0,,77,0.09174259006977081,0.08733909577131271,world,0.030412882566452026,0.019577452912926674,world,0.031314898282289505,0.020525354892015457,world
soft_none,neither,90072,False,False,,1.0,0.0,,70,0.09443993866443634,0.09997671097517014,world,0.03184828907251358,0.036135584115982056,world,0.033323682844638824,0.03734339401125908,world
soft_none,neither,90073,False,False,,1.0,0.0,,80,0.08820655196905136,0.08236069977283478,world,0.025300389155745506,0.0171318631619215,world,0.026802176609635353,0.017454156652092934,world
soft_none,neither,90074,False,False,,1.0,0.0,,67,0.08397573232650757,0.08355690538883209,world,0.020272934809327126,0.018821196630597115,world,0.020958662033081055,0.020464103668928146,world
soft_none,neither,90075,False,False,,1.0,0.0,,71,0.09751777350902557,0.09658791124820709,world,0.0371176116168499,0.035398297011852264,world,0.0392407551407814,0.03652413934469223,world
soft_none,neither,90076,False,False,,1.0,0.0,,75,0.08613468706607819,0.08610671758651733,world,0.026125380769371986,0.02249285578727722,world,0.027470583096146584,0.023185156285762787,world
soft_none,neither,90077,False,False,,1.0,0.0,,63,0.08634746074676514,0.09075406938791275,world,0.02361275628209114,0.022237885743379593,world,0.025032222270965576,0.02332947961986065,world
soft_none,neither,90078,False,False,,1.0,0.0,,63,0.09718407690525055,0.08989336341619492,world,0.03293440490961075,0.02850753627717495,world,0.034385789185762405,0.03038211539387703,world
soft_none,neither,90079,False,False,,1.0,0.0,,64,0.09136178344488144,0.09913118183612823,world,0.03771882504224777,0.04161479324102402,world,0.038374003022909164,0.04172494262456894,world
soft_none,neither,90080,False,False,,1.0,0.0,,78,0.08570294827222824,0.08557136356830597,world,0.02132664993405342,0.020580263808369637,world,0.022412961348891258,0.02152363397181034,world
soft_none,neither,90081,False,False,,1.0,0.0,,79,0.08753113448619843,0.08979795128107071,world,0.02529267966747284,0.02753356657922268,world,0.025742167606949806,0.027258073911070824,world
soft_none,neither,90082,False,False,,1.0,0.0,,76,0.09339191019535065,0.09388512372970581,world,0.037105631083250046,0.03831038624048233,world,0.03795997053384781,0.0409061536192894,world
soft_none,neither,90083,False,False,,1.0,0.0,,74,0.08647823333740234,0.08269514888525009,world,0.025605767965316772,0.019140120595693588,world,0.02641906775534153,0.01929347775876522,world
soft_none,neither,90084,False,False,,1.0,0.0,,73,0.08918263018131256,0.08193684369325638,world,0.027697211131453514,0.022489406168460846,world,0.030708055943250656,0.02344810962677002,world
soft_none,neither,90085,False,False,,1.0,0.0,,72,0.09595279395580292,0.08658228814601898,world,0.03078741952776909,0.02063111960887909,world,0.0316513255238533,0.021797632798552513,world
soft_none,neither,90086,False,False,,1.0,0.0,,63,0.08721031248569489,0.08735892176628113,world,0.020619923248887062,0.024203836917877197,world,0.020266521722078323,0.023995550349354744,world
soft_none,neither,90087,False,False,,1.0,0.0,,66,0.08324112743139267,0.08137756586074829,world,0.018978137522935867,0.02579561248421669,world,0.019772548228502274,0.02694355510175228,world
soft_none,neither,90088,False,False,,1.0,0.0,,75,0.09326799213886261,0.09532878547906876,world,0.031441330909729004,0.03298865258693695,world,0.03224640339612961,0.034325409680604935,world
soft_none,neither,90089,False,False,,1.0,0.0,,62,0.08948179334402084,0.09457920491695404,world,0.02674209140241146,0.03379196673631668,world,0.028660763055086136,0.036985743790864944,world
soft_none,neither,90090,False,False,,1.0,0.0,,68,0.08814080059528351,0.08921875059604645,world,0.0243492741137743,0.018712010234594345,world,0.025595655664801598,0.019588647410273552,world
soft_none,neither,90091,False,False,,1.0,0.0,,77,0.0895858183503151,0.08375513553619385,world,0.02717813290655613,0.028430426493287086,world,0.02967933379113674,0.03173526003956795,world
soft_none,neither,90092,False,False,,1.0,0.0,,68,0.08511467278003693,0.09157872200012207,world,0.027093838900327682,0.029635295271873474,world,0.027911195531487465,0.029810648411512375,world
soft_none,neither,90093,False,False,,1.0,0.0,,64,0.09473396837711334,0.09272710978984833,world,0.0364685133099556,0.037007492035627365,world,0.03684678673744202,0.03689391538500786,world
soft_none,neither,90094,False,False,,1.0,0.0,,69,0.08099365234375,0.08127443492412567,world,0.016834978014230728,0.017760533839464188,world,0.017718857154250145,0.017433935776352882,world
soft_none,neither,90095,False,False,,1.0,0.0,,61,0.08758068829774857,0.08595261722803116,world,0.02571640908718109,0.01689285971224308,world,0.027202080935239792,0.017106497660279274,world
soft_none,neither,90096,False,False,,1.0,0.0,,62,0.0885481983423233,0.087990403175354,world,0.028641540557146072,0.022980080917477608,world,0.029935557395219803,0.023549068719148636,world
soft_none,neither,90097,False,False,,1.0,0.0,,61,0.09551514685153961,0.10388688743114471,world,0.028719227761030197,0.034464798867702484,world,0.03140384331345558,0.03721367567777634,world
soft_none,neither,90098,False,False,,1.0,0.0,,70,0.10527528822422028,0.10577471554279327,body,0.03821380063891411,0.03827493265271187,world,0.03782135248184204,0.03995494917035103,world
soft_none,neither,90099,False,False,,1.0,0.0,,79,0.0904545933008194,0.07964132726192474,world,0.023873288184404373,0.01856701448559761,world,0.025040004402399063,0.01884768344461918,world
soft_none,neither,90100,False,False,,1.0,0.0,,62,0.08477161824703217,0.08509717881679535,world,0.020345158874988556,0.020928148180246353,world,0.020809095352888107,0.021650929003953934,world
soft_none,neither,90101,False,False,,1.0,0.0,,62,0.08964608609676361,0.07690677791833878,world,0.028686851263046265,0.01902545616030693,world,0.030719175934791565,0.019481997936964035,world
soft_none,neither,90102,False,False,,1.0,0.0,,63,0.09786204993724823,0.09360724687576294,world,0.03800252825021744,0.03336527198553085,world,0.04039277881383896,0.03511030599474907,world
soft_none,neither,90103,False,False,,1.0,0.0,,62,0.09209884703159332,0.0999792218208313,world,0.028007227927446365,0.03107248619198799,world,0.028325533494353294,0.030916105955839157,world
soft_none,neither,90104,False,False,,1.0,0.0,,72,0.09374873340129852,0.10538593679666519,world,0.026620810851454735,0.03554261103272438,world,0.027923977002501488,0.03776321932673454,world
soft_none,neither,90105,False,False,,1.0,0.0,,74,0.08794519305229187,0.08568421751260757,world,0.02418041229248047,0.024340424686670303,world,0.02725445106625557,0.02721906080842018,world
soft_none,neither,90106,False,False,,1.0,0.0,,79,0.09177085012197495,0.09698532521724701,world,0.026901166886091232,0.029551664367318153,world,0.030094778165221214,0.033656664192676544,world
soft_none,neither,90107,False,False,,1.0,0.0,,79,0.0919528603553772,0.08963468670845032,world,0.03222539275884628,0.032554496079683304,world,0.03363647311925888,0.0346943736076355,world
soft_none,neither,90108,False,False,,1.0,0.0,,64,0.08298127353191376,0.08245289325714111,world,0.01614367589354515,0.018415581434965134,world,0.01630544289946556,0.017478812485933304,world
soft_none,neither,90109,False,False,,1.0,0.0,,66,0.08563028275966644,0.08947096765041351,world,0.0227431021630764,0.03083006665110588,world,0.0234423466026783,0.03157299757003784,world
soft_none,neither,90110,False,False,,1.0,0.0,,60,0.08884415775537491,0.08212423324584961,world,0.02503814361989498,0.015714339911937714,world,0.026409070938825607,0.01648944802582264,world
soft_none,neither,90111,False,False,,1.0,0.0,,76,0.08481699973344803,0.08371936529874802,world,0.02184196189045906,0.015089640393853188,world,0.021822679787874222,0.014267059974372387,world
soft_none,neither,90112,False,False,,1.0,0.0,,69,0.09391407668590546,0.08528957515954971,world,0.032398469746112823,0.025814581662416458,world,0.033325862139463425,0.026348644867539406,world
soft_none,neither,90113,False,False,,1.0,0.0,,60,0.08307399600744247,0.07959294319152832,world,0.019938865676522255,0.02213650569319725,world,0.02137747034430504,0.023568328469991684,world
soft_none,neither,90114,False,False,,1.0,0.0,,65,0.08851198852062225,0.08520741015672684,world,0.02681601047515869,0.021739814430475235,world,0.027967488393187523,0.021556701511144638,world
soft_none,neither,90115,False,False,,1.0,0.0,,77,0.10086097568273544,0.09869613498449326,world,0.03648495301604271,0.037144798785448074,world,0.037330012768507004,0.03697310760617256,world
soft_none,neither,90116,False,False,,1.0,0.0,,75,0.0879516750574112,0.09007588773965836,world,0.017980258911848068,0.014719581231474876,world,0.01964995451271534,0.017222823575139046,world
soft_none,neither,90117,False,False,,1.0,0.0,,79,0.09168638288974762,0.0976267158985138,world,0.022668007761240005,0.03273278474807739,world,0.024756450206041336,0.03636129945516586,world
soft_none,neither,90118,False,False,,1.0,0.0,,68,0.09072738885879517,0.08399740606546402,world,0.030884161591529846,0.029390458017587662,world,0.03167804330587387,0.03144838660955429,world
soft_none,neither,90119,False,False,,1.0,0.0,,69,0.0898902639746666,0.0811280757188797,world,0.03323721885681152,0.03569107502698898,world,0.034822069108486176,0.03827335685491562,world
soft_none,body_only,90120,True,False,m,1.5891995503048728,0.0,,74,0.087166428565979,0.08605436235666275,world,0.03441231697797775,0.031749844551086426,world,0.036969564855098724,0.03531647473573685,world
soft_none,body_only,90121,True,False,l,1.4812383451425903,0.0,,60,0.08294806629419327,0.07652585208415985,world,0.040590740740299225,0.034367337822914124,world,0.04092361032962799,0.035625386983156204,world
soft_none,body_only,90122,True,False,m,1.577333311441059,0.0,,60,0.08370421081781387,0.08932267129421234,world,0.0214758962392807,0.02261846885085106,world,0.022170327603816986,0.022449055686593056,world
soft_none,body_only,90123,True,False,l,1.2659873041674827,0.0,,78,0.08141832053661346,0.08442002534866333,world,0.019312268123030663,0.02117980271577835,world,0.02201242186129093,0.023818431422114372,world
soft_none,body_only,90124,True,False,m,1.4143549642821072,0.0,,79,0.08496306836605072,0.08477351814508438,world,0.02072116732597351,0.024637823924422264,world,0.020895864814519882,0.0239576306194067,world
soft_none,body_only,90125,True,False,l,1.4086180240535773,0.0,,63,0.08094469457864761,0.08263044059276581,world,0.02433468960225582,0.022388773038983345,world,0.024061169475317,0.022915437817573547,world
soft_none,body_only,90126,True,False,m,1.6448408546174003,0.0,,68,0.08510507643222809,0.08177243173122406,world,0.03028024360537529,0.021842382848262787,world,0.032363079488277435,0.021971751004457474,world
soft_none,body_only,90127,True,False,l,1.4986137896780058,0.0,,61,0.08365319669246674,0.08599712699651718,world,0.02490686997771263,0.03607991337776184,world,0.02615046128630638,0.03787105530500412,world
soft_none,body_only,90128,True,False,m,1.416558817025714,0.0,,64,0.08418184518814087,0.08373554795980453,world,0.03862836956977844,0.044063761830329895,world,0.04005390405654907,0.04650453105568886,world
soft_none,body_only,90129,True,False,l,1.38378853736242,0.0,,68,0.08096252381801605,0.0818568617105484,world,0.017483672127127647,0.017763106152415276,world,0.018782353028655052,0.019086455926299095,world
soft_none,body_only,90130,True,False,m,1.4756383192437175,0.0,,71,0.08274944126605988,0.08193474262952805,world,0.021803176030516624,0.02579977735877037,world,0.021859724074602127,0.025562996044754982,world
soft_none,body_only,90131,True,False,l,1.3606013397692742,0.0,,80,0.08183149993419647,0.08199115097522736,world,0.024479379877448082,0.01927931047976017,world,0.02513304352760315,0.019566232338547707,world
soft_none,body_only,90132,True,False,m,1.3052923183294922,0.0,,64,0.08854206651449203,0.087748683989048,world,0.028219599276781082,0.025038480758666992,world,0.029485642910003662,0.0272945798933506,world
soft_none,body_only,90133,True,False,l,1.3207448067237653,0.0,,67,0.0825086161494255,0.08269800990819931,world,0.021067485213279724,0.018197860568761826,world,0.021744340658187866,0.01862316206097603,world
soft_none,body_only,90134,True,False,m,1.4561368550822151,0.0,,64,0.08300944417715073,0.08153371512889862,world,0.015340832062065601,0.012007759883999825,world,0.016190046444535255,0.013761195354163647,world
soft_none,body_only,90135,True,False,l,1.4036352699808552,0.0,,79,0.08401429653167725,0.08385347574949265,world,0.020315803587436676,0.012747359462082386,world,0.021163752302527428,0.013713699765503407,world
soft_none,body_only,90136,True,False,m,1.3752498406372067,0.0,,68,0.08038012683391571,0.08518427610397339,world,0.018725592643022537,0.019445888698101044,world,0.018832476809620857,0.018846845254302025,world
soft_none,body_only,90137,True,False,l,1.3180944856558197,0.0,,66,0.08153838664293289,0.08557619154453278,world,0.019779112190008163,0.016201425343751907,world,0.0201813206076622,0.016378210857510567,world
soft_none,body_only,90138,True,False,m,1.3737292058898571,0.0,,76,0.07993392646312714,0.08428458869457245,world,0.01999431848526001,0.01605207845568657,world,0.020257124677300453,0.01696608029305935,world
soft_none,body_only,90139,True,False,l,1.2231365368057392,0.0,,78,0.08258308470249176,0.08706966787576675,world,0.020940208807587624,0.02269410528242588,world,0.02272251807153225,0.025503594428300858,world
soft_none,body_only,90140,True,False,m,1.5903123576273737,0.0,,77,0.0854761153459549,0.08299960196018219,world,0.029314834624528885,0.027750754728913307,world,0.03033730946481228,0.028694123029708862,world
soft_none,body_only,90141,True,False,l,1.3983126255738383,0.0,,68,0.08301617205142975,0.08477967232465744,world,0.026618873700499535,0.037697307765483856,world,0.027974626049399376,0.040877193212509155,world
soft_none,body_only,90142,True,False,m,1.5588960124158446,0.0,,77,0.08360597491264343,0.08479245752096176,world,0.022412024438381195,0.020973853766918182,world,0.02337099425494671,0.022297605872154236,world
soft_none,body_only,90143,True,False,l,1.3381767659159343,0.0,,76,0.08252836763858795,0.08445554971694946,world,0.022219117730855942,0.021909501403570175,world,0.023086775094270706,0.02379586733877659,world
soft_none,body_only,90144,True,False,m,1.4340779419258376,0.0,,78,0.08634750545024872,0.08723483979701996,world,0.020539939403533936,0.022120986133813858,world,0.022033384069800377,0.02332152985036373,world
soft_none,body_only,90145,True,False,l,1.3732457116762027,0.0,,79,0.08294547349214554,0.08265955746173859,world,0.018491294234991074,0.018941273912787437,world,0.020005058497190475,0.020756179466843605,world
soft_none,body_only,90146,True,False,m,1.4659264726975494,0.0,,73,0.08214493095874786,0.08383536338806152,world,0.021374206990003586,0.024098005145788193,world,0.022850772365927696,0.025405919179320335,world
soft_none,body_only,90147,True,False,l,1.3697174281168265,0.0,,61,0.08448836207389832,0.08677449077367783,world,0.01739400625228882,0.018108734861016273,world,0.018295781686902046,0.019808653742074966,world
soft_none,body_only,90148,True,False,m,1.3038571531689942,0.0,,77,0.08664371073246002,0.08903132379055023,world,0.023239033296704292,0.022682901471853256,world,0.023894116282463074,0.02311791107058525,world
soft_none,body_only,90149,True,False,l,1.2823864181574816,0.0,,69,0.08232023566961288,0.08143595606088638,world,0.0192178376019001,0.02051430381834507,world,0.020717572420835495,0.021677380427718163,world
soft_none,body_only,90150,True,False,m,1.371260065573264,0.0,,77,0.08191702514886856,0.08069383352994919,world,0.027052659541368484,0.025864696130156517,world,0.02760758437216282,0.026046186685562134,world
soft_none,body_only,90151,True,False,l,1.2751118713228489,0.0,,67,0.07893218845129013,0.08103583008050919,world,0.023153219372034073,0.017469944432377815,world,0.02494974248111248,0.018830524757504463,world
soft_none,body_only,90152,True,False,m,1.3717293620024857,0.0,,77,0.08423890173435211,0.08697302639484406,world,0.024673575535416603,0.029749035835266113,world,0.02635311149060726,0.031206678599119186,world
soft_none,body_only,90153,True,False,l,1.3777582765834164,0.0,,63,0.08395351469516754,0.08506294339895248,world,0.026907801628112793,0.03427748382091522,world,0.028057020157575607,0.03514905646443367,world
soft_none,body_only,90154,True,False,m,1.3240528558094946,0.0,,61,0.08010444790124893,0.07942419499158859,world,0.023153914138674736,0.019294269382953644,world,0.022597188130021095,0.01948949135839939,world
soft_none,body_only,90155,True,False,l,1.2616156540457863,0.0,,75,0.08398054540157318,0.08464328944683075,world,0.02361230179667473,0.020659416913986206,world,0.025603389367461205,0.022154580801725388,world
soft_none,body_only,90156,True,False,m,1.53054519222226,0.0,,80,0.08604912459850311,0.08844935894012451,world,0.02225172519683838,0.027794387191534042,world,0.023304635658860207,0.029585737735033035,world
soft_none,body_only,90157,True,False,l,1.488929027680533,0.0,,67,0.07991126924753189,0.08348032832145691,world,0.02622588351368904,0.02723040245473385,world,0.0276683010160923,0.029220853000879288,world
soft_none,body_only,90158,True,False,m,1.4010988441285952,0.0,,76,0.07976657897233963,0.08060578256845474,world,0.016951236873865128,0.018852317705750465,world,0.016152214258909225,0.017057055607438087,world
soft_none,body_only,90159,True,False,l,1.3983826888544335,0.0,,76,0.08167043328285217,0.08191986382007599,world,0.022477153688669205,0.016738614067435265,world,0.02429567649960518,0.017967239022254944,world
soft_none,body_only,90160,True,False,m,1.6346395142175347,0.0,,78,0.08682066202163696,0.08768099546432495,world,0.027232211083173752,0.030333703383803368,world,0.029137730598449707,0.03208523988723755,world
soft_none,body_only,90161,True,False,l,1.4627355647267428,0.0,,75,0.07907108962535858,0.07817450910806656,world,0.021763306111097336,0.027395078912377357,world,0.020789707079529762,0.026300400495529175,world
soft_none,body_only,90162,True,False,m,1.3110427449584228,0.0,,70,0.08532392233610153,0.08439384400844574,world,0.020989272743463516,0.022799432277679443,world,0.022490281611680984,0.024423126131296158,world
soft_none,body_only,90163,True,False,l,1.4308898612160117,0.0,,78,0.08496548235416412,0.08360446989536285,world,0.02754991315305233,0.03202284500002861,world,0.02881516143679619,0.033959321677684784,world
soft_none,body_only,90164,True,False,m,1.439856144676443,0.0,,68,0.07800672948360443,0.07528716325759888,world,0.017836274579167366,0.01767808571457863,world,0.018594911321997643,0.01720254495739937,world
soft_none,body_only,90165,True,False,l,1.2997648895781109,0.0,,62,0.08246559649705887,0.08143743872642517,world,0.014368124306201935,0.019482126459479332,world,0.015192409045994282,0.01989254541695118,world
soft_none,body_only,90166,True,False,m,1.679679815459025,0.0,,64,0.08483095467090607,0.08324246108531952,world,0.0267382450401783,0.016477461904287338,world,0.029352014884352684,0.020297661423683167,world
soft_none,body_only,90167,True,False,l,1.3590101711106688,0.0,,72,0.08082382380962372,0.08103161305189133,world,0.018846217542886734,0.012637774460017681,world,0.02014617808163166,0.013387227430939674,world
soft_none,body_only,90168,True,False,m,1.6457533914678304,0.0,,77,0.08209890127182007,0.07900811731815338,world,0.020817119628190994,0.016871023923158646,world,0.021633611992001534,0.018134336918592453,world
soft_none,body_only,90169,True,False,l,1.372684860076075,0.0,,63,0.08493413031101227,0.08689628541469574,world,0.018734192475676537,0.014825498685240746,world,0.019425397738814354,0.015692492946982384,world
soft_none,body_only,90170,True,False,m,1.5110806219967274,0.0,,77,0.07975729554891586,0.08213375508785248,world,0.020558452233672142,0.01927201822400093,world,0.021248068660497665,0.019536366686224937,world
soft_none,body_only,90171,True,False,l,1.3393346079674444,0.0,,80,0.08289948105812073,0.08351322263479233,world,0.024921840056777,0.026021253317594528,world,0.026032377034425735,0.02749408408999443,world
soft_none,body_only,90172,True,False,m,1.5992541406103382,0.0,,69,0.08201108872890472,0.08179344236850739,world,0.019994039088487625,0.02117769792675972,world,0.02090374194085598,0.022864585742354393,world
soft_none,body_only,90173,True,False,l,1.2909310796297793,0.0,,74,0.08092135190963745,0.07814444601535797,world,0.018362481147050858,0.02105013094842434,world,0.019413087517023087,0.02209034189581871,world
soft_none,body_only,90174,True,False,m,1.4992846063269814,0.0,,60,0.08331365883350372,0.0830671638250351,world,0.024996697902679443,0.022981751710176468,world,0.024851182475686073,0.022829536348581314,world
soft_none,body_only,90175,True,False,l,1.375063495490151,0.0,,67,0.08341490477323532,0.08114278316497803,world,0.02166857197880745,0.02085820958018303,world,0.022358065471053123,0.02300012856721878,world
soft_none,body_only,90176,True,False,m,1.3570155774731387,0.0,,71,0.0796218067407608,0.08286965638399124,world,0.025295358151197433,0.02551538310945034,world,0.025510406121611595,0.025140047073364258,world
soft_none,body_only,90177,True,False,l,1.2641200458110455,0.0,,62,0.08317854255437851,0.08482956141233444,world,0.017612572759389877,0.016323929652571678,world,0.019267797470092773,0.01734466850757599,world
soft_none,body_only,90178,True,False,m,1.5240608064758356,0.0,,68,0.08562437444925308,0.08673794567584991,world,0.025744831189513206,0.03773220628499985,world,0.025892799720168114,0.03719986230134964,world
soft_none,body_only,90179,True,False,l,1.4207768660969622,0.0,,63,0.08325223624706268,0.08298855274915695,world,0.019655171781778336,0.02540038898587227,world,0.0215340256690979,0.028506632894277573,world
soft_none,body_only,90180,True,False,m,1.6834084531201725,0.0,,70,0.08363690227270126,0.08538584411144257,world,0.03070356324315071,0.03568452596664429,world,0.03108881786465645,0.036074887961149216,world
soft_none,body_only,90181,True,False,l,1.3164236438723707,0.0,,75,0.08309255540370941,0.08123345673084259,world,0.023790422827005386,0.024063104763627052,world,0.02487853169441223,0.024858202785253525,world
soft_none,body_only,90182,True,False,m,1.3450601064988406,0.0,,60,0.08440423011779785,0.07941347360610962,world,0.018576428294181824,0.02061583660542965,world,0.02089853025972843,0.023991350084543228,world
soft_none,body_only,90183,True,False,l,1.3429357517410216,0.0,,67,0.08385029435157776,0.08597461134195328,world,0.02059582807123661,0.024357855319976807,world,0.02150832489132881,0.025989031419157982,world
soft_none,body_only,90184,True,False,m,1.6568892806087865,0.0,,73,0.0855432003736496,0.08512166887521744,world,0.02241460606455803,0.02503448724746704,world,0.022839326411485672,0.025951534509658813,world
soft_none,body_only,90185,True,False,l,1.43334245437914,0.0,,67,0.08347435295581818,0.08453651517629623,world,0.0234553050249815,0.026443053036928177,world,0.024597305804491043,0.027286116033792496,world
soft_none,body_only,90186,True,False,m,1.6331529059433587,0.0,,70,0.08364598453044891,0.07894383370876312,world,0.021747073158621788,0.019715216010808945,world,0.023433953523635864,0.021455394104123116,world
soft_none,body_only,90187,True,False,l,1.3141636302230804,0.0,,65,0.08549479395151138,0.08697237819433212,world,0.028901943936944008,0.026606926694512367,world,0.03035644255578518,0.027550455182790756,world
soft_none,body_only,90188,True,False,m,1.68271261290117,0.0,,72,0.08625096082687378,0.08880656957626343,world,0.04189152643084526,0.04991540685296059,world,0.04309415817260742,0.05198799446225166,world
soft_none,body_only,90189,True,False,l,1.2673551846296478,0.0,,69,0.08185666799545288,0.08430936932563782,world,0.020931730046868324,0.01884809136390686,world,0.02214425429701805,0.020080016925930977,world
soft_none,body_only,90190,True,False,m,1.4616304439624153,0.0,,61,0.08281306177377701,0.08551760017871857,world,0.018419113010168076,0.018137335777282715,world,0.01909201219677925,0.019637731835246086,world
soft_none,body_only,90191,True,False,l,1.3598610545526153,0.0,,75,0.08363465219736099,0.08244446665048599,world,0.019358357414603233,0.026765251532197,world,0.019741637632250786,0.026520144194364548,world
soft_none,body_only,90192,True,False,m,1.6394540644586693,0.0,,73,0.08431179821491241,0.08671321719884872,world,0.03565969318151474,0.03899311274290085,world,0.037386953830718994,0.040653787553310394,world
soft_none,body_only,90193,True,False,l,1.2806965176607972,0.0,,79,0.08351049572229385,0.08290481567382812,world,0.01938519813120365,0.021260246634483337,world,0.020187316462397575,0.02261115238070488,world
soft_none,body_only,90194,True,False,m,1.3882151295384004,0.0,,72,0.08319349586963654,0.08659197390079498,world,0.02336990274488926,0.029610294848680496,world,0.023807503283023834,0.03020399808883667,world
soft_none,body_only,90195,True,False,l,1.4070168029723402,0.0,,68,0.0816594734787941,0.08211992681026459,world,0.026275301352143288,0.030401309952139854,world,0.025832226499915123,0.02888440527021885,world
soft_none,body_only,90196,True,False,m,1.4747105385822876,0.0,,78,0.08279267698526382,0.08468596637248993,world,0.026741450652480125,0.02311563491821289,world,0.028608176857233047,0.0249017421156168,world
soft_none,body_only,90197,True,False,l,1.3111555143573217,0.0,,62,0.08222591131925583,0.0829489454627037,world,0.01839485764503479,0.01883206143975258,world,0.018480679020285606,0.019400237128138542,world
soft_none,body_only,90198,True,False,m,1.379640047296776,0.0,,79,0.07925071567296982,0.07855723798274994,world,0.019096827134490013,0.017039230093359947,world,0.019081171602010727,0.016689900308847427,world
soft_none,body_only,90199,True,False,l,1.4868269255907973,0.0,,73,0.08604611456394196,0.08623689413070679,world,0.02538277767598629,0.021983224898576736,world,0.02688075229525566,0.023735223338007927,world
soft_none,body_only,90200,True,False,m,1.568789452616487,0.0,,75,0.08367995917797089,0.08392910659313202,world,0.01647890917956829,0.015303527005016804,world,0.018624169752001762,0.01741541363298893,world
soft_none,body_only,90201,True,False,l,1.237480856854104,0.0,,74,0.08497001975774765,0.08780379593372345,world,0.023417558521032333,0.023606937378644943,world,0.02492588385939598,0.025383111089468002,world
soft_none,body_only,90202,True,False,m,1.589816924085751,0.0,,69,0.0856444239616394,0.08946984261274338,world,0.025111425668001175,0.033212821930646896,world,0.02545982599258423,0.03397224098443985,world
soft_none,body_only,90203,True,False,l,1.2163108575505985,0.0,,68,0.08409415185451508,0.08359052240848541,world,0.024185817688703537,0.026000838726758957,world,0.024868354201316833,0.027715370059013367,world
soft_none,body_only,90204,True,False,m,1.577624770964431,0.0,,61,0.08302955329418182,0.08183234930038452,world,0.024932434782385826,0.026256879791617393,world,0.025580337271094322,0.02697351574897766,world
soft_none,body_only,90205,True,False,l,1.3675497082151145,0.0,,65,0.08297015726566315,0.08478483557701111,world,0.025974731892347336,0.024514582008123398,world,0.026914063841104507,0.02464708499610424,world
soft_none,body_only,90206,True,False,m,1.5176465510618466,0.0,,74,0.08121727406978607,0.0782754048705101,world,0.015344476327300072,0.014676709659397602,world,0.01660121977329254,0.016481315717101097,world
soft_none,body_only,90207,True,False,l,1.2488637580931352,0.0,,80,0.0831754058599472,0.08048301935195923,world,0.016653330996632576,0.01690058968961239,world,0.01795532926917076,0.01884301006793976,world
soft_none,body_only,90208,True,False,m,1.4834364114696996,0.0,,66,0.08351592719554901,0.08690624684095383,world,0.017158299684524536,0.019029567018151283,world,0.017185373231768608,0.019072551280260086,world
soft_none,body_only,90209,True,False,l,1.263629522578016,0.0,,60,0.08316977322101593,0.08804941177368164,world,0.021538186818361282,0.027355939149856567,world,0.021923009306192398,0.02827470935881138,world
soft_none,body_only,90210,True,False,m,1.3346147837212192,0.0,,73,0.08255603164434433,0.08141129463911057,world,0.016738953068852425,0.009779306128621101,world,0.017930081114172935,0.011727592907845974,world
soft_none,body_only,90211,True,False,l,1.30656153459059,0.0,,71,0.0813119113445282,0.08072124421596527,world,0.019622448831796646,0.019285444170236588,world,0.02083497680723667,0.018616652116179466,world
soft_none,body_only,90212,True,False,m,1.6930851814175538,0.0,,60,0.08401550352573395,0.08359815180301666,world,0.026866573840379715,0.024438509717583656,world,0.028527934104204178,0.026788443326950073,world
soft_none,body_only,90213,True,False,l,1.3559979569855254,0.0,,66,0.08096108585596085,0.07987827807664871,world,0.023225456476211548,0.023675793781876564,world,0.024691443890333176,0.025811772793531418,world
soft_none,body_only,90214,True,False,m,1.3935857870234445,0.0,,60,0.08496326208114624,0.08777227252721786,world,0.021265273913741112,0.02387339062988758,world,0.02157306857407093,0.024434618651866913,world
soft_none,body_only,90215,True,False,l,1.3131198647094737,0.0,,80,0.08389433473348618,0.08621005713939667,world,0.023429373279213905,0.02917715348303318,world,0.024770254269242287,0.029984693974256516,world
soft_none,body_only,90216,True,False,m,1.681261135717984,0.0,,66,0.08377949148416519,0.08155792951583862,world,0.022771429270505905,0.027584662660956383,world,0.0237017460167408,0.027529850602149963,world
soft_none,body_only,90217,True,False,l,1.413471960665546,0.0,,75,0.08520479500293732,0.0820734053850174,world,0.02793031372129917,0.025382107123732567,world,0.029119595885276794,0.024692067876458168,world
soft_none,body_only,90218,True,False,m,1.584896311018346,0.0,,74,0.08473625034093857,0.08026890456676483,world,0.024548184126615524,0.030066514387726784,world,0.0260344035923481,0.031599946320056915,world
soft_none,body_only,90219,True,False,l,1.3119810143159762,0.0,,70,0.0841284692287445,0.08665473759174347,world,0.01572749949991703,0.019145097583532333,world,0.01564035750925541,0.01821218803524971,world
soft_none,body_only,90220,True,False,m,1.300500753923412,0.0,,65,0.08145312964916229,0.08525680005550385,world,0.017169984057545662,0.014335026033222675,world,0.0181047935038805,0.014507995918393135,world
soft_none,body_only,90221,True,False,l,1.325946290087466,0.0,,69,0.08218880742788315,0.08245084434747696,world,0.015564674511551857,0.013683309778571129,world,0.01622910238802433,0.014864295721054077,world
soft_none,body_only,90222,True,False,m,1.3799548422979533,0.0,,63,0.08416495472192764,0.0819196030497551,world,0.02587408386170864,0.018208317458629608,world,0.02752438187599182,0.019826963543891907,world
soft_none,body_only,90223,True,False,l,1.2088747342560058,0.0,,66,0.08117131888866425,0.08100351691246033,world,0.018575415015220642,0.017593611031770706,world,0.019111568108201027,0.017440853640437126,world
soft_none,body_only,90224,True,False,m,1.3689372681649405,0.0,,67,0.08303533494472504,0.08427856862545013,world,0.017369303852319717,0.01729397103190422,world,0.019135143607854843,0.018074622377753258,world
soft_none,body_only,90225,True,False,l,1.4190999555086545,0.0,,76,0.08371873199939728,0.08869701623916626,world,0.026506954804062843,0.022999074310064316,world,0.027866099029779434,0.02481076866388321,world
soft_none,body_only,90226,True,False,m,1.3666051873938825,0.0,,68,0.08461906760931015,0.08580586314201355,world,0.019948706030845642,0.019474724307656288,world,0.020477281883358955,0.019579296931624413,world
soft_none,body_only,90227,True,False,l,1.2089853713110907,0.0,,76,0.08339089155197144,0.08092111349105835,world,0.01688564196228981,0.019517986103892326,world,0.017884263768792152,0.020498182624578476,world
soft_none,body_only,90228,True,False,m,1.3941552835422104,0.0,,76,0.08271191269159317,0.08084995299577713,world,0.022353002801537514,0.021108904853463173,world,0.02413020469248295,0.02198130264878273,world
soft_none,body_only,90229,True,False,l,1.4129882265602367,0.0,,60,0.08311382681131363,0.08430792391300201,world,0.02964140847325325,0.038770824670791626,world,0.030272847041487694,0.04008515551686287,world
soft_none,body_only,90230,True,False,m,1.387380358400205,0.0,,62,0.08259594440460205,0.08402968943119049,world,0.01826118305325508,0.01857929490506649,world,0.018971076235175133,0.01853995770215988,world
soft_none,body_only,90231,True,False,l,1.2736796593502162,0.0,,79,0.0805104672908783,0.08462810516357422,world,0.01835603639483452,0.017466522753238678,world,0.01917414739727974,0.019222896546125412,world
soft_none,body_only,90232,True,False,m,1.3398772042708087,0.0,,65,0.08465521037578583,0.08055374026298523,world,0.021287500858306885,0.014994224533438683,world,0.02187110111117363,0.014103071764111519,world
soft_none,body_only,90233,True,False,l,1.2151805568406018,0.0,,74,0.08192570507526398,0.0825110599398613,world,0.013860806822776794,0.012556714937090874,world,0.015200359746813774,0.01346241682767868,world
soft_none,body_only,90234,True,False,m,1.412785576783788,0.0,,80,0.0850052684545517,0.08290282636880875,world,0.02768610045313835,0.02564748004078865,world,0.029332458972930908,0.027345646172761917,world
soft_none,body_only,90235,True,False,l,1.4243033807217698,0.0,,60,0.08340965211391449,0.08180715143680573,world,0.020853910595178604,0.020553190261125565,world,0.02181868813931942,0.022279446944594383,world
soft_none,body_only,90236,True,False,m,1.6997035312296203,0.0,,64,0.08598708361387253,0.08843681961297989,world,0.024210084229707718,0.030616873875260353,world,0.02499626949429512,0.0317474827170372,world
soft_none,body_only,90237,True,False,l,1.376968432617344,0.0,,75,0.08371210098266602,0.08495049178600311,world,0.019373536109924316,0.021562369540333748,world,0.020635142922401428,0.022702757269144058,world
soft_none,body_only,90238,True,False,m,1.5968317899030746,0.0,,62,0.0828000158071518,0.0835334062576294,world,0.02308947779238224,0.023349229246377945,world,0.02359188161790371,0.02408771961927414,world
soft_none,body_only,90239,True,False,l,1.3434682340044826,0.0,,67,0.0803273394703865,0.08015962690114975,world,0.02281712368130684,0.02020798623561859,world,0.024009186774492264,0.02117331326007843,world
soft_none,world_only,90240,False,True,,1.0,1.0,short,59,0.09989600628614426,0.10098665952682495,world,0.03507997840642929,0.04060445725917816,world,0.036371562629938126,0.041455499827861786,world
soft_none,world_only,90241,False,True,,1.0,1.0,medium,75,0.0834028571844101,0.08850349485874176,world,0.019744429737329483,0.02103007771074772,world,0.021029945462942123,0.021909281611442566,world
soft_none,world_only,90242,False,True,,1.0,-2.0,short,69,0.09899633377790451,0.09270767122507095,world,0.04253857582807541,0.04206697270274162,world,0.04353518411517143,0.04414976015686989,world
soft_none,world_only,90243,False,True,,1.0,2.0,medium,68,0.06105257198214531,nan,world,0.2539587914943695,nan,body,0.3243642747402191,nan,body
soft_none,world_only,90244,False,True,,1.0,-4.0,short,65,0.08023904263973236,nan,world,0.22636452317237854,nan,body,0.35315918922424316,nan,body
soft_none,world_only,90245,False,True,,1.0,4.0,medium,65,0.06373102962970734,nan,world,0.22315795719623566,nan,body,0.27257242798805237,nan,body
soft_none,world_only,90246,False,True,,1.0,-1.0,short,75,0.08451692014932632,0.09247316420078278,world,0.02052432671189308,0.02222604490816593,world,0.021702498197555542,0.024016231298446655,world
soft_none,world_only,90247,False,True,,1.0,-1.0,medium,77,0.0948544591665268,0.10007397085428238,world,0.03585643321275711,0.044310640543699265,world,0.0385291762650013,0.04660571366548538,world
soft_none,world_only,90248,False,True,,1.0,-2.0,short,70,0.0993160754442215,0.10372383892536163,world,0.04248001426458359,0.046645645052194595,world,0.044902436435222626,0.051906608045101166,world
soft_none,world_only,90249,False,True,,1.0,2.0,medium,60,0.053032469004392624,nan,world,0.25540128350257874,nan,body,0.3177989423274994,nan,body
soft_none,world_only,90250,False,True,,1.0,4.0,short,68,0.0560980960726738,nan,world,0.2404877245426178,nan,body,0.31064969301223755,nan,body
soft_none,world_only,90251,False,True,,1.0,-4.0,medium,77,0.06233289837837219,nan,world,0.16677217185497284,nan,body,0.2996496260166168,nan,body
soft_none,world_only,90252,False,True,,1.0,-1.0,short,78,0.09907051175832748,0.09577182680368423,world,0.04343608766794205,0.033477164804935455,world,0.04659060761332512,0.03525536507368088,body
soft_none,world_only,90253,False,True,,1.0,1.0,medium,60,0.10030989348888397,0.09873154759407043,world,0.041946835815906525,0.043019525706768036,world,0.0449778251349926,0.04650513082742691,world
soft_none,world_only,90254,False,True,,1.0,2.0,short,75,0.08138451725244522,0.08172805607318878,world,0.017855603247880936,0.018467215821146965,world,0.01889083720743656,0.020019948482513428,world
soft_none,world_only,90255,False,True,,1.0,2.0,medium,70,0.05380086228251457,nan,world,0.26737362146377563,nan,body,0.32535067200660706,nan,body
soft_none,world_only,90256,False,True,,1.0,-4.0,short,70,0.06754012405872345,nan,world,0.180423304438591,nan,body,0.31661444902420044,nan,body
soft_none,world_only,90257,False,True,,1.0,-4.0,medium,64,0.06880049407482147,nan,world,0.16445589065551758,nan,body,0.3056546449661255,nan,body
soft_none,world_only,90258,False,True,,1.0,-1.0,short,67,0.09089625626802444,0.09158679842948914,world,0.030477900058031082,0.03574134409427643,world,0.03066667914390564,0.03508094698190689,world
soft_none,world_only,90259,False,True,,1.0,1.0,medium,71,0.08444153517484665,0.08523930609226227,world,0.015461812727153301,0.019662311300635338,world,0.01672179065644741,0.02026989869773388,world
soft_none,world_only,90260,False,True,,1.0,-2.0,short,78,0.10013902187347412,0.10969491302967072,world,0.04757265746593475,0.05947873741388321,body,0.04892789572477341,0.059680379927158356,body
soft_none,world_only,90261,False,True,,1.0,-2.0,medium,76,0.07877547293901443,nan,world,0.19377700984477997,nan,body,0.32451993227005005,nan,body
soft_none,world_only,90262,False,True,,1.0,-4.0,short,68,0.0682297945022583,nan,world,0.19346360862255096,nan,body,0.3162546157836914,nan,body
soft_none,world_only,90263,False,True,,1.0,-4.0,medium,76,0.059164226055145264,nan,world,0.15962965786457062,nan,body,0.28608831763267517,nan,body
soft_none,world_only,90264,False,True,,1.0,1.0,short,76,0.08898639678955078,0.09468237310647964,world,0.025277504697442055,0.03141321241855621,world,0.027279715985059738,0.03383835777640343,world
soft_none,world_only,90265,False,True,,1.0,1.0,medium,73,0.0850837379693985,0.08717969805002213,world,0.024275178089737892,0.027859266847372055,world,0.025515234097838402,0.030102431774139404,world
soft_none,world_only,90266,False,True,,1.0,2.0,short,80,0.11045403778553009,nan,body,0.2763451933860779,nan,body,0.28706735372543335,nan,body
soft_none,world_only,90267,False,True,,1.0,2.0,medium,73,0.05102717876434326,nan,world,0.2625453472137451,nan,body,0.3176509737968445,nan,body
soft_none,world_only,90268,False,True,,1.0,-4.0,short,69,0.06513272225856781,nan,world,0.19591137766838074,nan,body,0.31996744871139526,nan,body
soft_none,world_only,90269,False,True,,1.0,4.0,medium,74,0.06505755335092545,nan,world,0.23673632740974426,nan,body,0.27657389640808105,nan,body
soft_none,world_only,90270,False,True,,1.0,-1.0,short,81,0.09596733003854752,0.09290055185556412,world,0.03689438849687576,0.033091358840465546,world,0.03756040707230568,0.031463272869586945,world
soft_none,world_only,90271,False,True,,1.0,1.0,medium,77,0.0850333571434021,0.09128613770008087,world,0.02373618260025978,0.03140849992632866,world,0.023637237027287483,0.030338015407323837,world
soft_none,world_only,90272,False,True,,1.0,-2.0,short,58,0.0912822037935257,0.09259475767612457,world,0.027103587985038757,0.025804173201322556,world,0.029123539105057716,0.028542112559080124,world
soft_none,world_only,90273,False,True,,1.0,2.0,medium,71,0.05795072391629219,nan,world,0.24175362288951874,nan,body,0.31722673773765564,nan,body
soft_none,world_only,90274,False,True,,1.0,4.0,short,60,0.05490003153681755,nan,world,0.21584904193878174,nan,body,0.2967506945133209,nan,body
soft_none,world_only,90275,False,True,,1.0,4.0,medium,76,0.060321737080812454,nan,world,0.2327233850955963,nan,body,0.2768295407295227,nan,body
soft_none,world_only,90276,False,True,,1.0,1.0,short,69,0.08578786253929138,0.090335413813591,world,0.025953859090805054,0.024299710988998413,world,0.02648484706878662,0.02506210282444954,world
soft_none,world_only,90277,False,True,,1.0,-1.0,medium,75,0.0996008887887001,0.09909888356924057,world,0.036827195435762405,0.03844911605119705,world,0.03879612684249878,0.03826281800866127,world
soft_none,world_only,90278,False,True,,1.0,2.0,short,64,0.09428028017282486,0.10049927234649658,world,0.03727778047323227,0.04589986801147461,world,0.03849150985479355,0.04760746285319328,world
soft_none,world_only,90279,False,True,,1.0,-2.0,medium,63,0.08552263677120209,nan,world,0.21949467062950134,nan,body,0.33735203742980957,nan,body
soft_none,world_only,90280,False,True,,1.0,4.0,short,77,0.054234884679317474,nan,world,0.22749975323677063,nan,body,0.3062111735343933,nan,body
soft_none,world_only,90281,False,True,,1.0,4.0,medium,77,0.048211656510829926,nan,world,0.22073164582252502,nan,body,0.2590697109699249,nan,body
soft_none,world_only,90282,False,True,,1.0,1.0,short,68,0.08778692036867142,0.07879811525344849,world,0.025425145402550697,0.022764166817069054,world,0.026181716471910477,0.02554762363433838,world
soft_none,world_only,90283,False,True,,1.0,-1.0,medium,74,0.09998522698879242,0.09643124043941498,world,0.045999836176633835,0.04671509563922882,body,0.05031418055295944,0.04990943521261215,body
soft_none,world_only,90284,False,True,,1.0,2.0,short,72,0.05669300630688667,nan,world,0.2741052806377411,nan,body,0.3304407000541687,nan,body
soft_none,world_only,90285,False,True,,1.0,-2.0,medium,73,0.07730713486671448,nan,world,0.2846892774105072,nan,body,0.34334829449653625,nan,body
soft_none,world_only,90286,False,True,,1.0,4.0,short,67,0.0538560226559639,nan,world,0.23978769779205322,nan,body,0.30691203474998474,nan,body
soft_none,world_only,90287,False,True,,1.0,4.0,medium,79,0.05733032897114754,nan,world,0.24046024680137634,nan,body,0.27058473229408264,nan,body
soft_none,world_only,90288,False,True,,1.0,-1.0,short,78,0.08853031694889069,0.09630599617958069,world,0.018088212236762047,0.02514638565480709,world,0.018796393647789955,0.025446658954024315,world
soft_none,world_only,90289,False,True,,1.0,1.0,medium,64,0.09829039871692657,0.10831375420093536,world,0.024953780695796013,0.034069158136844635,world,0.027243435382843018,0.036671023815870285,world
soft_none,world_only,90290,False,True,,1.0,2.0,short,66,0.09655109792947769,0.10789813846349716,world,0.022820476442575455,0.021666744723916054,world,0.026081442832946777,0.02646748721599579,world
soft_none,world_only,90291,False,True,,1.0,-2.0,medium,75,0.07790261507034302,nan,world,0.23139338195323944,nan,body,0.3380342125892639,nan,body
soft_none,world_only,90292,False,True,,1.0,-4.0,short,74,0.06646496057510376,nan,world,0.1961727738380432,nan,body,0.33087605237960815,nan,body
soft_none,world_only,90293,False,True,,1.0,4.0,medium,69,0.053184449672698975,nan,world,0.23778772354125977,nan,body,0.26362743973731995,nan,body
soft_none,world_only,90294,False,True,,1.0,-1.0,short,70,0.08882401883602142,0.09394215047359467,world,0.02517995797097683,0.028049563989043236,world,0.02654014155268669,0.030201638117432594,world
soft_none,world_only,90295,False,True,,1.0,1.0,medium,64,0.09006880223751068,0.0959220752120018,world,0.02813160978257656,0.027299974113702774,world,0.029241174459457397,0.027621382847428322,world
soft_none,world_only,90296,False,True,,1.0,-2.0,short,84,0.0973416194319725,0.09995628893375397,world,0.035054028034210205,0.035429347306489944,world,0.03622463718056679,0.036975208669900894,world
soft_none,world_only,90297,False,True,,1.0,2.0,medium,62,0.05958292633295059,nan,world,0.223340705037117,nan,body,0.31752583384513855,nan,body
soft_none,world_only,90298,False,True,,1.0,4.0,short,62,0.06201589107513428,nan,world,0.2544945776462555,nan,body,0.2954042851924896,nan,body
soft_none,world_only,90299,False,True,,1.0,-4.0,medium,67,0.06725246459245682,nan,world,0.1753915548324585,nan,body,0.30203765630722046,nan,body
soft_none,world_only,90300,False,True,,1.0,-1.0,short,67,0.09540794044733047,0.09493741393089294,world,0.030690517276525497,0.028762757778167725,world,0.03345103934407234,0.0313294343650341,world
soft_none,world_only,90301,False,True,,1.0,-1.0,medium,72,0.09317953139543533,0.09079711884260178,world,0.02867019549012184,0.028264980763196945,world,0.02976353093981743,0.029152637347579002,world
soft_none,world_only,90302,False,True,,1.0,-2.0,short,78,0.08460595458745956,0.08296356350183487,world,0.025652561336755753,0.02169165387749672,world,0.02717994712293148,0.02353530004620552,world
soft_none,world_only,90303,False,True,,1.0,2.0,medium,59,0.057494450360536575,nan,world,0.25639715790748596,nan,body,0.32862216234207153,nan,body
soft_none,world_only,90304,False,True,,1.0,4.0,short,80,0.05263666436076164,nan,world,0.24866218864917755,nan,body,0.3145431876182556,nan,body
soft_none,world_only,90305,False,True,,1.0,-4.0,medium,73,0.06947001069784164,nan,world,0.15239086747169495,nan,body,0.2902320921421051,nan,body
soft_none,world_only,90306,False,True,,1.0,1.0,short,64,0.09099435806274414,0.09269910305738449,world,0.024684835225343704,0.02592563070356846,world,0.026759322732686996,0.02864636853337288,world
soft_none,world_only,90307,False,True,,1.0,1.0,medium,72,0.10480642318725586,0.1043669581413269,body,0.041493479162454605,0.04109278693795204,world,0.0433465912938118,0.04219559580087662,world
soft_none,world_only,90308,False,True,,1.0,-2.0,short,62,0.0895286351442337,0.08599771559238434,world,0.0246816985309124,0.02794725075364113,world,0.025942960754036903,0.028819615021348,world
soft_none,world_only,90309,False,True,,1.0,2.0,medium,65,0.05386912822723389,nan,world,0.26266714930534363,nan,body,0.3186342120170593,nan,body
soft_none,world_only,90310,False,True,,1.0,4.0,short,70,0.049713242799043655,nan,world,0.23377761244773865,nan,body,0.3090308904647827,nan,body
soft_none,world_only,90311,False,True,,1.0,-4.0,medium,66,0.0635172575712204,nan,world,0.16160540282726288,nan,body,0.2955673038959503,nan,body
soft_none,world_only,90312,False,True,,1.0,1.0,short,69,0.09830993413925171,0.10316512733697891,world,0.039307814091444016,0.04065662622451782,world,0.03982972726225853,0.04116404801607132,world
soft_none,world_only,90313,False,True,,1.0,-1.0,medium,66,0.08689497411251068,0.09412197023630142,world,0.02343611605465412,0.03284785896539688,world,0.024934139102697372,0.0348791629076004,world
soft_none,world_only,90314,False,True,,1.0,2.0,short,66,0.08322213590145111,0.08466832339763641,world,0.01801430806517601,0.01696654036641121,world,0.017853569239377975,0.015993118286132812,world
soft_none,world_only,90315,False,True,,1.0,2.0,medium,65,0.054073262959718704,nan,world,0.2437349259853363,nan,body,0.31951940059661865,nan,body
soft_none,world_only,90316,False,True,,1.0,4.0,short,63,0.059887491166591644,nan,world,0.2137642204761505,nan,body,0.3034462034702301,nan,body
soft_none,world_only,90317,False,True,,1.0,4.0,medium,84,0.04954919591546059,nan,world,0.24056892096996307,nan,body,0.26437824964523315,nan,body
soft_none,world_only,90318,False,True,,1.0,-1.0,short,75,0.08508620411157608,0.08618880808353424,world,0.02293936349451542,0.025301259011030197,world,0.023698313161730766,0.02575114741921425,world
soft_none,world_only,90319,False,True,,1.0,1.0,medium,65,0.08437012135982513,0.08824092894792557,world,0.02314075455069542,0.026535484939813614,world,0.023144062608480453,0.026848722249269485,world
soft_none,world_only,90320,False,True,,1.0,2.0,short,76,0.0766443982720375,nan,world,0.2640606462955475,nan,body,0.30988723039627075,nan,body
soft_none,world_only,90321,False,True,,1.0,2.0,medium,57,0.05838354304432869,nan,world,0.23718301951885223,nan,body,0.3248295485973358,nan,body
soft_none,world_only,90322,False,True,,1.0,4.0,short,74,0.05559999868273735,nan,world,0.2570781409740448,nan,body,0.32215988636016846,nan,body
soft_none,world_only,90323,False,True,,1.0,-4.0,medium,75,0.06541459262371063,nan,world,0.16620028018951416,nan,body,0.30357351899147034,nan,body
soft_none,world_only,90324,False,True,,1.0,1.0,short,72,0.08740832656621933,0.08328380435705185,world,0.024297146126627922,0.02992633916437626,world,0.025668704882264137,0.03144814819097519,world
soft_none,world_only,90325,False,True,,1.0,1.0,medium,80,0.10144682228565216,0.10174288600683212,world,0.04471929371356964,0.038155391812324524,body,0.04571880027651787,0.037278302013874054,body
soft_none,world_only,90326,False,True,,1.0,2.0,short,73,0.08877146989107132,0.08737260103225708,world,0.03087536059319973,0.030245069414377213,world,0.03212685137987137,0.032534681260585785,world
soft_none,world_only,90327,False,True,,1.0,-2.0,medium,78,0.08144736289978027,nan,world,0.20713543891906738,nan,body,0.3457096219062805,nan,body
soft_none,world_only,90328,False,True,,1.0,-4.0,short,74,0.06668522953987122,nan,world,0.18915879726409912,nan,body,0.32466599345207214,nan,body
soft_none,world_only,90329,False,True,,1.0,4.0,medium,75,0.056947458535432816,nan,world,0.23252806067466736,nan,body,0.2593840956687927,nan,body
soft_none,world_only,90330,False,True,,1.0,1.0,short,82,0.09824414551258087,0.0939551591873169,world,0.03518914058804512,0.03405412286520004,world,0.03745747730135918,0.03668338805437088,world
soft_none,world_only,90331,False,True,,1.0,1.0,medium,61,0.10598520189523697,0.1073223203420639,body,0.04163014888763428,0.038733672350645065,world,0.04483099654316902,0.04262497276067734,world
soft_none,world_only,90332,False,True,,1.0,-2.0,short,70,0.09602707624435425,0.10215599834918976,world,0.03567109256982803,0.03600975126028061,world,0.03553056716918945,0.037032268941402435,world
soft_none,world_only,90333,False,True,,1.0,2.0,medium,72,0.055639348924160004,nan,world,0.2480177879333496,nan,body,0.3170890212059021,nan,body
soft_none,world_only,90334,False,True,,1.0,4.0,short,61,0.05576348304748535,nan,world,0.2366672307252884,nan,body,0.31550243496894836,nan,body
soft_none,world_only,90335,False,True,,1.0,-4.0,medium,77,0.06426851451396942,nan,world,0.15629757940769196,nan,body,0.2883346974849701,nan,body
soft_none,world_only,90336,False,True,,1.0,-1.0,short,76,0.10087180137634277,0.11539106070995331,world,0.04038253426551819,0.05047225207090378,world,0.041891105473041534,0.052887558937072754,world
soft_none,world_only,90337,False,True,,1.0,1.0,medium,60,0.0835910513997078,0.08744800090789795,world,0.025975322350859642,0.03060067817568779,world,0.026606585830450058,0.031189268454909325,world
soft_none,world_only,90338,False,True,,1.0,2.0,short,58,0.08492110669612885,0.08802693337202072,world,0.02122930809855461,0.018858570605516434,world,0.02314152382314205,0.020902812480926514,world
soft_none,world_only,90339,False,True,,1.0,2.0,medium,61,0.05446678400039673,nan,world,0.23665866255760193,nan,body,0.3133545517921448,nan,body
soft_none,world_only,90340,False,True,,1.0,4.0,short,57,0.060416389256715775,nan,world,0.21312454342842102,nan,body,0.3040038049221039,nan,body
soft_none,world_only,90341,False,True,,1.0,4.0,medium,71,0.06435786932706833,nan,world,0.21775758266448975,nan,body,0.2727101445198059,nan,body
soft_none,world_only,90342,False,True,,1.0,1.0,short,69,0.0859045684337616,0.08691906929016113,world,0.019367258995771408,0.017494847998023033,world,0.019979750737547874,0.01703185960650444,world
soft_none,world_only,90343,False,True,,1.0,1.0,medium,70,0.09292633831501007,0.08416271209716797,world,0.03248940780758858,0.027469921857118607,world,0.035050541162490845,0.03147117421030998,world
soft_none,world_only,90344,False,True,,1.0,2.0,short,65,0.09196525812149048,0.08855776488780975,world,0.026690831407904625,0.020574506372213364,world,0.028804266825318336,0.021959656849503517,world
soft_none,world_only,90345,False,True,,1.0,-2.0,medium,75,0.08241448551416397,nan,world,0.26028957962989807,nan,body,0.36258670687675476,nan,body
soft_none,world_only,90346,False,True,,1.0,4.0,short,59,0.05075199529528618,nan,world,0.2356971949338913,nan,body,0.3010605275630951,nan,body
soft_none,world_only,90347,False,True,,1.0,-4.0,medium,63,0.06157936528325081,nan,world,0.15915712714195251,nan,body,0.2877165377140045,nan,body
soft_none,world_only,90348,False,True,,1.0,-1.0,short,77,0.08992670476436615,0.10172629356384277,world,0.03259442001581192,0.04317968338727951,world,0.03308411315083504,0.04306671395897865,world
soft_none,world_only,90349,False,True,,1.0,1.0,medium,63,0.08771850913763046,0.09151334315538406,world,0.01950732059776783,0.023430446162819862,world,0.019598007202148438,0.02230636402964592,world
soft_none,world_only,90350,False,True,,1.0,-2.0,short,79,0.09757499396800995,0.10224521160125732,world,0.029916513711214066,0.03661066293716431,world,0.03045494295656681,0.03577130287885666,world
soft_none,world_only,90351,False,True,,1.0,2.0,medium,75,0.059485696256160736,nan,world,0.21588826179504395,nan,body,0.33153513073921204,nan,body
soft_none,world_only,90352,False,True,,1.0,-4.0,short,76,0.06891709566116333,nan,world,0.20112574100494385,nan,body,0.32900869846343994,nan,body
soft_none,world_only,90353,False,True,,1.0,-4.0,medium,65,0.06514300405979156,nan,world,0.15876629948616028,nan,body,0.28418833017349243,nan,body
soft_none,world_only,90354,False,True,,1.0,-1.0,short,72,0.08632011711597443,0.09092546999454498,world,0.021457165479660034,0.02521469257771969,world,0.023358134552836418,0.026534304022789,world
soft_none,world_only,90355,False,True,,1.0,1.0,medium,71,0.08912330865859985,0.0895046666264534,world,0.025638902559876442,0.026155710220336914,world,0.02706313505768776,0.027252953499555588,world
soft_none,world_only,90356,False,True,,1.0,2.0,short,78,0.09226708114147186,0.09717554599046707,world,0.022739773616194725,0.028383353725075722,world,0.024479499086737633,0.030360758304595947,world
soft_none,world_only,90357,False,True,,1.0,-2.0,medium,69,0.07753613591194153,nan,world,0.23489908874034882,nan,body,0.33288493752479553,nan,body
soft_none,world_only,90358,False,True,,1.0,4.0,short,74,0.05806518718600273,nan,world,0.2585196793079376,nan,body,0.3171221911907196,nan,body
soft_none,world_only,90359,False,True,,1.0,-4.0,medium,57,0.06227175146341324,nan,world,0.16878269612789154,nan,body,0.29126206040382385,nan,body
soft_none,body_world,90360,True,True,m,1.436507707360915,1.0,short,74,0.08571828901767731,0.0858200341463089,world,0.02354780212044716,0.027987027540802956,world,0.024430368095636368,0.028884941712021828,world
soft_none,body_world,90361,True,True,l,1.4256287739373548,-1.0,medium,60,0.08638905733823776,0.0882796123623848,world,0.026326501742005348,0.017028529196977615,world,0.02815152145922184,0.017103523015975952,world
soft_none,body_world,90362,True,True,m,1.4329806398316671,-2.0,short,74,0.08650734275579453,0.08584675192832947,world,0.028337126597762108,0.030452150851488113,world,0.030732523649930954,0.035833101719617844,world
soft_none,body_world,90363,True,True,l,1.210563351806276,-2.0,medium,77,0.05122841149568558,nan,world,0.27121439576148987,nan,body,0.3679938316345215,nan,body
soft_none,body_world,90364,True,True,m,1.372696280105733,-4.0,short,58,0.0515945665538311,nan,world,0.21886925399303436,nan,body,0.353651225566864,nan,body
soft_none,body_world,90365,True,True,l,1.2749895656307437,-4.0,medium,74,0.04965337738394737,nan,world,0.20171983540058136,nan,body,0.32768306136131287,nan,body
soft_none,body_world,90366,True,True,m,1.3066897985826524,-1.0,short,69,0.0813264325261116,0.08032989501953125,world,0.01992012932896614,0.01968260668218136,world,0.021505385637283325,0.02069137990474701,world
soft_none,body_world,90367,True,True,l,1.3576619828175316,1.0,medium,62,0.09162609279155731,0.09670808166265488,world,0.03086545504629612,0.025613611564040184,world,0.035038404166698456,0.030405765399336815,world
soft_none,body_world,90368,True,True,m,1.4143053583788585,2.0,short,60,0.09249942004680634,0.10484232753515244,world,0.02702697180211544,0.030843574553728104,world,0.02599879540503025,0.02762318216264248,world
soft_none,body_world,90369,True,True,l,1.3743712386074276,-2.0,medium,67,0.06253721565008163,nan,world,0.423786461353302,nan,body,0.4002663493156433,nan,body
soft_none,body_world,90370,True,True,m,1.5116611087725051,4.0,short,61,0.040810197591781616,nan,world,0.2738543152809143,nan,body,0.3287973403930664,nan,body
soft_none,body_world,90371,True,True,l,1.462891218935012,4.0,medium,69,0.061816371977329254,nan,world,0.3055877089500427,nan,body,0.35983842611312866,nan,body
soft_none,body_world,90372,True,True,m,1.6331779731038802,-1.0,short,65,0.08279518038034439,0.0837433785200119,world,0.025178242474794388,0.02575148083269596,world,0.02684319019317627,0.02796657755970955,world
soft_none,body_world,90373,True,True,l,1.2018022497580947,-1.0,medium,66,0.08561962842941284,0.08804566413164139,world,0.021351877599954605,0.027223359793424606,world,0.021210113540291786,0.025685682892799377,world
soft_none,body_world,90374,True,True,m,1.3280228263513763,-2.0,short,73,0.08880311250686646,0.09296171367168427,world,0.02421700581908226,0.024830857291817665,world,0.026986192911863327,0.028632739558815956,world
soft_none,body_world,90375,True,True,l,1.308876304017658,2.0,medium,65,0.049463871866464615,nan,world,0.2889881134033203,nan,body,0.3507257103919983,nan,body
soft_none,body_world,90376,True,True,m,1.5016949779873145,4.0,short,70,0.061008013784885406,nan,world,0.31225770711898804,nan,body,0.38096487522125244,nan,body
soft_none,body_world,90377,True,True,l,1.2414565409093206,-4.0,medium,66,0.045295994728803635,nan,world,0.24586324393749237,nan,body,0.34806591272354126,nan,body
soft_none,body_world,90378,True,True,m,1.4238236120964585,1.0,short,66,0.08372913300991058,0.08062561601400375,world,0.027251828461885452,0.023924892768263817,world,0.02863045409321785,0.0254192017018795,world
soft_none,body_world,90379,True,True,l,1.2836548774066676,-1.0,medium,64,0.08578525483608246,0.08184210956096649,world,0.016757655888795853,0.015022064559161663,world,0.01691998541355133,0.014563627541065216,world
soft_none,body_world,90380,True,True,m,1.3621236417497946,2.0,short,70,0.0909026712179184,0.09889084100723267,world,0.02099650725722313,0.02511531114578247,world,0.022708261385560036,0.028139252215623856,world
soft_none,body_world,90381,True,True,l,1.3983378082528164,-2.0,medium,74,0.06561370939016342,nan,world,0.37566471099853516,nan,body,0.391238272190094,nan,body
soft_none,body_world,90382,True,True,m,1.3509200717074077,-4.0,short,74,0.051974594593048096,nan,world,0.19975237548351288,nan,body,0.35977864265441895,nan,body
soft_none,body_world,90383,True,True,l,1.2311925915846564,4.0,medium,58,0.037119753658771515,nan,world,0.23810791969299316,nan,body,0.261324942111969,nan,body
soft_none,body_world,90384,True,True,m,1.524037917146982,-1.0,short,63,0.08667361736297607,0.08378299325704575,world,0.024762367829680443,0.01852499321103096,world,0.026363695040345192,0.020184513181447983,world
soft_none,body_world,90385,True,True,l,1.3531822605860213,1.0,medium,58,0.06857876479625702,nan,world,0.30477097630500793,nan,body,0.3560318350791931,nan,body
soft_none,body_world,90386,True,True,m,1.3095845696334245,2.0,short,61,0.0837448388338089,0.08135441690683365,world,0.028262445703148842,0.037108927965164185,world,0.02977587841451168,0.03685099631547928,world
soft_none,body_world,90387,True,True,l,1.3723802328668413,-2.0,medium,61,0.05678804963827133,nan,world,0.2607704699039459,nan,body,0.3655332326889038,nan,body
soft_none,body_world,90388,True,True,m,1.6369604542264304,4.0,short,64,0.058592457324266434,nan,world,0.3326711058616638,nan,body,0.40339842438697815,nan,body
soft_none,body_world,90389,True,True,l,1.4434986184388112,4.0,medium,68,0.06099819019436836,nan,world,0.2990896999835968,nan,body,0.3744819760322571,nan,body
soft_none,body_world,90390,True,True,m,1.628686273513856,1.0,short,63,0.07078003883361816,nan,world,0.3330473005771637,nan,body,0.36945897340774536,nan,body
soft_none,body_world,90391,True,True,l,1.4997252692437577,-1.0,medium,60,0.09511296451091766,nan,world,0.4643917977809906,nan,body,0.404456228017807,nan,body
soft_none,body_world,90392,True,True,m,1.4793682183432437,2.0,short,56,0.05096198245882988,nan,world,0.3156895041465759,nan,body,0.37425699830055237,nan,body
soft_none,body_world,90393,True,True,l,1.373838534697687,-2.0,medium,80,0.07725316286087036,nan,world,0.43282049894332886,nan,body,0.41699010133743286,nan,body
soft_none,body_world,90394,True,True,m,1.374879786515465,4.0,short,58,0.04459736868739128,nan,world,0.26554352045059204,nan,body,0.31684908270835876,nan,body
soft_none,body_world,90395,True,True,l,1.2278138310881848,-4.0,medium,72,0.0484144501388073,nan,world,0.18648633360862732,nan,body,0.32414594292640686,nan,body
soft_none,body_world,90396,True,True,m,1.5997246997728216,1.0,short,76,0.08726116269826889,0.08622467517852783,world,0.036597512662410736,0.028868919238448143,world,0.037300724536180496,0.030377846211194992,world
soft_none,body_world,90397,True,True,l,1.2083810902658325,1.0,medium,74,0.08205623924732208,0.08144352585077286,world,0.011638844385743141,0.014338141307234764,world,0.013214078731834888,0.01563526876270771,world
soft_none,body_world,90398,True,True,m,1.605681322392905,2.0,short,61,0.07504849880933762,nan,world,0.31982600688934326,nan,body,0.3402378261089325,nan,body
soft_none,body_world,90399,True,True,l,1.216354811034764,-2.0,medium,60,0.052152134478092194,nan,world,0.25548750162124634,nan,body,0.34697991609573364,nan,body
soft_none,body_world,90400,True,True,m,1.3999353886758357,4.0,short,71,0.041570913046598434,nan,world,0.27024388313293457,nan,body,0.35175734758377075,nan,body
soft_none,body_world,90401,True,True,l,1.3909618610188579,-4.0,medium,64,0.06636537611484528,nan,world,0.2867785394191742,nan,body,0.36835670471191406,nan,body
soft_none,body_world,90402,True,True,m,1.4765881692612393,-1.0,short,72,0.08037841320037842,0.07868339866399765,world,0.02110142633318901,0.022684093564748764,world,0.02141418121755123,0.02263132482767105,world
soft_none,body_world,90403,True,True,l,1.2287348099119875,1.0,medium,60,0.09059086441993713,0.09855413436889648,world,0.026676848530769348,0.03187330439686775,world,0.02777530811727047,0.032912157475948334,world
soft_none,body_world,90404,True,True,m,1.5959684874168683,-2.0,short,61,0.08525208383798599,0.08906616270542145,world,0.020840905606746674,0.015071379952132702,world,0.02174285426735878,0.014676114544272423,world
soft_none,body_world,90405,True,True,l,1.4263406910614387,-2.0,medium,77,0.06741665303707123,nan,world,0.3184884190559387,nan,body,0.3823956847190857,nan,body
soft_none,body_world,90406,True,True,m,1.5761825745829299,-4.0,short,68,0.05720868706703186,nan,world,0.3285808563232422,nan,body,0.3847401738166809,nan,body
soft_none,body_world,90407,True,True,l,1.3075505965528191,-4.0,medium,60,0.04614965617656708,nan,world,0.26248353719711304,nan,body,0.35394400358200073,nan,body
soft_none,body_world,90408,True,True,m,1.5508532757037867,1.0,short,74,0.0865587517619133,0.09587796032428741,world,0.027988934889435768,0.03298264741897583,world,0.02900746837258339,0.03418736904859543,world
soft_none,body_world,90409,True,True,l,1.386472676208235,1.0,medium,62,0.08359469473361969,0.08223024010658264,world,0.024951815605163574,0.03211624175310135,world,0.025719905272126198,0.030569275841116905,world
soft_none,body_world,90410,True,True,m,1.305798982810204,2.0,short,73,0.06398022174835205,nan,world,0.31784212589263916,nan,body,0.35966286063194275,nan,body
soft_none,body_world,90411,True,True,l,1.201605261104429,-2.0,medium,64,0.05751604959368706,nan,world,0.3717471659183502,nan,body,0.38460102677345276,nan,body
soft_none,body_world,90412,True,True,m,1.6785527327767333,-4.0,short,66,0.05447349697351456,nan,world,0.23695817589759827,nan,body,0.33731886744499207,nan,body
soft_none,body_world,90413,True,True,l,1.497413653722908,4.0,medium,68,0.06773602962493896,nan,world,0.2794613242149353,nan,body,0.3441975712776184,nan,body
soft_none,body_world,90414,True,True,m,1.6384059842206313,-1.0,short,67,0.0884537547826767,0.08778765797615051,world,0.049860138446092606,0.04560583084821701,body,0.05051868036389351,0.04703832417726517,body
soft_none,body_world,90415,True,True,l,1.4445958942354706,1.0,medium,61,0.08617810159921646,0.08372741937637329,world,0.04111284017562866,0.03200923651456833,world,0.042072322219610214,0.03315800428390503,world
soft_none,body_world,90416,True,True,m,1.4228738912776615,-2.0,short,70,0.08379759639501572,0.0850561112165451,world,0.021249014884233475,0.021912632510066032,world,0.022543858736753464,0.022657344117760658,world
soft_none,body_world,90417,True,True,l,1.412003609654068,-2.0,medium,63,0.057565830647945404,nan,world,0.3157225549221039,nan,body,0.37135156989097595,nan,body
soft_none,body_world,90418,True,True,m,1.6633408277228265,4.0,short,65,0.06230524927377701,nan,world,0.34235817193984985,nan,body,0.40181103348731995,nan,body
soft_none,body_world,90419,True,True,l,1.4868039659450991,-4.0,medium,75,0.07439155876636505,nan,world,0.33503612875938416,nan,body,0.382767915725708,nan,body
soft_none,body_world,90420,True,True,m,1.5449902128447706,1.0,short,63,0.08229592442512512,0.07948742806911469,world,0.0195822361856699,0.014442401006817818,world,0.020637772977352142,0.015902165323495865,world
soft_none,body_world,90421,True,True,l,1.3429074718778478,1.0,medium,68,0.08295014500617981,0.08751006424427032,world,0.030507782474160194,0.0283469520509243,world,0.03370159864425659,0.03256772458553314,world
soft_none,body_world,90422,True,True,m,1.4859152920245902,2.0,short,56,0.08386888355016708,0.08399869501590729,world,0.03276466578245163,0.040473680943250656,world,0.03448565676808357,0.04221814498305321,world
soft_none,body_world,90423,True,True,l,1.4537628318674107,-2.0,medium,61,0.07415089756250381,nan,world,0.4130958020687103,nan,body,0.3826501965522766,nan,body
soft_none,body_world,90424,True,True,m,1.5039422662674549,-4.0,short,72,0.05374773591756821,nan,world,0.24119344353675842,nan,body,0.3567727208137512,nan,body
soft_none,body_world,90425,True,True,l,1.484051795950852,4.0,medium,66,0.06720320135354996,nan,world,0.28739362955093384,nan,body,0.36307644844055176,nan,body
soft_none,body_world,90426,True,True,m,1.499613542769097,-1.0,short,68,0.08185175806283951,0.08191580325365067,world,0.020828967913985252,0.028141986578702927,world,0.02106238342821598,0.027429338544607162,world
soft_none,body_world,90427,True,True,l,1.2434438593395136,1.0,medium,67,0.08001813292503357,0.08053340762853622,world,0.028318896889686584,0.0279689971357584,world,0.03020506165921688,0.02938888967037201,world
soft_none,body_world,90428,True,True,m,1.5747146197091175,2.0,short,64,0.09366823732852936,0.09998756647109985,world,0.036927785724401474,0.05186457559466362,world,0.03821684047579765,0.05354785919189453,world
soft_none,body_world,90429,True,True,l,1.4646053079069046,-2.0,medium,67,0.0827212780714035,nan,world,0.4311691224575043,nan,body,0.3958163261413574,nan,body
soft_none,body_world,90430,True,True,m,1.6725099978259204,-4.0,short,62,0.05123775452375412,nan,world,0.2977256178855896,nan,body,0.37573379278182983,nan,body
soft_none,body_world,90431,True,True,l,1.3236542402011626,-4.0,medium,67,0.042721472680568695,nan,world,0.24041342735290527,nan,body,0.347240149974823,nan,body
soft_none,body_world,90432,True,True,m,1.3642720743548598,-1.0,short,61,0.08287207782268524,0.08303721994161606,world,0.021883854642510414,0.024608660489320755,world,0.02206486463546753,0.023365365341305733,world
soft_none,body_world,90433,True,True,l,1.3743791243103016,-1.0,medium,77,0.08292846381664276,0.07724566757678986,world,0.02572016790509224,0.02689136564731598,world,0.026377741247415543,0.027250099927186966,world
soft_none,body_world,90434,True,True,m,1.4747028802268096,2.0,short,62,0.05741149187088013,nan,world,0.33667588233947754,nan,body,0.37983304262161255,nan,body
soft_none,body_world,90435,True,True,l,1.3038106075252267,-2.0,medium,60,0.05411405488848686,nan,world,0.2684166133403778,nan,body,0.36757445335388184,nan,body
soft_none,body_world,90436,True,True,m,1.6168586909623586,4.0,short,79,0.03931744024157524,nan,world,0.29832643270492554,nan,body,0.34978270530700684,nan,body
soft_none,body_world,90437,True,True,l,1.3291113567705524,-4.0,medium,77,0.04788617417216301,nan,world,0.25080958008766174,nan,body,0.34783679246902466,nan,body
soft_none,body_world,90438,True,True,m,1.329008599029527,-1.0,short,80,0.08452573418617249,0.08080565929412842,world,0.019846996292471886,0.01960567757487297,world,0.021060537546873093,0.020022671669721603,world
soft_none,body_world,90439,True,True,l,1.445391509411858,1.0,medium,66,0.08458036929368973,0.08395381271839142,world,0.021173473447561264,0.02106592431664467,world,0.022013705223798752,0.022879280149936676,world
soft_none,body_world,90440,True,True,m,1.5564106744089927,2.0,short,74,0.09129681438207626,0.09520135819911957,world,0.027973974123597145,0.03071274235844612,world,0.028732934966683388,0.030436942353844643,world
soft_none,body_world,90441,True,True,l,1.3070596772413094,2.0,medium,71,0.05070066452026367,nan,world,0.31723710894584656,nan,body,0.38007408380508423,nan,body
soft_none,body_world,90442,True,True,m,1.6269524228642334,4.0,short,74,0.05817538499832153,nan,world,0.33899179100990295,nan,body,0.3984644412994385,nan,body
soft_none,body_world,90443,True,True,l,1.378277312801848,-4.0,medium,72,0.05232531577348709,nan,world,0.20798495411872864,nan,body,0.32993969321250916,nan,body
soft_none,body_world,90444,True,True,m,1.453510197141481,1.0,short,71,0.08235776424407959,0.0869375467300415,world,0.024620627984404564,0.02709374949336052,world,0.025665244087576866,0.028171423822641373,world
soft_none,body_world,90445,True,True,l,1.3665797638238526,-1.0,medium,62,0.08253741264343262,0.08521018177270889,world,0.018648819997906685,0.015205142088234425,world,0.019512096419930458,0.01713266409933567,world
soft_none,body_world,90446,True,True,m,1.33490869903924,-2.0,short,64,0.08066248893737793,0.07919682562351227,world,0.028121065348386765,0.03562149405479431,world,0.031044011935591698,0.03863038122653961,world
soft_none,body_world,90447,True,True,l,1.360545744961593,2.0,medium,71,0.05821465700864792,nan,world,0.31133389472961426,nan,body,0.3740253150463104,nan,body
soft_none,body_world,90448,True,True,m,1.3926898559008811,4.0,short,79,0.04374144971370697,nan,world,0.29210519790649414,nan,body,0.3429296612739563,nan,body
soft_none,body_world,90449,True,True,l,1.4996288562259714,4.0,medium,69,0.0600445382297039,nan,world,0.2992168664932251,nan,body,0.34546011686325073,nan,body
soft_none,body_world,90450,True,True,m,1.6497126455801099,-1.0,short,68,0.08009866625070572,0.07662535458803177,world,0.0328218936920166,0.03809558227658272,world,0.03490232303738594,0.039846282452344894,world
soft_none,body_world,90451,True,True,l,1.4011624978174013,-1.0,medium,69,0.08216845989227295,0.08211752027273178,world,0.01779499277472496,0.016977589577436447,world,0.018728336319327354,0.017561418935656548,world
soft_none,body_world,90452,True,True,m,1.3459971515369575,2.0,short,75,0.08485066890716553,0.0826159194111824,world,0.026550281792879105,0.032863326370716095,world,0.027898475527763367,0.03482598811388016,world
soft_none,body_world,90453,True,True,l,1.3128410648573021,-2.0,medium,60,0.04417147487401962,nan,world,0.250600665807724,nan,body,0.35222500562667847,nan,body
soft_none,body_world,90454,True,True,m,1.4532800695650452,4.0,short,80,0.05940716713666916,nan,world,0.3324315547943115,nan,body,0.3882346749305725,nan,body
soft_none,body_world,90455,True,True,l,1.4639866887179158,4.0,medium,63,0.06496226042509079,nan,world,0.2950255870819092,nan,body,0.36955535411834717,nan,body
soft_none,body_world,90456,True,True,m,1.437503394575647,1.0,short,71,0.08300409466028214,0.08651667833328247,world,0.018563002347946167,0.019323309883475304,world,0.01842232048511505,0.0184851735830307,world
soft_none,body_world,90457,True,True,l,1.433005966120608,-1.0,medium,79,0.08455698192119598,0.08613589406013489,world,0.02548939548432827,0.021216047927737236,world,0.02793855406343937,0.02243093028664589,world
soft_none,body_world,90458,True,True,m,1.5714723561915191,-2.0,short,75,0.08556274324655533,0.08252833783626556,world,0.026804203167557716,0.020833590999245644,world,0.028167564421892166,0.02113090455532074,world
soft_none,body_world,90459,True,True,l,1.423809978213943,-2.0,medium,75,0.057999707758426666,nan,world,0.26687440276145935,nan,body,0.36040401458740234,nan,body
soft_none,body_world,90460,True,True,m,1.501503010941712,-4.0,short,65,0.04965860769152641,nan,world,0.28257641196250916,nan,body,0.3704169690608978,nan,body
soft_none,body_world,90461,True,True,l,1.4979893620177673,-4.0,medium,68,0.06581491231918335,nan,world,0.23807482421398163,nan,body,0.3550673723220825,nan,body
soft_none,body_world,90462,True,True,m,1.32405485767968,-1.0,short,61,0.08176474273204803,0.07653124630451202,world,0.017874717712402344,0.019790565595030785,world,0.01851985976099968,0.019631944596767426,world
soft_none,body_world,90463,True,True,l,1.2959566174498844,1.0,medium,60,0.0838892012834549,0.08577796071767807,world,0.021798158064484596,0.02131054922938347,world,0.022713081911206245,0.021483514457941055,world
soft_none,body_world,90464,True,True,m,1.5484915809048363,-2.0,short,68,0.08038778603076935,0.08236957341432571,world,0.01692626252770424,0.01792670600116253,world,0.018743116408586502,0.01954987645149231,world
soft_none,body_world,90465,True,True,l,1.428408630737959,-2.0,medium,69,0.06636150926351547,nan,world,0.27822595834732056,nan,body,0.36903873085975647,nan,body
soft_none,body_world,90466,True,True,m,1.3278826334953207,4.0,short,72,0.05132386088371277,nan,world,0.27498969435691833,nan,body,0.35418280959129333,nan,body
soft_none,body_world,90467,True,True,l,1.224242705022093,-4.0,medium,67,0.047886453568935394,nan,world,0.2236391007900238,nan,body,0.3520332872867584,nan,body
soft_none,body_world,90468,True,True,m,1.377155487281401,1.0,short,65,0.08263282477855682,0.08116026967763901,world,0.01678636111319065,0.01753021404147148,world,0.017393356189131737,0.018904248252511024,world
soft_none,body_world,90469,True,True,l,1.2775926055522053,-1.0,medium,67,0.08718373626470566,0.08687180280685425,world,0.03024492785334587,0.036788247525691986,world,0.02972095087170601,0.03679442033171654,world
soft_none,body_world,90470,True,True,m,1.5219750255884492,2.0,short,70,0.05928216129541397,nan,world,0.32988062500953674,nan,body,0.3741571009159088,nan,body
soft_none,body_world,90471,True,True,l,1.2543795609592172,2.0,medium,63,0.045352499932050705,nan,world,0.28184670209884644,nan,body,0.345999538898468,nan,body
soft_none,body_world,90472,True,True,m,1.523888147333015,4.0,short,77,0.05465327948331833,nan,world,0.3123656213283539,nan,body,0.37312549352645874,nan,body
soft_none,body_world,90473,True,True,l,1.4189126139922845,-4.0,medium,63,0.058918796479701996,nan,world,0.20028194785118103,nan,body,0.32409337162971497,nan,body
soft_none,body_world,90474,True,True,m,1.3393605416224226,1.0,short,80,0.08299554884433746,0.08029821515083313,world,0.01968863420188427,0.018187642097473145,world,0.019628025591373444,0.01809919998049736,world
soft_none,body_world,90475,True,True,l,1.4134205728523153,1.0,medium,66,0.08438132703304291,0.08107396960258484,world,0.031262729316949844,0.02396983467042446,world,0.031937215477228165,0.025003034621477127,world
soft_none,body_world,90476,True,True,m,1.3814810158500825,-2.0,short,70,0.08472917973995209,0.08666108548641205,world,0.029993811622262,0.038824424147605896,world,0.03134700655937195,0.03994389623403549,world
soft_none,body_world,90477,True,True,l,1.4674729887667173,2.0,medium,78,0.09463264048099518,nan,world,0.29876798391342163,nan,body,0.3510897755622864,nan,body
soft_none,body_world,90478,True,True,m,1.5027032697774165,4.0,short,80,0.05044013261795044,nan,world,0.28728824853897095,nan,body,0.367127001285553,nan,body
soft_none,body_world,90479,True,True,l,1.3850046666885212,-4.0,medium,66,0.06080883741378784,nan,world,0.23461230099201202,nan,body,0.3589375913143158,nan,body
soft_none,calib,90480,False,False,,1.0,0.0,,64,0.08916254341602325,0.09251394122838974,world,0.02164534106850624,0.02584351971745491,world,0.022755971178412437,0.026710813865065575,world
soft_none,calib,90481,False,False,,1.0,0.0,,76,0.0956939309835434,0.09663619101047516,world,0.04173775762319565,0.03729062154889107,world,0.043638356029987335,0.03795270249247551,world
soft_none,calib,90482,False,False,,1.0,0.0,,79,0.08386079967021942,0.08434423804283142,world,0.016217738389968872,0.017263982445001602,world,0.016786586493253708,0.01774713024497032,world
soft_none,calib,90483,False,False,,1.0,0.0,,70,0.0917176902294159,0.08822516351938248,world,0.03136693686246872,0.024528885260224342,world,0.032385461032390594,0.02514627017080784,world
soft_none,calib,90484,False,False,,1.0,0.0,,69,0.08750569820404053,0.09356246888637543,world,0.02753337100148201,0.030540848150849342,world,0.02735818549990654,0.03093172237277031,world
soft_none,calib,90485,False,False,,1.0,0.0,,78,0.09607310593128204,0.0849575400352478,world,0.03613538295030594,0.03158240020275116,world,0.036765020340681076,0.03037998080253601,world
soft_none,calib,90486,False,False,,1.0,0.0,,79,0.09074278175830841,0.08979759365320206,world,0.028665777295827866,0.02418271265923977,world,0.030269742012023926,0.024879563599824905,world
soft_none,calib,90487,False,False,,1.0,0.0,,74,0.09203135967254639,0.08406519889831543,world,0.032110147178173065,0.025162870064377785,world,0.033527929335832596,0.02509363368153572,world
soft_none,calib,90488,False,False,,1.0,0.0,,62,0.0852302759885788,0.08381891995668411,world,0.018659548833966255,0.016795052215456963,world,0.020639782771468163,0.018584400415420532,world
soft_none,calib,90489,False,False,,1.0,0.0,,65,0.09069720655679703,0.09228076785802841,world,0.03242015093564987,0.031431667506694794,world,0.03433416783809662,0.03343505784869194,world
soft_none,calib,90490,False,False,,1.0,0.0,,70,0.08555072546005249,0.08529829978942871,world,0.01973648928105831,0.023566795513033867,world,0.019133534282445908,0.022467024624347687,world
soft_none,calib,90491,False,False,,1.0,0.0,,63,0.08454372733831406,0.08890841901302338,world,0.030211109668016434,0.031897787004709244,world,0.030263731256127357,0.03231249377131462,world
soft_none,calib,90492,False,False,,1.0,0.0,,66,0.08816313743591309,0.08017677813768387,world,0.03238819167017937,0.02709611877799034,world,0.034008316695690155,0.02914450690150261,world
soft_none,calib,90493,False,False,,1.0,0.0,,80,0.08653104305267334,0.08629593253135681,world,0.020526636391878128,0.018140651285648346,world,0.021359706297516823,0.019028596580028534,world
soft_none,calib,90494,False,False,,1.0,0.0,,79,0.09481354057788849,0.09964464604854584,world,0.034495145082473755,0.03203703090548515,world,0.035450972616672516,0.03288935869932175,world
soft_none,calib,90495,False,False,,1.0,0.0,,75,0.08488908410072327,0.07919180393218994,world,0.025370478630065918,0.020848609507083893,world,0.024822194129228592,0.02130417339503765,world
soft_none,calib,90496,False,False,,1.0,0.0,,76,0.08668484538793564,0.08865370601415634,world,0.02115495316684246,0.025355655699968338,world,0.022449461743235588,0.027092808857560158,world
soft_none,calib,90497,False,False,,1.0,0.0,,68,0.1045939177274704,0.11231482028961182,body,0.03499903529882431,0.04114440456032753,world,0.035272978246212006,0.04336834326386452,world
soft_none,calib,90498,False,False,,1.0,0.0,,70,0.0906989797949791,0.09697858989238739,world,0.02940043807029724,0.03900090977549553,world,0.03033057227730751,0.03906668350100517,world
soft_none,calib,90499,False,False,,1.0,0.0,,79,0.0825652927160263,0.08005140721797943,world,0.018741408362984657,0.014578348025679588,world,0.019490111619234085,0.015180783346295357,world
soft_none,calib,90500,False,False,,1.0,0.0,,72,0.08611824363470078,0.08388401567935944,world,0.018319642171263695,0.019646218046545982,world,0.02121831476688385,0.02195148728787899,world
soft_none,calib,90501,False,False,,1.0,0.0,,76,0.08770942687988281,0.08896556496620178,world,0.01565949060022831,0.017572810873389244,world,0.016770949587225914,0.019188178703188896,world
soft_none,calib,90502,False,False,,1.0,0.0,,76,0.09608148038387299,0.09355505555868149,world,0.03947111591696739,0.03377179428935051,world,0.0412856824696064,0.03382115438580513,world
soft_none,calib,90503,False,False,,1.0,0.0,,63,0.09989102929830551,0.0964215025305748,world,0.03533973917365074,0.029105067253112793,world,0.03553154319524765,0.030350083485245705,world
soft_none,calib,90504,False,False,,1.0,0.0,,72,0.08310270309448242,0.08301116526126862,world,0.021856363862752914,0.020907480269670486,world,0.021876221522688866,0.021411661058664322,world
soft_none,calib,90505,False,False,,1.0,0.0,,75,0.10240155458450317,0.10644721984863281,world,0.042102258652448654,0.041979748755693436,world,0.04347901791334152,0.04545160382986069,world
soft_none,calib,90506,False,False,,1.0,0.0,,78,0.08737646043300629,0.08677906543016434,world,0.020460236817598343,0.02558870241045952,world,0.021901041269302368,0.027288589626550674,world
soft_none,calib,90507,False,False,,1.0,0.0,,72,0.08926428854465485,0.09364201128482819,world,0.03241213411092758,0.04099582880735397,world,0.03413230925798416,0.04264713451266289,world
soft_none,calib,90508,False,False,,1.0,0.0,,68,0.08665107190608978,0.08473511785268784,world,0.018419886007905006,0.018529629334807396,world,0.018610889092087746,0.018685197457671165,world
soft_none,calib,90509,False,False,,1.0,0.0,,69,0.08336426317691803,0.07971694320440292,world,0.019538355991244316,0.014644766226410866,world,0.0196194089949131,0.014857915230095387,world
soft_none,calib,90510,False,False,,1.0,0.0,,60,0.10460202395915985,0.09597567468881607,body,0.044236961752176285,0.0409570150077343,body,0.04783790558576584,0.0443137064576149,body
soft_none,calib,90511,False,False,,1.0,0.0,,67,0.1045321673154831,0.11935512721538544,body,0.04207945987582207,0.053254447877407074,world,0.046117354184389114,0.059043705463409424,body
soft_none,calib,90512,False,False,,1.0,0.0,,65,0.08827205747365952,0.08046689629554749,world,0.02951878309249878,0.024288713932037354,world,0.029844209551811218,0.02412063255906105,world
soft_none,calib,90513,False,False,,1.0,0.0,,79,0.0815761461853981,0.07848139852285385,world,0.017099548131227493,0.02239210531115532,world,0.017585139721632004,0.022826572880148888,world
soft_none,calib,90514,False,False,,1.0,0.0,,62,0.09261931478977203,0.10120842605829239,world,0.029484331607818604,0.036648862063884735,world,0.0297575481235981,0.037470437586307526,world
soft_none,calib,90515,False,False,,1.0,0.0,,75,0.09176383912563324,0.0931980088353157,world,0.03785117715597153,0.046762555837631226,world,0.03805723786354065,0.04715847596526146,world
soft_none,calib,90516,False,False,,1.0,0.0,,71,0.08457937091588974,0.08548589795827866,world,0.027000868692994118,0.03805312141776085,world,0.026436936110258102,0.03601708263158798,world
soft_none,calib,90517,False,False,,1.0,0.0,,77,0.09095529466867447,0.09218525886535645,world,0.022579649463295937,0.02223026566207409,world,0.023612800985574722,0.023399341851472855,world
soft_none,calib,90518,False,False,,1.0,0.0,,72,0.0892096608877182,0.09032316505908966,world,0.024469122290611267,0.026005273684859276,world,0.02677779272198677,0.028753036633133888,world
soft_none,calib,90519,False,False,,1.0,0.0,,76,0.09046123176813126,0.10190719366073608,world,0.031433261930942535,0.0383182093501091,world,0.03282709792256355,0.04099356383085251,world
soft_none,calib,90520,False,False,,1.0,0.0,,76,0.10164596140384674,0.09979285299777985,world,0.032978035509586334,0.03137979656457901,world,0.0341193862259388,0.032846227288246155,world
soft_none,calib,90521,False,False,,1.0,0.0,,64,0.0821416825056076,0.08237425982952118,world,0.022089526057243347,0.023566072806715965,world,0.023745164275169373,0.025099605321884155,world
soft_none,calib,90522,False,False,,1.0,0.0,,80,0.08682854473590851,0.08543708175420761,world,0.03152347356081009,0.022037789225578308,world,0.031804800033569336,0.021497728303074837,world
soft_none,calib,90523,False,False,,1.0,0.0,,64,0.08891678601503372,0.09663382917642593,world,0.027256309986114502,0.036520689725875854,world,0.027383124455809593,0.037389419972896576,world
soft_none,calib,90524,False,False,,1.0,0.0,,60,0.09392915666103363,0.10325194895267487,world,0.03630315512418747,0.04112709313631058,world,0.03776758164167404,0.04379843920469284,world
soft_none,calib,90525,False,False,,1.0,0.0,,74,0.08449244499206543,0.08360011875629425,world,0.02255120873451233,0.019113194197416306,world,0.022946100682020187,0.019526949152350426,world
soft_none,calib,90526,False,False,,1.0,0.0,,64,0.08362604677677155,0.08064299821853638,world,0.0192513819783926,0.01441128272563219,world,0.020538415759801865,0.015548771247267723,world
soft_none,calib,90527,False,False,,1.0,0.0,,77,0.09213761985301971,0.092180997133255,world,0.03271578997373581,0.03692247346043587,world,0.03428841754794121,0.038774553686380386,world
soft_none,calib,90528,False,False,,1.0,0.0,,69,0.0990932434797287,0.09612343460321426,world,0.03642195835709572,0.03566696122288704,world,0.03705177456140518,0.03782125562429428,world
soft_none,calib,90529,False,False,,1.0,0.0,,61,0.0869259387254715,0.0907939225435257,world,0.022093212231993675,0.026933109387755394,world,0.02425113320350647,0.029914474114775658,world
