step,time_s,surprise,res_cos,res_sin,res_thdot,action,ext_torque,length,mass,theta,theta_dot,event
0,0.0,0.01446237601339817,0.00974208116531372,-4.6055763959884644e-05,-0.01068878173828125,-0.6917282938957214,0.0,1.0,1.0,0.04704584493415265,-0.15477659988857806,
1,0.05,0.013628445565700531,0.009366154670715332,0.0012401901185512543,-0.009821996092796326,-0.26036667823791504,0.0,1.0,1.0,0.03911783331554464,-0.1585602323721686,
2,0.1,0.01287733856588602,0.008938312530517578,-0.0008866898715496063,-0.009227469563484192,-0.14764504134655,0.0,1.0,1.0,0.03154902858767272,-0.1513760945574294,
3,0.15,0.004915869329124689,0.0014405250549316406,-0.00455978699028492,0.0011397376656532288,0.2119305431842804,0.0,1.0,1.0,0.02675259532719343,-0.09592866520958837,
4,0.2,0.007824806496500969,0.005573868751525879,-0.005448397248983383,0.0006888806819915771,0.01723925955593586,0.0,1.0,1.0,0.023088559179162527,-0.07328072296062205,
5,0.25,0.010674849152565002,0.006331264972686768,-0.0013535022735595703,-0.00848737359046936,-0.45799294114112854,0.0,1.0,1.0,0.01685531994380307,-0.12466478470718609,
6,0.3,0.006471168249845505,0.004683315753936768,-0.00446008425205946,-0.00022410601377487183,0.09064500033855438,0.0,1.0,1.0,0.011933962743129634,-0.09842714401346973,
7,0.35,0.009179951623082161,0.006457924842834473,-0.00540117034688592,-0.0036597922444343567,-0.004367470741271973,0.0,1.0,1.0,0.007427362492160583,-0.0901320050193767,
8,0.4,0.00928308255970478,0.006242334842681885,-0.0006478686118498445,-0.006840258836746216,-0.41424208879470825,0.0,1.0,1.0,9.246995883449571e-05,-0.1466978506665223,
9,0.45,0.010365303605794907,0.008635878562927246,-0.00016274303197860718,-0.005730152130126953,-0.31736865639686584,0.0,1.0,1.0,-0.009619219948522328,-0.19423379814714112,
10,0.5,0.002578107872977853,0.00042068958282470703,-0.002480330877006054,-0.0005635768175125122,0.3606470227241516,0.0,1.0,1.0,-0.016986772221653457,-0.14735104546262046,
11,0.55,0.010212679393589497,-0.002137422561645508,-0.0013091601431369781,-0.009900320321321487,0.7939648032188416,0.0,1.0,1.0,-0.019036561943781116,-0.040995794442551386,
12,0.6,0.007321841083467007,0.0012265443801879883,-0.00472269207239151,0.005459040403366089,0.4578087329864502,0.0,1.0,1.0,-0.01836661412547791,0.013398956366059242,
13,0.65,0.013398525305092335,0.005866587162017822,-0.005979310721158981,-0.010457126423716545,-0.15549464523792267,0.0,1.0,1.0,-0.01955158549122027,-0.023699427314842522,
14,0.7,0.01323307678103447,0.006931006908416748,-0.0067245084792375565,-0.009047456085681915,-0.0835936889052391,0.0,1.0,1.0,-0.022096647250207546,-0.05090123517975072,
15,0.75,0.007687559351325035,0.0013167262077331543,-0.005048913881182671,0.005645641125738621,0.4254794716835022,0.0,1.0,1.0,-0.022279169665153642,-0.003650448298923012,
16,0.8,0.014507308602333069,0.003857731819152832,-0.004096506163477898,-0.013371556997299194,-0.3877258896827698,0.0,1.0,1.0,-0.02620503615014158,-0.07851732969975864,
17,0.85,0.01010409276932478,0.007578730583190918,-0.0015906356275081635,-0.0064904093742370605,-0.5753913521766663,0.0,1.0,1.0,-0.0354289143155766,-0.18447756330869924,
18,0.9,0.003596674418076873,0.0024560093879699707,-0.0018365345895290375,-0.0018791556358337402,0.3204649090766907,0.0,1.0,1.0,-0.043577612025616386,-0.16297395420079194,
19,0.95,0.007756231352686882,1.4483928680419922e-05,5.81890344619751e-06,-0.0077562155202031136,1.2085473537445068,0.0,1.0,1.0,-0.044295847868605076,-0.014364716859775334,
20,1.0,0.015345115214586258,0.006743669509887695,-0.005464509129524231,0.012654431164264679,0.2197740077972412,0.0,1.0,1.0,-0.04502632978982879,-0.01460963842447301,
21,1.05,0.010569173842668533,0.008157789707183838,-0.005729399621486664,0.0035116784274578094,0.08103296905755997,0.0,1.0,1.0,-0.046836981317899706,-0.03621303056141929,
22,1.1,0.005417915992438793,0.0010869503021240234,-0.00397133082151413,0.003521489445120096,0.5026456117630005,0.0,1.0,1.0,-0.046633535462489384,0.004068917108203826,
23,1.15,0.012804866768419743,0.0076035261154174805,-0.006924960762262344,-0.007628625258803368,-0.044151682406663895,0.0,1.0,1.0,-0.04850935104991372,-0.037516311748486394,
24,1.2,0.01236583013087511,0.008255481719970703,-0.004623014479875565,0.007961690425872803,0.14716994762420654,0.0,1.0,1.0,-0.051099779340179285,-0.051808565805310985,
25,1.25,0.011592033319175243,0.007759809494018555,-0.00426570326089859,0.007480934262275696,0.17499087750911713,0.0,1.0,1.0,-0.054293183976118264,-0.06386809271878074,
26,1.3,0.004370099864900112,-0.0007064342498779297,-0.0016908682882785797,-0.003967327531427145,0.70989990234375,0.0,1.0,1.0,-0.054197333623977606,0.0019170070428170677,
27,1.35,0.014765135943889618,0.007691800594329834,-0.006277255713939667,-0.010928928852081299,-0.08176655322313309,0.0,1.0,1.0,-0.05674613761796454,-0.05097607987973766,
28,1.4,0.0042129987850785255,0.0007994771003723145,-0.003711126744747162,0.0018269466236233711,0.5194827318191528,0.0,1.0,1.0,-0.05752565940780041,-0.015590435796720419,
29,1.45,0.010446601547300816,0.008515417575836182,-0.005415435880422592,0.0027004070580005646,0.0895870104432106,0.0,1.0,1.0,-0.059789301250336546,-0.04527283685072474,
30,1.5,0.006571011617779732,0.0006726980209350586,0.00020499154925346375,-0.006533272564411163,1.1866639852523804,0.0,1.0,1.0,-0.05539372670941489,0.08791149081844042,
31,1.55,0.011257871054112911,0.0036272406578063965,-0.007159370929002762,-0.007894693873822689,-0.20894674956798553,0.0,1.0,1.0,-0.05464145533189457,0.015045427550405818,
32,1.6,0.014339672401547432,0.0024619102478027344,-0.005471140146255493,-0.013024277985095978,-0.25889068841934204,0.0,1.0,1.0,-0.05787889920484268,-0.06474887745896436,
33,1.65,0.009957073256373405,-0.0012227892875671387,0.00018482282757759094,-0.009879976511001587,0.9710673093795776,0.0,1.0,1.0,-0.05600258565110705,0.03752627107471494,
34,1.7,0.014501245692372322,0.007589280605316162,-0.006268486380577087,0.01064870972186327,0.1335201859474182,0.0,1.0,1.0,-0.055223870084769366,0.015574311326752396,
35,1.75,0.013899956829845905,0.004153907299041748,-0.005845699459314346,0.011907209642231464,0.31449800729751587,0.0,1.0,1.0,-0.054156262159235524,0.021352158510677913,
36,1.8,0.012535489164292812,0.002981126308441162,-0.005459528416395187,0.010883240029215813,0.3490435481071472,0.0,1.0,1.0,-0.05250069503006749,0.03311134258335988,
37,1.85,0.011114402674138546,0.0024860501289367676,-0.004726868122816086,0.009747114032506943,0.4155961573123932,0.0,1.0,1.0,-0.0496960284043646,0.056093332514058875,
38,1.9,0.01315411925315857,0.002901732921600342,-0.004965662956237793,0.011830173432826996,0.3924620449542999,0.0,1.0,1.0,-0.04581073043910022,0.07770595930527952,
39,1.95,0.011028175242245197,0.006486177444458008,-0.008082151412963867,-0.003772132098674774,-0.06321986764669418,0.0,1.0,1.0,-0.04411688304548855,0.03387694787224124,
40,2.0,0.013537885621190071,0.002872943878173828,-0.0055505335330963135,0.01200883463025093,0.3453282415866852,0.0,1.0,1.0,-0.041486920277762795,0.05259925535451046,
41,2.05,0.018325122073292732,0.0034725069999694824,-0.0066252462565898895,-0.016728952527046204,-0.47993072867393494,0.0,1.0,1.0,-0.044011751163053336,-0.05049661770580628,
42,2.1,0.006388927344232798,-0.0015074610710144043,-0.0007451772689819336,-0.006163656711578369,0.8121511340141296,0.0,1.0,1.0,-0.042095356585785115,0.03832789154535819,
43,2.15,0.003815989475697279,0.0007455348968505859,-0.0020990408957004547,0.0030983835458755493,0.6692978739738464,0.0,1.0,1.0,-0.03673733780491206,0.10716037561746664,
44,2.2,0.01870463229715824,0.003919661045074463,-0.005752302706241608,0.017361178994178772,0.2802491784095764,0.0,1.0,1.0,-0.030654790487772754,0.12165094634278598,
45,2.25,0.022087031975388527,0.0022068023681640625,-0.008452126756310463,-0.020286167040467262,-0.4932163655757904,0.0,1.0,1.0,-0.02942074044718046,0.024681000811845405,
46,2.3,0.01889801025390625,0.006859421730041504,-0.006090434268116951,0.016522400081157684,0.17030689120292664,0.0,1.0,1.0,-0.028012507408206933,0.028164660779466517,
47,2.35,0.005155766382813454,0.00098496675491333,-0.0026799067854881287,0.004293002188205719,0.6256740093231201,0.0,1.0,1.0,-0.022962050948567292,0.10100912919279686,
48,2.4,0.009888864122331142,0.005090832710266113,-0.007734116166830063,-0.00347224622964859,-0.12172108888626099,0.0,1.0,1.0,-0.01968550390017665,0.06553094096780768,
49,2.45,0.014850355684757233,0.0020619630813598633,-0.006432689726352692,-0.013225046917796135,-0.3655145466327667,0.0,1.0,1.0,-0.019888474745043183,-0.004059416897326834,
50,2.5,0.01101089920848608,0.006855130195617676,-0.0072252508252859116,-0.004694981500506401,-0.042826950550079346,0.0,1.0,1.0,-0.02115841635473048,-0.025398832193746976,
51,2.55,0.015210454352200031,0.005320549011230469,-0.005116945132613182,-0.013299118727445602,-0.21366634964942932,0.0,1.0,1.0,-0.024824237074860367,-0.07331641440259755,
52,2.6,0.009522895328700542,0.007064759731292725,-0.004375273361802101,0.004650987684726715,0.11874356120824814,0.0,1.0,1.0,-0.028530294386832633,-0.07412114623944946,
53,2.65,0.007673986721783876,0.0011345148086547852,-0.00438612699508667,0.006193935871124268,0.38813161849975586,0.0,1.0,1.0,-0.030395105461574534,-0.0372962214948345,
54,2.7,0.008830016478896141,0.001653432846069336,-0.00520935095846653,0.006935273762792349,0.39775407314300537,0.0,1.0,1.0,-0.03041640194505879,-0.00042592966968222484,
55,2.75,0.012666814029216766,0.00746464729309082,-0.006143331527709961,0.008184540085494518,0.09942584484815598,0.0,1.0,1.0,-0.030832443817117028,-0.008320837441164635,
56,2.8,0.014411271549761295,0.0027855634689331055,-0.003976374864578247,-0.013568855822086334,-0.3242313265800476,0.0,1.0,1.0,-0.03483625409948843,-0.0800762056474287,
57,2.85,0.009088223800063133,0.00733107328414917,-0.003975756466388702,0.003611721098423004,0.1269465833902359,0.0,1.0,1.0,-0.03919406028866357,-0.0871561237835016,
58,2.9,0.009538565762341022,0.0044708251953125,-0.003974307328462601,0.007429726421833038,0.2881292700767517,0.0,1.0,1.0,-0.04286029793629931,-0.07332475295271708,
59,2.95,0.010487346909940243,0.004991054534912109,-0.004177834838628769,0.008223108947277069,0.27489393949508667,0.0,1.0,1.0,-0.04607160016435774,-0.06422604456116598,
60,3.0,0.004087192006409168,-0.0006622672080993652,-0.0018209628760814667,-0.0035986988805234432,0.7066323161125183,0.0,1.0,1.0,-0.04571023404644903,0.007227322358168614,
61,3.05,0.001750144176185131,7.432699203491211e-05,-0.001735631376504898,0.0002122819423675537,0.7081657648086548,0.0,1.0,1.0,-0.04175116130774992,0.07918145477398343,
62,3.1,0.010708428919315338,0.003123641014099121,-0.006700020283460617,-0.007747453637421131,-0.22035102546215057,0.0,1.0,1.0,-0.041009934943121884,0.014824527292561285,
63,3.15,0.015967071056365967,0.004601418972015381,-0.0060063377022743225,-0.014060519635677338,-0.5273686647415161,0.0,1.0,1.0,-0.0457614150912069,-0.09502960296170009,
64,3.2,0.00401670578867197,0.00145721435546875,-0.00021586567163467407,-0.003736823797225952,1.286543607711792,0.0,1.0,1.0,-0.04257927237692716,0.06364285428559076,
65,3.25,0.013280111365020275,0.006769299507141113,-0.007393494248390198,0.008710578083992004,0.07372318208217621,0.0,1.0,1.0,-0.04044044608000119,0.042776525938524435,
66,3.3,0.012252778746187687,0.003095388412475586,-0.005802042782306671,-0.010338542982935905,-0.23520831763744354,0.0,1.0,1.0,-0.04158178553049163,-0.022826789009809167,
67,3.35,0.014682759530842304,0.007710456848144531,-0.005123995244503021,0.011396357789635658,0.17579111456871033,0.0,1.0,1.0,-0.0429635593376263,-0.027635476142697457,
68,3.4,0.016422433778643608,0.006403982639312744,-0.004914816468954086,-0.014301396906375885,-0.1619405746459961,0.0,1.0,1.0,-0.047170525319042866,-0.08413931962833024,
69,3.45,0.003949352074414492,0.0004057884216308594,-0.003911346197128296,0.0003661811351776123,0.5146437883377075,0.0,1.0,1.0,-0.04928590167801472,-0.04230752717943177,
70,3.5,0.015432029031217098,0.00808405876159668,-0.005759540945291519,-0.011816225945949554,-0.06052779406309128,0.0,1.0,1.0,-0.05370270962520163,-0.08833615894373952,
71,3.55,0.0038931879680603743,0.0003540515899658203,-0.0038767345249652863,-4.990026354789734e-05,0.5119167566299438,0.0,1.0,1.0,-0.05629302566321126,-0.05180632076019019,
72,3.6,0.011439413763582706,0.005628645420074463,-0.00430891290307045,0.008978407829999924,0.26656216382980347,0.0,1.0,1.0,-0.05899399919128445,-0.05401947056146758,
73,3.65,0.004167723935097456,-0.0008470416069030762,-0.00148792564868927,-0.0037998054176568985,0.7298864722251892,0.0,1.0,1.0,-0.05843181629251104,0.011243657975471277,
74,3.7,0.016215194016695023,0.007037103176116943,-0.005486428737640381,0.013539230450987816,0.20950646698474884,0.0,1.0,1.0,-0.05848828128781536,-0.001129299906085457,
75,3.75,0.015207101590931416,0.007837295532226562,-0.005030151456594467,0.012022076174616814,0.179769828915596,0.0,1.0,1.0,-0.059388532782817194,-0.018005029900037366,
76,3.8,0.012601007707417011,0.0041162967681884766,-0.005081623792648315,0.010771192610263824,0.3169519007205963,0.0,1.0,1.0,-0.060137406012950034,-0.014977464602656481,
77,3.85,0.01436732616275549,0.008335649967193604,-0.0062486156821250916,-0.009894028306007385,-0.03582172840833664,0.0,1.0,1.0,-0.06340873588124252,-0.06542659736584995,
78,3.9,0.01341173704713583,0.009355306625366211,-0.00479087233543396,-0.00833069533109665,0.021244164556264877,0.0,1.0,1.0,-0.06889696903138454,-0.10976466300284797,
79,3.95,0.006839393638074398,0.005446374416351318,-0.0025220438838005066,0.003279268741607666,0.28391557931900024,0.0,1.0,1.0,-0.07483742816284744,-0.11880918262925118,
80,4.0,0.13820020854473114,-0.00273817777633667,0.007427975535392761,0.13797327876091003,0.892623782157898,1.0,1.0,1.0,-0.06938699390609093,0.10900868513512406,push on
81,4.05,0.1392894685268402,0.0016803145408630371,-0.0008823946118354797,0.13927653431892395,-0.30806148052215576,1.0,1.0,1.0,-0.06134694530743712,0.1608009719730754,
82,4.1,0.15574094653129578,0.006014585494995117,-0.0013561397790908813,0.15561886131763458,-0.011195838451385498,1.0,1.0,1.0,-0.04818993309356401,0.2631402442774633,
83,4.15,0.16411824524402618,0.0025496482849121094,0.0004952475428581238,0.16409769654273987,0.06703995168209076,1.0,1.0,1.0,-0.028836544264915442,0.38706777657297675,
84,4.2,0.1334684193134308,-0.0010526180267333984,-0.009227272123098373,0.13314491510391235,-0.8268283605575562,1.0,1.0,1.0,-0.009265588688355475,0.3914191115311944,
85,4.25,0.021554214879870415,0.010741591453552246,-0.006279482506215572,0.017600297927856445,-1.8427770137786865,0.0,1.0,1.0,-0.0038629147232911443,0.10805347930128856,push off
86,4.3,0.009807420894503593,0.00394362211227417,-0.008911446668207645,-0.0011042952537536621,-0.10378944873809814,0.0,1.0,1.0,0.0006164794343814783,0.08958788315345496,
87,4.35,0.02296365238726139,0.0031534433364868164,-0.00763896806165576,-0.021425016224384308,-0.5018848180770874,0.0,1.0,1.0,0.0013548554338012053,0.01476751998839164,
88,4.4,0.011851653456687927,0.005533039569854736,-0.006674480624496937,-0.008080746978521347,-0.1409381479024887,0.0,1.0,1.0,0.001087002424428718,-0.0053570601874499205,
89,4.45,0.01245937030762434,0.004909515380859375,-0.005794164724647999,-0.00987725704908371,-0.2014995515346527,0.0,1.0,1.0,-0.0006513345640590806,-0.034766739769756964,
90,4.5,0.00798015482723713,0.0012531876564025879,-0.004892266821116209,0.006178844720125198,0.4554430842399597,0.0,1.0,1.0,0.0010017263858159708,0.03306121899750037,
91,4.55,0.017054695636034012,0.003147304058074951,-0.005799276288598776,-0.015726586803793907,-0.39872288703918457,0.0,1.0,1.0,-0.0002980695839172043,-0.025995919394663954,
92,4.6,0.012876536697149277,0.004391968250274658,-0.0034453377593308687,-0.011603683233261108,-0.39369726181030273,0.0,1.0,1.0,-0.004561772626459071,-0.08527406085083714,
93,4.65,0.015816155821084976,0.0074849724769592285,-0.0026272740215063095,-0.013682961463928223,-0.23091402649879456,0.0,1.0,1.0,-0.010728396822431652,-0.12333248391944959,
94,4.7,0.01180786918848753,0.007029116153717041,-0.004208763130009174,-0.008503153920173645,-0.007576602511107922,0.0,1.0,1.0,-0.0173541526981551,-0.13251511751446618,
95,4.75,0.005551363341510296,0.003928005695343018,-0.0035178661346435547,0.0017358064651489258,0.230642169713974,0.0,1.0,1.0,-0.022900840436630432,-0.11093375476951024,
96,4.8,0.005285271443426609,0.00035178661346435547,-0.0037505347281694412,0.0037072673439979553,0.42159777879714966,0.0,1.0,1.0,-0.026144251139012642,-0.0648682140476393,
97,4.85,0.012023264542222023,0.0040770769119262695,-0.004781793802976608,0.010250404477119446,0.2883204221725464,0.0,1.0,1.0,-0.02820555640808431,-0.04122610538143627,
98,4.9,0.006025003734976053,-0.001033782958984375,-0.000646473839879036,-0.005900342017412186,0.8293697237968445,0.0,1.0,1.0,-0.025104157024656626,0.06202798766855627,
99,4.95,0.016984187066555023,0.002493619918823242,-0.006233276799321175,-0.015600984916090965,-0.3954569697380066,0.0,1.0,1.0,-0.025909991774859975,-0.016116695004070827,
100,5.0,0.014017338864505291,0.003762483596801758,-0.005658451467752457,0.012260155752301216,0.3008689284324646,0.0,1.0,1.0,-0.025430825543935498,0.00958332461848612,
101,5.05,0.01602991111576557,0.004861056804656982,-0.004915734753012657,-0.014462493360042572,-0.4817626476287842,0.0,1.0,1.0,-0.029518432338957012,-0.08175213590042851,
102,5.1,0.016379741951823235,0.007059156894683838,-0.003154359757900238,-0.01444002240896225,-0.2368086874485016,0.0,1.0,1.0,-0.03648888483076673,-0.13940904983619234,
103,5.15,0.005286503117531538,0.0023127198219299316,-0.002929776906967163,0.0037436410784721375,0.3542754054069519,0.0,1.0,1.0,-0.042170301490440654,-0.11362833319347793,
104,5.2,0.004566444084048271,-0.00039374828338623047,-0.00321844220161438,-0.0032154321670532227,0.5895830988883972,0.0,1.0,1.0,-0.04501076269943649,-0.056809224179916795,
105,5.25,0.009752548299729824,0.0026668310165405273,-0.0044985078275203705,0.008231867104768753,0.3514018654823303,0.0,1.0,1.0,-0.04690304348726926,-0.037845615756657534,
106,5.3,0.012936333194375038,0.00457310676574707,-0.00496269017457962,0.011036626994609833,0.2900242507457733,0.0,1.0,1.0,-0.04837836178450683,-0.029506365944747842,
107,5.35,0.013578316196799278,0.008238255977630615,-0.006126150488853455,-0.008886624127626419,-0.030185643583536148,0.0,1.0,1.0,-0.05189355339325319,-0.07030383217492836,
108,5.4,0.015199629589915276,0.00871962308883667,-0.005036510527133942,-0.011385537683963776,-0.029893523082137108,0.0,1.0,1.0,-0.057578081376103984,-0.1136905596570164,
109,5.45,0.013560854829847813,0.008778691291809082,-0.003529854118824005,-0.009714499115943909,0.041277576237916946,0.0,1.0,1.0,-0.06511101274659925,-0.15065862740990674,
110,5.5,0.0053052231669425964,0.004985809326171875,-0.0016403496265411377,-0.0007722377777099609,0.27933812141418457,0.0,1.0,1.0,-0.07298884633457714,-0.15755667175956034,
111,5.55,0.002646401757374406,0.0024881362915039062,0.0005034580826759338,0.0007477635517716408,1.440273642539978,0.0,1.0,1.0,-0.0727992800443733,0.0037913258040780107,
112,5.6,0.013672929257154465,0.004803001880645752,-0.005314983427524567,0.011646077036857605,0.30619099736213684,0.0,1.0,1.0,-0.07304084348435103,-0.004831268799553817,
113,5.65,0.009462018497288227,0.0024282336235046387,-0.004932381212711334,0.0077009801752865314,0.38294726610183716,0.0,1.0,1.0,-0.07314689912021954,-0.0021211127173701933,
114,5.7,0.00211478304117918,-0.0009014606475830078,-0.0013325661420822144,-0.0013725683093070984,0.7597243189811707,0.0,1.0,1.0,-0.0702955858202623,0.05702626599914786,
115,5.75,0.015134133398532867,0.0043013691902160645,-0.005626983940601349,0.01337449997663498,0.31964612007141113,0.0,1.0,1.0,-0.06768084060258461,0.052294904353548374,
116,5.8,0.017065763473510742,0.0065195560455322266,-0.006112731993198395,0.01453857496380806,0.19785958528518677,0.0,1.0,1.0,-0.06611824280305623,0.03125195599057107,
117,5.85,0.017085740342736244,0.006201505661010742,-0.005914151668548584,0.014781294390559196,0.24092940986156464,0.0,1.0,1.0,-0.06522630244197147,0.01783880722169799,
118,5.9,0.017393629997968674,0.006591379642486572,-0.006661079823970795,-0.014653399586677551,-0.6483766436576843,0.0,1.0,1.0,-0.07164143907365617,-0.12830273263369868,
119,5.95,0.016282742843031883,0.008841395378112793,-0.002830803394317627,-0.013376995921134949,0.021597370505332947,0.0,1.0,1.0,-0.0805788518603423,-0.17874825573371966,
120,6.0,0.0019399869488552213,0.0014058947563171387,0.00020315498113632202,-0.001321263611316681,1.3809876441955566,0.0,1.0,1.0,-0.08217729535570717,-0.031968869907297776,
121,6.05,0.003672064747661352,0.000900566577911377,-0.0032191202044487,0.0015199687331914902,0.5360037684440613,0.0,1.0,1.0,-0.082833892032669,-0.013131933539237788,
122,6.1,0.006600354332476854,0.0016636848449707031,-0.0040861815214157104,0.004909169860184193,0.45079392194747925,0.0,1.0,1.0,-0.0832122543580418,-0.007567246507452834,
123,6.15,0.005241814069449902,-0.0008036494255065918,-0.0006376951932907104,-0.005140438675880432,0.9363950490951538,0.0,1.0,1.0,-0.07968451374266339,0.07055481230756659,
124,6.2,0.01662467233836651,0.006205260753631592,-0.006349831819534302,0.014055393636226654,0.20414075255393982,0.0,1.0,1.0,-0.07761072553605164,0.04147576413223387,
125,6.25,0.01039058156311512,0.0026024580001831055,-0.0043594613671302795,0.009065676480531693,0.4234619140625,0.0,1.0,1.0,-0.0752684542966322,0.04684542478838799,
126,6.3,0.014149350114166737,0.006744265556335449,-0.00612998753786087,-0.01082322746515274,-0.1372980773448944,0.0,1.0,1.0,-0.07677582129451066,-0.030147339957568645,
127,6.35,0.004786967299878597,-0.0016174912452697754,-0.0008360967040061951,-0.0044271573424339294,0.8183022737503052,0.0,1.0,1.0,-0.0750221865912235,0.03507269406574218,
128,6.4,0.007158997468650341,0.0018575191497802734,-0.0033151954412460327,0.006067153066396713,0.524340033531189,0.0,1.0,1.0,-0.07214669531676421,0.0575098254891864,
129,6.45,0.00795928668230772,0.00199967622756958,-0.0031195133924484253,0.00704415887594223,0.5414171814918518,0.0,1.0,1.0,-0.06791372962939812,0.08465931374732037,
130,6.5,0.01746624894440174,0.004683554172515869,-0.005768425762653351,0.01580694317817688,0.28549763560295105,0.0,1.0,1.0,-0.06408433933220392,0.0765878059438848,
131,6.55,0.013359900563955307,0.006868183612823486,-0.00716983899474144,0.008939150720834732,0.10272691398859024,0.0,1.0,1.0,-0.06188601533835447,0.04396647987699286,
132,6.6,0.013798337429761887,0.006774187088012695,-0.006112154573202133,-0.010351138189435005,-0.13487422466278076,0.0,1.0,1.0,-0.06301849253865743,-0.022649544006061666,
133,6.65,0.004335110075771809,0.0010318160057067871,-0.003336802124977112,0.0025679338723421097,0.5448052287101746,0.0,1.0,1.0,-0.06242656028306248,0.01183864511190142,
134,6.7,0.012541276402771473,0.003665328025817871,-0.0056141093373298645,0.0105986213311553,0.336099773645401,0.0,1.0,1.0,-0.06165335545114603,0.015464096638325554,
135,6.75,0.014824265614151955,0.004902184009552002,-0.005746178328990936,0.012755739502608776,0.2951488494873047,0.0,1.0,1.0,-0.06097707065082236,0.01352569600647512,
136,6.8,0.012639019638299942,0.008215606212615967,-0.005698066204786301,0.00773179717361927,0.1240604892373085,0.0,1.0,1.0,-0.061655555543316254,-0.013569697849878593,
137,6.85,0.0020468763541430235,-0.00044852495193481445,-0.0016140937805175781,-0.0011761076748371124,0.7229658365249634,0.0,1.0,1.0,-0.05922241511329407,0.04866280860044399,
138,6.9,0.0037742939312011003,0.0034956932067871094,0.00029162317514419556,-0.0013929754495620728,1.303406000137329,0.0,1.0,1.0,-0.04923327228632868,0.19978285653931138,
139,6.95,0.018428223207592964,0.0030574798583984375,-0.00587821751832962,0.017195865511894226,0.1694018542766571,0.0,1.0,1.0,-0.03981911756996981,0.18828309432717022,
140,7.0,0.02108059637248516,0.0009150505065917969,-0.01085248589515686,-0.018049314618110657,-0.45289164781570435,0.0,1.0,1.0,-0.0352944727033675,0.09049289733204778,
141,7.05,0.00986575335264206,0.002616703510284424,-0.007020175457000732,-0.006418963894248009,-0.22450914978981018,0.0,1.0,1.0,-0.033776914488699905,0.030351164293352877,
142,7.1,0.013580278493463993,0.002758920192718506,-0.005610721185803413,0.012055378407239914,0.34987643361091614,0.0,1.0,1.0,-0.030901676408230827,0.05750476160938639,
143,7.15,0.01934206113219261,0.005351543426513672,-0.006643492728471756,0.017359156161546707,0.23971061408519745,0.0,1.0,1.0,-0.027387237205794168,0.07028878404872828,
144,7.2,0.020059291273355484,0.0037057995796203613,-0.006968226283788681,-0.018441421911120415,-0.5162571668624878,0.0,1.0,1.0,-0.02877161976678355,-0.027687651219787543,
145,7.25,0.012640804052352905,0.005809187889099121,-0.0038919858634471893,-0.010530702769756317,-0.526742696762085,0.0,1.0,1.0,-0.035185359442638564,-0.12827479351710322,
146,7.3,0.0034597499761730433,-0.00010544061660766602,-0.0032456405460834503,0.0011935532093048096,0.46051350235939026,0.0,1.0,1.0,-0.039464426523431406,-0.0855813416158539,
147,7.35,0.009619914926588535,0.0051839351654052734,-0.00394497811794281,0.007078610360622406,0.2618035674095154,0.0,1.0,1.0,-0.04325949872623003,-0.07590144405596884,
148,7.4,0.004820222035050392,0.0007278323173522949,-0.004327449947595596,0.0019944868981838226,0.4777805805206299,0.0,1.0,1.0,-0.045092941855050306,-0.03666886257640371,
149,7.45,0.010958539322018623,0.008286118507385254,-0.004985153675079346,0.005155391991138458,0.11354976892471313,0.0,1.0,1.0,-0.04776517402732994,-0.053444643445597004,
150,7.5,0.017374610528349876,0.007782161235809326,-0.004214975982904434,-0.014951556921005249,-0.1251765787601471,0.0,1.0,1.0,-0.05316674353896289,-0.10803139023266214,
151,7.55,0.010361045598983765,-0.0022578835487365723,-0.0005120187997817993,-0.010099062696099281,0.835187554359436,0.0,1.0,1.0,-0.05429721981925173,-0.02260952560577481,
152,7.6,0.008299675770103931,0.0017885565757751465,-0.00482901930809021,0.006508936174213886,0.411726176738739,0.0,1.0,1.0,-0.0543748953236034,-0.0015535100870292737,
153,7.65,0.0059501067735254765,0.0013908147811889648,-0.0035632215440273285,0.004557725042104721,0.5292141437530518,0.0,1.0,1.0,-0.05252151868293664,0.03706753281333292,
154,7.7,0.015617042779922485,0.0013193488121032715,-0.005866967141628265,-0.014412842690944672,-0.3352012038230896,0.0,1.0,1.0,-0.055150802490360196,-0.052585676148468104,
155,7.75,0.006795758847147226,-0.0016411542892456055,-0.0006063468754291534,-0.00656668096780777,0.838330090045929,0.0,1.0,1.0,-0.05355971730569653,0.03182170369327179,
156,7.8,0.013663358055055141,0.005141139030456543,-0.005920425057411194,-0.01118948683142662,-0.1860523670911789,0.0,1.0,1.0,-0.05537155410036965,-0.036236735893468215,
157,7.85,0.013128494843840599,0.007212579250335693,-0.004579436033964157,0.009968191385269165,0.2171069085597992,0.0,1.0,1.0,-0.057630461536242183,-0.04517814871744934,
158,7.9,0.012170550413429737,0.008160412311553955,-0.004201024770736694,0.007992580533027649,0.17592117190361023,0.0,1.0,1.0,-0.060729906474043194,-0.06198889875602097,
159,7.95,0.010819443501532078,0.006729841232299805,-0.0038316361606121063,0.007555671036243439,0.23734159767627716,0.0,1.0,1.0,-0.06432526127244165,-0.07190709596796668,
160,8.0,0.009807862341403961,0.006390631198883057,-0.0035169869661331177,0.006556279957294464,0.2508925497531891,0.0,1.0,1.0,-0.06844945600779129,-0.08248389470699119,
161,8.05,0.008868459612131119,0.006285667419433594,-0.0031491369009017944,0.005405820906162262,0.2575942873954773,0.0,1.0,1.0,-0.07320654423151707,-0.09514176447451878,
162,8.1,0.010656588710844517,-0.002711951732635498,-0.0001434534788131714,-0.010304737836122513,0.8933183550834656,0.0,1.0,1.0,-0.07400653895444043,-0.015999894458464836,
163,8.15,0.004970550071448088,0.0012736916542053223,-0.0034983083605766296,0.003293314017355442,0.5168905258178711,0.0,1.0,1.0,-0.07370256731672997,0.00607943275420424,
164,8.2,0.006667791400104761,0.00032788515090942383,5.091726779937744e-05,-0.0066595301032066345,1.0846444368362427,0.0,1.0,1.0,-0.068025106824948,0.11354920983564364,
165,8.25,0.01558753103017807,0.0037197470664978027,-0.004648223519325256,0.014405854046344757,0.3964836001396179,0.0,1.0,1.0,-0.061922994064643966,0.12204225520608372,
166,8.3,0.01052981149405241,0.006468594074249268,-0.008306700736284256,-0.00018151849508285522,-0.03949964791536331,0.0,1.0,1.0,-0.05843775721893296,0.06970473691421333,
167,8.35,0.016464227810502052,0.004281878471374512,-0.005822077393531799,0.014793232083320618,0.3088684678077698,0.0,1.0,1.0,-0.05482617570286674,0.07223163032133248,
168,8.4,0.019262105226516724,0.0056130290031433105,-0.006308767944574356,0.017312481999397278,0.2316739857196808,0.0,1.0,1.0,-0.051531990947270234,0.0658836951119266,
169,8.45,0.010939911007881165,0.006949901580810547,-0.007555220276117325,0.003781422972679138,0.03340582177042961,0.0,1.0,1.0,-0.049918857026929775,0.032262678406809235,
170,8.5,0.013039913028478622,0.0076163411140441895,-0.006438296288251877,0.008401132188737392,0.10300636291503906,0.0,1.0,1.0,-0.04940435516750474,0.010290037188503989,
171,8.55,0.011183124035596848,0.0024139881134033203,-0.005209177732467651,0.009596843272447586,0.3759211301803589,0.0,1.0,1.0,-0.04792235458203331,0.0296400117094268,
172,8.6,0.015333416871726513,0.007562160491943359,-0.00616995245218277,0.011826204136013985,0.13764576613903046,0.0,1.0,1.0,-0.047204411312437244,0.014358865391917778,
173,8.65,0.010297578759491444,0.00758737325668335,-0.006756886839866638,-0.001678207889199257,0.009762805886566639,0.0,1.0,1.0,-0.04818275509673242,-0.019566875685899366,
174,8.7,0.008376152254641056,0.0017670392990112305,-0.004783786833286285,0.006644763518124819,0.42172521352767944,0.0,1.0,1.0,-0.04780431420074027,0.007568817919843623,
175,8.75,0.010918485932052135,0.00767594575881958,-0.006723463535308838,-0.0038843583315610886,-0.007000419311225414,0.0,1.0,1.0,-0.04927035552700332,-0.02932082652526518,
176,8.8,0.009668435901403427,0.002242863178253174,-0.004991311579942703,0.007970885373651981,0.37001073360443115,0.0,1.0,1.0,-0.04980820722963175,-0.010757034052568153,
177,8.85,0.005762895569205284,0.0012796521186828613,-0.003655381500720978,0.004267510026693344,0.52625572681427,0.0,1.0,1.0,-0.0482661765539012,0.0308406135146146,
178,8.9,0.01111749466508627,0.007489025592803955,-0.006697114557027817,0.004760445095598698,0.06476864963769913,0.0,1.0,1.0,-0.04804765992717641,0.004370332534489926,
179,8.95,0.011284559033811092,0.007974803447723389,-0.006006654351949692,0.005259647965431213,0.0889216884970665,0.0,1.0,1.0,-0.048963324721683854,-0.018313295890143248,
180,9.0,0.010768592357635498,0.002695918083190918,-0.005229637026786804,0.009019173681735992,0.3554295599460602,0.0,1.0,1.0,-0.049048658850681104,-0.0017066825799477298,
181,9.05,0.010363816283643246,0.007933080196380615,-0.006334729492664337,-0.002084735780954361,0.01974675990641117,0.0,1.0,1.0,-0.05082447957234537,-0.03551641443328335,
182,9.1,0.006581021472811699,0.0013669729232788086,-0.004419531673192978,0.004680701531469822,0.455949604511261,0.0,1.0,1.0,-0.051085775662833566,-0.0052259218097668175,
183,9.15,0.012912051752209663,0.00380098819732666,-0.005479402840137482,0.011056659743189812,0.3215128481388092,0.0,1.0,1.0,-0.05085060875489322,0.004703338158805151,
184,9.2,0.012284310534596443,0.008029162883758545,-0.005779702216386795,0.007282298058271408,0.11281265318393707,0.0,1.0,1.0,-0.05167542304092665,-0.016496285720670145,
185,9.25,0.014642070978879929,0.0064310431480407715,-0.005247805267572403,0.01206202618777752,0.23647043108940125,0.0,1.0,1.0,-0.052663675201023885,-0.019765043201939954,
186,9.3,0.012592535465955734,0.008246362209320068,-0.006144985556602478,-0.0072669535875320435,-0.01522802747786045,0.0,1.0,1.0,-0.055740112638870354,-0.061528748756931935,
187,9.35,0.007136480417102575,-0.0017935633659362793,-0.0007019639015197754,-0.0068716611713171005,0.8199338912963867,0.0,1.0,1.0,-0.05475621789465457,0.019677894884320583,
188,9.4,0.0024069633800536394,0.00020945072174072266,-0.001887258142232895,0.0014791414141654968,0.6948219537734985,0.0,1.0,1.0,-0.05061349044604402,0.08285454897220837,
189,9.45,0.01824229024350643,0.00454181432723999,-0.005972184240818024,0.016627870500087738,0.2790070176124573,0.0,1.0,1.0,-0.046275405999201435,0.08676168893684955,
190,9.5,0.010717125609517097,0.003901958465576172,-0.0069551244378089905,-0.007159451022744179,-0.19851724803447723,0.0,1.0,1.0,-0.04516090932436212,0.022289933496792272,
191,9.55,0.0179522093385458,0.006295382976531982,-0.006065640598535538,0.0156798604875803,0.2255479097366333,0.0,1.0,1.0,-0.044047761822213705,0.022262950042967692,
192,9.6,0.01805148832499981,0.0062258243560791016,-0.006088629364967346,0.015812145546078682,0.22925369441509247,0.0,1.0,1.0,-0.04286646863371546,0.02362586376996463,
193,9.65,0.013880806043744087,0.007025539875030518,-0.0063706859946250916,-0.010135725140571594,-0.1157938688993454,0.0,1.0,1.0,-0.04416062973995727,-0.02588322212484083,
194,9.7,0.012300215661525726,0.008082389831542969,-0.006191324442625046,-0.006902012974023819,-0.01805327832698822,0.0,1.0,1.0,-0.04724567584920969,-0.061700922185046,
195,9.75,0.01667298749089241,0.0058901309967041016,-0.00411779060959816,-0.015044555068016052,-0.2456645518541336,0.0,1.0,1.0,-0.053944259929906924,-0.13397168161394568,
196,9.8,0.006684570107609034,0.000292360782623291,2.088025212287903e-05,-0.006678140722215176,1.2359731197357178,0.0,1.0,1.0,-0.05339497439714158,0.010985710655306485,
197,9.85,0.0017054288182407618,-0.0004540085792541504,-0.0011459551751613617,-0.0011786222457885742,0.7873049974441528,0.0,1.0,1.0,-0.04894226132156154,0.08905426151159843,
198,9.9,0.017040608450770378,0.0037082433700561523,-0.005642358213663101,0.01564592868089676,0.3242465555667877,0.0,1.0,1.0,-0.04389230118204468,0.10099920279033946,
199,9.95,0.015347294509410858,0.001016855239868164,-0.007892869412899017,-0.013122807256877422,-0.3575283885002136,0.0,1.0,1.0,-0.04316923665240635,0.014461290592765463,
200,10.0,0.013646667823195457,0.007270395755767822,-0.0069677457213401794,-0.00920996256172657,-0.08077910542488098,0.0,1.0,1.0,-0.04467035902567407,-0.030022447465349822,
201,10.05,0.01113115344196558,0.0038384199142456055,-0.0042202286422252655,-0.00955817848443985,-0.4073193669319153,0.0,1.0,1.0,-0.050900958212331204,-0.12461198373314676,
202,10.1,0.0052531068213284016,-0.0005543231964111328,-0.0031488947570323944,-0.004168011248111725,0.5889900922775269,0.0,1.0,1.0,-0.05462209349866054,-0.07442270572658746,
203,10.15,0.00897929072380066,-0.0019472241401672363,-0.0002826191484928131,-0.008761055767536163,0.879618763923645,0.0,1.0,1.0,-0.05379339785937054,0.01657391278579806,
204,10.2,0.005543157923966646,0.0012755393981933594,-0.003050781786441803,0.00444885715842247,0.5738124847412109,0.0,1.0,1.0,-0.05067738824781287,0.06232019223116106,
205,10.25,0.01212125550955534,0.0017789006233215332,-0.006544426083564758,-0.01004643365740776,-0.26332736015319824,0.0,1.0,1.0,-0.05143592256645002,-0.01517068637274814,
206,10.3,0.01614132523536682,0.004335641860961914,-0.005099926143884659,-0.014687933027744293,-0.2265644073486328,0.0,1.0,1.0,-0.05582168663856368,-0.08771528144227247,
207,10.35,0.003673433093354106,0.00020867586135864258,-0.003579355776309967,-0.0007992349565029144,0.5379605889320374,0.0,1.0,1.0,-0.05826497241446571,-0.04886571551803988,
208,10.4,0.005254014395177364,0.0010688304901123047,-0.004140648990869522,0.0030524246394634247,0.4767569601535797,0.0,1.0,1.0,-0.0593162813504704,-0.02102617872008965,
209,10.45,0.0032470966689288616,0.0006749629974365234,-0.00282345712184906,0.0014546997845172882,0.5950355529785156,0.0,1.0,1.0,-0.058127880046327185,0.023768026082858797,
210,10.5,0.010416725650429726,0.007803618907928467,-0.006702616810798645,-0.0016390979290008545,0.017453882843255997,0.0,1.0,1.0,-0.05898714279613193,-0.01718525499609355,
211,10.55,0.010618414729833603,0.008538365364074707,-0.0052650086581707,0.0034823454916477203,0.10051939636468887,0.0,1.0,1.0,-0.06130324535282261,-0.0463220511338161,
212,10.6,0.003161187283694744,0.0005411505699157715,-0.003081347793340683,0.0004533841274678707,0.5739056468009949,0.0,1.0,1.0,-0.061612487785136505,-0.0061848486462755675,
213,10.65,0.006135718896985054,0.001471877098083496,-0.003735627979040146,0.004639580845832825,0.5060796141624451,0.0,1.0,1.0,-0.06043514003535577,0.023546954995614183,
214,10.7,0.004522320348769426,0.001051783561706543,-0.002539612352848053,0.0035910308361053467,0.6119471788406372,0.0,1.0,1.0,-0.05693312686203189,0.07004026346647549,
215,10.75,0.012048980221152306,0.0023179054260253906,-0.006848018616437912,-0.009638977237045765,-0.24763941764831543,0.0,1.0,1.0,-0.057422248378111274,-0.009782430321582117,
216,10.8,0.005143268499523401,0.0012215375900268555,-0.0034198537468910217,0.003642205148935318,0.5409073233604431,0.0,1.0,1.0,-0.05600671625714426,0.02831064241933741,
217,10.85,0.014937826432287693,0.002235591411590576,-0.006151318550109863,-0.01342765986919403,-0.396837055683136,0.0,1.0,1.0,-0.05966661623968639,-0.07319799965083869,
218,10.9,0.006819981150329113,0.00045925378799438477,0.00017686933279037476,-0.006802201271057129,1.1978627443313599,0.0,1.0,1.0,-0.05657871606560905,0.06175800348154235,
219,10.95,0.006141213700175285,0.0010843276977539062,-0.0024097077548503876,0.005543649196624756,0.6406158208847046,0.0,1.0,1.0,-0.05080676728715128,0.11543897556915252,
220,11.0,0.014200196601450443,0.003292679786682129,-0.004156433045864105,0.013172999024391174,0.4589085578918457,0.0,1.0,1.0,-0.04349743852286769,0.14618657528567836,
221,11.05,0.02080816961824894,0.0036031603813171387,-0.005295902490615845,0.01979774236679077,0.23613004386425018,0.0,1.0,1.0,-0.03604777409552584,0.1489932885468331,
222,11.1,0.011230993084609509,0.0013995170593261719,-0.0092008076608181,-0.006286628544330597,-0.26957231760025024,0.0,1.0,1.0,-0.03197140083533734,0.08152746520377108,
223,11.15,0.014072789810597897,0.0012980103492736816,-0.007052019238471985,-0.01210898905992508,-0.3440116047859192,0.0,1.0,1.0,-0.031673838050432224,0.005951255698106103,
224,11.2,0.015130757354199886,0.00294339656829834,-0.004439365118741989,-0.014162212610244751,-0.3536512851715088,0.0,1.0,1.0,-0.03521623023986331,-0.07084784378862909,
225,11.25,0.00980378407984972,0.0072135329246521,-0.004225581884384155,0.005120895802974701,0.14349423348903656,0.0,1.0,1.0,-0.03900275140026599,-0.07573042320805072,
226,11.3,0.0044280835427343845,-0.0007332563400268555,-0.0019731707870960236,-0.003895748406648636,0.7019321322441101,0.0,1.0,1.0,-0.03898701410134109,0.0003147459784949569,
227,11.35,0.014664786867797375,0.002157866954803467,-0.004426605999469757,-0.013813208788633347,-0.30740243196487427,0.0,1.0,1.0,-0.04273843772556862,-0.07502847248455075,
228,11.4,0.0054692900739610195,0.0011019110679626465,-4.8823654651641846e-05,-0.005356915295124054,1.2188256978988647,0.0,1.0,1.0,-0.038950872467084174,0.07575130516969081,
229,11.45,0.015496286563575268,0.006476402282714844,-0.007573187351226807,0.011867515742778778,0.09238123148679733,0.0,1.0,1.0,-0.0359307363921495,0.06040272149869618,
230,11.5,0.00431358627974987,0.0008283853530883789,-0.002027420327067375,0.0037162303924560547,0.6733131408691406,0.0,1.0,1.0,-0.029207864473985268,0.13445743836328525,
231,11.55,0.020083222538232803,0.0037847161293029785,-0.005564024671912193,0.01892229914665222,0.2336427867412567,0.0,1.0,1.0,-0.021827810921621005,0.14760107104728035,
232,11.6,0.01637228950858116,0.0070168375968933105,-0.00872412696480751,-0.011945939622819424,-0.9296373128890991,0.0,1.0,1.0,-0.022238514829429068,-0.008214078156155824,
233,11.65,0.009875554591417313,0.007168233394622803,-0.0066348593682050705,0.0014565922319889069,0.025982016697525978,0.0,1.0,1.0,-0.02328822917707818,-0.020994286952985917,
234,11.7,0.009839891456067562,0.0018262267112731934,-0.005279431119561195,0.008100368082523346,0.3982412815093994,0.0,1.0,1.0,-0.022224363571088812,0.021277312119791305,
235,11.75,0.013662896119058132,0.0022982358932495117,-0.004933508113026619,-0.01253209263086319,-0.3162981867790222,0.0,1.0,1.0,-0.024366079394617213,-0.042834316470567846,
236,11.8,0.011857704259455204,0.0037826895713806152,-0.0031596310436725616,-0.010784856975078583,-0.32967323064804077,0.0,1.0,1.0,-0.0298939820137174,-0.11055805238200665,
237,11.85,0.013090193271636963,0.00776982307434082,-0.002373095601797104,-0.010264083743095398,-0.27183598279953003,0.0,1.0,1.0,-0.03858151186952741,-0.17375059711620278,
238,11.9,0.016035253182053566,-0.003086090087890625,6.290897727012634e-05,-0.015735357999801636,0.8880799412727356,0.0,1.0,1.0,-0.042054889802002116,-0.06946755864949455,
239,11.95,0.009968573227524757,0.0073168277740478516,-0.004119008779525757,0.005373105406761169,0.15890677273273468,0.0,1.0,1.0,-0.04591306044255683,-0.07716341281108734,
